2026-04-25 19:42:52,796 | INFO | __main__ | Bot is starting...
2026-04-25 19:42:53,400 | INFO | aiogram.dispatcher | Start polling
2026-04-25 19:42:53,438 | INFO | aiogram.dispatcher | Run polling for bot @WaifuHaremChatBot id=8508853940 - '𝑾𝒂𝒊𝒇𝒖 𝑯𝒂𝒓𝒆𝒎 𝑩𝒐𝒕'
2026-04-25 19:43:03,013 | INFO | aiogram.event | Update id=90778576 is handled. Duration 218 ms by bot id=8508853940
2026-04-25 19:43:15,680 | INFO | aiogram.event | Update id=90778577 is handled. Duration 8 ms by bot id=8508853940
2026-04-25 19:43:22,022 | INFO | aiogram.event | Update id=90778578 is handled. Duration 0 ms by bot id=8508853940
2026-04-25 19:43:30,366 | INFO | aiogram.event | Update id=90778579 is handled. Duration 1 ms by bot id=8508853940
2026-04-25 19:43:36,738 | INFO | aiogram.event | Update id=90778580 is handled. Duration 0 ms by bot id=8508853940
2026-04-25 19:43:37,385 | INFO | aiogram.event | Update id=90778581 is handled. Duration 0 ms by bot id=8508853940
2026-04-25 19:43:37,908 | INFO | aiogram.event | Update id=90778582 is handled. Duration 0 ms by bot id=8508853940
2026-04-25 19:43:38,410 | INFO | aiogram.event | Update id=90778583 is handled. Duration 0 ms by bot id=8508853940
2026-04-25 19:43:39,533 | INFO | aiogram.event | Update id=90778584 is handled. Duration 0 ms by bot id=8508853940
2026-04-25 19:43:40,209 | INFO | aiogram.event | Update id=90778585 is handled. Duration 0 ms by bot id=8508853940
2026-04-25 19:43:41,998 | INFO | aiogram.event | Update id=90778586 is handled. Duration 0 ms by bot id=8508853940
2026-04-25 19:43:42,566 | INFO | aiogram.event | Update id=90778587 is handled. Duration 0 ms by bot id=8508853940
2026-04-25 19:43:43,460 | INFO | aiogram.event | Update id=90778588 is handled. Duration 0 ms by bot id=8508853940
2026-04-25 19:43:44,248 | INFO | aiogram.event | Update id=90778589 is handled. Duration 0 ms by bot id=8508853940
2026-04-25 19:43:46,567 | INFO | aiogram.event | Update id=90778590 is handled. Duration 0 ms by bot id=8508853940
2026-04-25 19:43:52,798 | INFO | aiogram.event | Update id=90778591 is handled. Duration 78 ms by bot id=8508853940
2026-04-25 19:44:11,060 | INFO | aiogram.event | Update id=90778592 is handled. Duration 138 ms by bot id=8508853940
2026-04-25 19:44:14,632 | INFO | aiogram.event | Update id=90778593 is handled. Duration 89 ms by bot id=8508853940
2026-04-25 19:44:16,816 | INFO | aiogram.event | Update id=90778594 is handled. Duration 108 ms by bot id=8508853940
2026-04-25 19:44:23,756 | INFO | aiogram.event | Update id=90778595 is handled. Duration 96 ms by bot id=8508853940
2026-04-25 19:44:29,401 | INFO | aiogram.event | Update id=90778596 is handled. Duration 73 ms by bot id=8508853940
2026-04-25 19:44:35,213 | INFO | aiogram.event | Update id=90778597 is handled. Duration 1161 ms by bot id=8508853940
2026-04-25 19:44:37,886 | INFO | aiogram.event | Update id=90778598 is handled. Duration 115 ms by bot id=8508853940
2026-04-25 19:44:40,829 | INFO | aiogram.event | Update id=90778599 is handled. Duration 0 ms by bot id=8508853940
2026-04-25 19:44:41,331 | INFO | aiogram.event | Update id=90778600 is handled. Duration 0 ms by bot id=8508853940
2026-04-25 19:44:42,123 | INFO | aiogram.event | Update id=90778601 is handled. Duration 0 ms by bot id=8508853940
2026-04-25 19:44:44,726 | INFO | aiogram.event | Update id=90778602 is handled. Duration 0 ms by bot id=8508853940
2026-04-25 19:44:45,303 | INFO | aiogram.event | Update id=90778603 is handled. Duration 0 ms by bot id=8508853940
2026-04-25 19:44:45,808 | INFO | aiogram.event | Update id=90778604 is handled. Duration 0 ms by bot id=8508853940
2026-04-25 19:44:46,817 | INFO | aiogram.event | Update id=90778605 is handled. Duration 0 ms by bot id=8508853940
2026-04-25 19:44:47,748 | INFO | aiogram.event | Update id=90778606 is handled. Duration 0 ms by bot id=8508853940
2026-04-25 19:44:48,239 | INFO | aiogram.event | Update id=90778607 is handled. Duration 0 ms by bot id=8508853940
2026-04-25 19:44:49,222 | INFO | aiogram.event | Update id=90778608 is handled. Duration 0 ms by bot id=8508853940
2026-04-25 19:44:49,795 | INFO | aiogram.event | Update id=90778609 is handled. Duration 0 ms by bot id=8508853940
2026-04-25 19:44:50,810 | INFO | aiogram.event | Update id=90778610 is handled. Duration 0 ms by bot id=8508853940
2026-04-25 19:44:51,321 | INFO | aiogram.event | Update id=90778611 is handled. Duration 0 ms by bot id=8508853940
2026-04-25 19:44:52,390 | INFO | aiogram.event | Update id=90778612 is handled. Duration 0 ms by bot id=8508853940
2026-04-25 19:44:52,948 | INFO | aiogram.event | Update id=90778613 is handled. Duration 0 ms by bot id=8508853940
2026-04-25 19:44:53,478 | INFO | aiogram.event | Update id=90778614 is handled. Duration 0 ms by bot id=8508853940
2026-04-25 19:44:53,948 | INFO | aiogram.event | Update id=90778615 is handled. Duration 0 ms by bot id=8508853940
2026-04-25 19:44:54,922 | INFO | aiogram.event | Update id=90778616 is handled. Duration 0 ms by bot id=8508853940
2026-04-25 19:44:55,984 | INFO | aiogram.event | Update id=90778617 is handled. Duration 0 ms by bot id=8508853940
2026-04-25 19:44:56,641 | INFO | aiogram.event | Update id=90778618 is handled. Duration 0 ms by bot id=8508853940
2026-04-25 19:44:57,140 | INFO | aiogram.event | Update id=90778619 is handled. Duration 0 ms by bot id=8508853940
2026-04-25 19:44:58,211 | INFO | aiogram.event | Update id=90778620 is handled. Duration 0 ms by bot id=8508853940
2026-04-25 19:45:00,586 | INFO | aiogram.event | Update id=90778621 is handled. Duration 0 ms by bot id=8508853940
2026-04-25 19:45:01,077 | INFO | aiogram.event | Update id=90778622 is handled. Duration 0 ms by bot id=8508853940
2026-04-25 19:45:02,150 | INFO | aiogram.event | Update id=90778623 is handled. Duration 0 ms by bot id=8508853940
2026-04-25 19:45:02,668 | INFO | aiogram.event | Update id=90778624 is handled. Duration 0 ms by bot id=8508853940
2026-04-25 19:45:03,872 | INFO | aiogram.event | Update id=90778625 is handled. Duration 0 ms by bot id=8508853940
2026-04-25 19:45:04,301 | INFO | aiogram.event | Update id=90778626 is handled. Duration 0 ms by bot id=8508853940
2026-04-25 19:45:05,360 | INFO | aiogram.event | Update id=90778627 is handled. Duration 0 ms by bot id=8508853940
2026-04-25 19:45:06,267 | INFO | aiogram.event | Update id=90778628 is handled. Duration 0 ms by bot id=8508853940
2026-04-25 19:45:07,640 | INFO | aiogram.event | Update id=90778629 is handled. Duration 0 ms by bot id=8508853940
2026-04-25 19:45:08,189 | INFO | aiogram.event | Update id=90778630 is handled. Duration 0 ms by bot id=8508853940
2026-04-25 19:45:09,309 | INFO | aiogram.event | Update id=90778631 is handled. Duration 0 ms by bot id=8508853940
2026-04-25 19:45:10,390 | INFO | aiogram.event | Update id=90778632 is handled. Duration 0 ms by bot id=8508853940
2026-04-25 19:45:11,479 | INFO | aiogram.event | Update id=90778633 is handled. Duration 0 ms by bot id=8508853940
2026-04-25 19:45:12,013 | INFO | aiogram.event | Update id=90778634 is handled. Duration 0 ms by bot id=8508853940
2026-04-25 19:45:13,315 | INFO | aiogram.event | Update id=90778635 is handled. Duration 0 ms by bot id=8508853940
2026-04-25 19:45:13,769 | INFO | aiogram.event | Update id=90778636 is handled. Duration 0 ms by bot id=8508853940
2026-04-25 19:45:14,238 | INFO | aiogram.event | Update id=90778637 is handled. Duration 0 ms by bot id=8508853940
2026-04-25 19:45:14,693 | INFO | aiogram.event | Update id=90778638 is handled. Duration 0 ms by bot id=8508853940
2026-04-25 19:45:15,481 | INFO | aiogram.event | Update id=90778639 is handled. Duration 0 ms by bot id=8508853940
2026-04-25 19:45:15,870 | INFO | aiogram.event | Update id=90778640 is handled. Duration 0 ms by bot id=8508853940
2026-04-25 19:45:16,690 | INFO | aiogram.event | Update id=90778641 is handled. Duration 0 ms by bot id=8508853940
2026-04-25 19:45:17,164 | INFO | aiogram.event | Update id=90778642 is handled. Duration 0 ms by bot id=8508853940
2026-04-25 19:45:18,111 | INFO | aiogram.event | Update id=90778643 is handled. Duration 0 ms by bot id=8508853940
2026-04-25 19:45:19,948 | INFO | aiogram.event | Update id=90778644 is handled. Duration 0 ms by bot id=8508853940
2026-04-25 19:45:20,243 | INFO | aiogram.event | Update id=90778645 is handled. Duration 0 ms by bot id=8508853940
2026-04-25 19:45:21,091 | INFO | aiogram.event | Update id=90778646 is handled. Duration 0 ms by bot id=8508853940
2026-04-25 19:45:22,154 | INFO | aiogram.event | Update id=90778647 is handled. Duration 0 ms by bot id=8508853940
2026-04-25 19:45:22,886 | INFO | aiogram.event | Update id=90778648 is handled. Duration 0 ms by bot id=8508853940
2026-04-25 19:45:23,604 | INFO | aiogram.event | Update id=90778649 is handled. Duration 0 ms by bot id=8508853940
2026-04-25 19:45:24,053 | INFO | aiogram.event | Update id=90778650 is handled. Duration 0 ms by bot id=8508853940
2026-04-25 19:45:24,885 | INFO | aiogram.event | Update id=90778651 is handled. Duration 0 ms by bot id=8508853940
2026-04-25 19:45:25,437 | INFO | aiogram.event | Update id=90778652 is handled. Duration 0 ms by bot id=8508853940
2026-04-25 19:45:26,451 | INFO | aiogram.event | Update id=90778653 is handled. Duration 0 ms by bot id=8508853940
2026-04-25 19:45:27,215 | INFO | aiogram.event | Update id=90778654 is handled. Duration 0 ms by bot id=8508853940
2026-04-25 19:45:28,196 | INFO | aiogram.event | Update id=90778655 is handled. Duration 0 ms by bot id=8508853940
2026-04-25 19:45:29,038 | INFO | aiogram.event | Update id=90778656 is handled. Duration 0 ms by bot id=8508853940
2026-04-25 19:45:29,481 | INFO | aiogram.event | Update id=90778657 is handled. Duration 0 ms by bot id=8508853940
2026-04-25 19:45:30,466 | INFO | aiogram.event | Update id=90778658 is handled. Duration 0 ms by bot id=8508853940
2026-04-25 19:45:31,331 | INFO | aiogram.event | Update id=90778659 is handled. Duration 0 ms by bot id=8508853940
2026-04-25 19:45:32,308 | INFO | aiogram.event | Update id=90778660 is handled. Duration 0 ms by bot id=8508853940
2026-04-25 19:45:32,624 | INFO | aiogram.event | Update id=90778661 is handled. Duration 0 ms by bot id=8508853940
2026-04-25 19:45:33,439 | INFO | aiogram.event | Update id=90778662 is handled. Duration 0 ms by bot id=8508853940
2026-04-25 19:45:34,341 | INFO | aiogram.event | Update id=90778663 is handled. Duration 0 ms by bot id=8508853940
2026-04-25 19:45:35,987 | INFO | aiogram.event | Update id=90778664 is handled. Duration 0 ms by bot id=8508853940
2026-04-25 19:45:37,406 | INFO | aiogram.event | Update id=90778665 is handled. Duration 0 ms by bot id=8508853940
2026-04-25 19:45:37,857 | INFO | aiogram.event | Update id=90778666 is handled. Duration 0 ms by bot id=8508853940
2026-04-25 19:45:39,144 | INFO | aiogram.event | Update id=90778667 is handled. Duration 0 ms by bot id=8508853940
2026-04-25 19:45:48,182 | INFO | aiogram.event | Update id=90778668 is handled. Duration 0 ms by bot id=8508853940
2026-04-25 19:45:48,760 | INFO | aiogram.event | Update id=90778669 is handled. Duration 0 ms by bot id=8508853940
2026-04-25 19:45:49,290 | INFO | aiogram.event | Update id=90778670 is handled. Duration 0 ms by bot id=8508853940
2026-04-25 19:45:49,930 | INFO | aiogram.event | Update id=90778671 is handled. Duration 0 ms by bot id=8508853940
2026-04-25 19:45:50,271 | INFO | aiogram.event | Update id=90778672 is handled. Duration 0 ms by bot id=8508853940
2026-04-25 19:45:51,098 | INFO | aiogram.event | Update id=90778673 is handled. Duration 0 ms by bot id=8508853940
2026-04-25 19:45:52,013 | INFO | aiogram.event | Update id=90778674 is handled. Duration 0 ms by bot id=8508853940
2026-04-25 19:45:52,503 | INFO | aiogram.event | Update id=90778675 is handled. Duration 0 ms by bot id=8508853940
2026-04-25 19:45:53,327 | INFO | aiogram.event | Update id=90778676 is handled. Duration 0 ms by bot id=8508853940
2026-04-25 19:45:53,894 | INFO | aiogram.event | Update id=90778677 is handled. Duration 0 ms by bot id=8508853940
2026-04-25 19:45:54,675 | INFO | aiogram.event | Update id=90778678 is handled. Duration 0 ms by bot id=8508853940
2026-04-25 19:45:55,562 | INFO | aiogram.event | Update id=90778679 is handled. Duration 0 ms by bot id=8508853940
2026-04-25 19:45:55,960 | INFO | aiogram.event | Update id=90778680 is handled. Duration 0 ms by bot id=8508853940
2026-04-25 19:45:57,798 | INFO | aiogram.event | Update id=90778681 is handled. Duration 0 ms by bot id=8508853940
2026-04-25 19:45:58,815 | INFO | aiogram.event | Update id=90778682 is handled. Duration 0 ms by bot id=8508853940
2026-04-25 19:45:59,942 | INFO | aiogram.event | Update id=90778683 is handled. Duration 0 ms by bot id=8508853940
2026-04-25 19:46:00,947 | INFO | aiogram.event | Update id=90778684 is handled. Duration 0 ms by bot id=8508853940
2026-04-25 19:46:01,530 | INFO | aiogram.event | Update id=90778685 is handled. Duration 0 ms by bot id=8508853940
2026-04-25 19:46:02,100 | INFO | aiogram.event | Update id=90778686 is handled. Duration 0 ms by bot id=8508853940
2026-04-25 19:46:03,194 | INFO | aiogram.event | Update id=90778687 is handled. Duration 0 ms by bot id=8508853940
2026-04-25 19:46:04,193 | INFO | aiogram.event | Update id=90778688 is handled. Duration 0 ms by bot id=8508853940
2026-04-25 19:46:05,444 | INFO | aiogram.event | Update id=90778689 is handled. Duration 0 ms by bot id=8508853940
2026-04-25 19:46:06,646 | INFO | aiogram.event | Update id=90778690 is handled. Duration 0 ms by bot id=8508853940
2026-04-25 19:46:07,815 | INFO | aiogram.event | Update id=90778691 is handled. Duration 0 ms by bot id=8508853940
2026-04-25 19:46:08,340 | INFO | aiogram.event | Update id=90778692 is handled. Duration 0 ms by bot id=8508853940
2026-04-25 19:46:09,421 | INFO | aiogram.event | Update id=90778693 is handled. Duration 0 ms by bot id=8508853940
2026-04-25 19:46:10,530 | INFO | aiogram.event | Update id=90778694 is handled. Duration 0 ms by bot id=8508853940
2026-04-25 19:46:11,767 | INFO | aiogram.event | Update id=90778695 is handled. Duration 0 ms by bot id=8508853940
2026-04-25 19:46:12,348 | INFO | aiogram.event | Update id=90778696 is handled. Duration 0 ms by bot id=8508853940
2026-04-25 19:46:13,785 | INFO | aiogram.event | Update id=90778697 is handled. Duration 0 ms by bot id=8508853940
2026-04-25 19:46:14,323 | INFO | aiogram.event | Update id=90778698 is handled. Duration 0 ms by bot id=8508853940
2026-04-25 19:46:15,393 | INFO | aiogram.event | Update id=90778699 is handled. Duration 0 ms by bot id=8508853940
2026-04-25 19:46:16,370 | INFO | aiogram.event | Update id=90778700 is handled. Duration 0 ms by bot id=8508853940
2026-04-25 19:46:17,516 | INFO | aiogram.event | Update id=90778701 is handled. Duration 0 ms by bot id=8508853940
2026-04-25 19:46:18,087 | INFO | aiogram.event | Update id=90778702 is handled. Duration 0 ms by bot id=8508853940
2026-04-25 19:46:18,588 | INFO | aiogram.event | Update id=90778703 is handled. Duration 0 ms by bot id=8508853940
2026-04-25 19:46:19,844 | INFO | aiogram.event | Update id=90778704 is handled. Duration 0 ms by bot id=8508853940
2026-04-25 19:46:20,865 | INFO | aiogram.event | Update id=90778705 is handled. Duration 0 ms by bot id=8508853940
2026-04-25 19:46:22,157 | INFO | aiogram.event | Update id=90778706 is handled. Duration 0 ms by bot id=8508853940
2026-04-25 19:46:23,304 | INFO | aiogram.event | Update id=90778707 is handled. Duration 0 ms by bot id=8508853940
2026-04-25 19:46:24,334 | INFO | aiogram.event | Update id=90778708 is handled. Duration 0 ms by bot id=8508853940
2026-04-25 19:46:25,451 | INFO | aiogram.event | Update id=90778709 is handled. Duration 0 ms by bot id=8508853940
2026-04-25 19:46:25,996 | INFO | aiogram.event | Update id=90778710 is handled. Duration 0 ms by bot id=8508853940
2026-04-25 19:46:27,418 | INFO | aiogram.event | Update id=90778711 is handled. Duration 0 ms by bot id=8508853940
2026-04-25 19:46:28,477 | INFO | aiogram.event | Update id=90778712 is handled. Duration 0 ms by bot id=8508853940
2026-04-25 19:46:29,049 | INFO | aiogram.event | Update id=90778713 is handled. Duration 0 ms by bot id=8508853940
2026-04-25 19:46:30,173 | INFO | aiogram.event | Update id=90778714 is handled. Duration 0 ms by bot id=8508853940
2026-04-25 19:46:31,516 | INFO | aiogram.event | Update id=90778715 is handled. Duration 0 ms by bot id=8508853940
2026-04-25 19:46:32,213 | INFO | aiogram.event | Update id=90778716 is handled. Duration 0 ms by bot id=8508853940
2026-04-25 19:46:32,732 | INFO | aiogram.event | Update id=90778717 is handled. Duration 0 ms by bot id=8508853940
2026-04-25 19:46:33,297 | INFO | aiogram.event | Update id=90778718 is handled. Duration 0 ms by bot id=8508853940
2026-04-25 19:46:33,686 | INFO | aiogram.event | Update id=90778719 is handled. Duration 0 ms by bot id=8508853940
2026-04-25 19:46:33,896 | INFO | aiogram.event | Update id=90778720 is handled. Duration 0 ms by bot id=8508853940
2026-04-25 19:46:34,447 | INFO | aiogram.event | Update id=90778721 is handled. Duration 0 ms by bot id=8508853940
2026-04-25 19:46:35,093 | INFO | aiogram.event | Update id=90778722 is handled. Duration 0 ms by bot id=8508853940
2026-04-25 19:46:36,818 | INFO | aiogram.event | Update id=90778723 is handled. Duration 0 ms by bot id=8508853940
2026-04-25 19:46:48,738 | INFO | aiogram.event | Update id=90778724 is handled. Duration 0 ms by bot id=8508853940
2026-04-25 19:46:49,226 | INFO | aiogram.event | Update id=90778725 is handled. Duration 0 ms by bot id=8508853940
2026-04-25 19:46:49,781 | INFO | aiogram.event | Update id=90778726 is handled. Duration 0 ms by bot id=8508853940
2026-04-25 19:46:50,371 | INFO | aiogram.event | Update id=90778727 is handled. Duration 0 ms by bot id=8508853940
2026-04-25 19:46:51,241 | INFO | aiogram.event | Update id=90778728 is handled. Duration 0 ms by bot id=8508853940
2026-04-25 19:46:52,053 | INFO | aiogram.event | Update id=90778729 is handled. Duration 0 ms by bot id=8508853940
2026-04-25 19:46:53,883 | INFO | aiogram.event | Update id=90778730 is handled. Duration 0 ms by bot id=8508853940
2026-04-25 19:46:54,984 | INFO | aiogram.event | Update id=90778731 is handled. Duration 0 ms by bot id=8508853940
2026-04-25 19:46:55,699 | INFO | aiogram.event | Update id=90778732 is handled. Duration 0 ms by bot id=8508853940
2026-04-25 19:46:56,178 | INFO | aiogram.event | Update id=90778733 is handled. Duration 0 ms by bot id=8508853940
2026-04-25 19:46:57,076 | INFO | aiogram.event | Update id=90778734 is handled. Duration 0 ms by bot id=8508853940
2026-04-25 19:46:57,816 | INFO | aiogram.event | Update id=90778735 is handled. Duration 0 ms by bot id=8508853940
2026-04-25 19:46:58,273 | INFO | aiogram.event | Update id=90778736 is handled. Duration 0 ms by bot id=8508853940
2026-04-25 19:46:59,160 | INFO | aiogram.event | Update id=90778737 is handled. Duration 0 ms by bot id=8508853940
2026-04-25 19:46:59,595 | INFO | aiogram.event | Update id=90778738 is handled. Duration 0 ms by bot id=8508853940
2026-04-25 19:47:00,481 | INFO | aiogram.event | Update id=90778739 is handled. Duration 0 ms by bot id=8508853940
2026-04-25 19:47:01,484 | INFO | aiogram.event | Update id=90778740 is handled. Duration 0 ms by bot id=8508853940
2026-04-25 19:47:02,424 | INFO | aiogram.event | Update id=90778741 is handled. Duration 0 ms by bot id=8508853940
2026-04-25 19:47:03,351 | INFO | aiogram.event | Update id=90778742 is handled. Duration 0 ms by bot id=8508853940
2026-04-25 19:47:04,387 | INFO | aiogram.event | Update id=90778743 is handled. Duration 0 ms by bot id=8508853940
2026-04-25 19:47:05,430 | INFO | aiogram.event | Update id=90778744 is handled. Duration 0 ms by bot id=8508853940
2026-04-25 19:47:06,090 | INFO | aiogram.event | Update id=90778745 is handled. Duration 0 ms by bot id=8508853940
2026-04-25 19:47:07,701 | INFO | aiogram.event | Update id=90778746 is handled. Duration 0 ms by bot id=8508853940
2026-04-25 19:47:08,339 | INFO | aiogram.event | Update id=90778747 is handled. Duration 0 ms by bot id=8508853940
2026-04-25 19:47:09,459 | INFO | aiogram.event | Update id=90778748 is handled. Duration 0 ms by bot id=8508853940
2026-04-25 19:47:09,930 | INFO | aiogram.event | Update id=90778749 is handled. Duration 0 ms by bot id=8508853940
2026-04-25 19:47:10,424 | INFO | aiogram.event | Update id=90778750 is handled. Duration 0 ms by bot id=8508853940
2026-04-25 19:47:11,441 | INFO | aiogram.event | Update id=90778751 is handled. Duration 0 ms by bot id=8508853940
2026-04-25 19:47:12,767 | INFO | aiogram.event | Update id=90778752 is handled. Duration 139 ms by bot id=8508853940
2026-04-25 19:47:14,922 | INFO | aiogram.event | Update id=90778753 is handled. Duration 0 ms by bot id=8508853940
2026-04-25 19:47:25,682 | INFO | aiogram.event | Update id=90778754 is handled. Duration 171 ms by bot id=8508853940
2026-04-25 19:47:35,379 | INFO | aiogram.dispatcher | Polling stopped
2026-04-25 19:47:35,379 | ERROR | aiogram.dispatcher | Failed to fetch updates - TelegramNetworkError: HTTP Client says - ServerDisconnectedError: Server disconnected
2026-04-25 19:47:35,379 | WARNING | aiogram.dispatcher | Sleep for 1.000000 seconds and try again... (tryings = 0, bot id = 8508853940)
2026-04-25 19:47:35,636 | INFO | aiogram.dispatcher | Polling stopped for bot @WaifuHaremChatBot id=8508853940 - '𝑾𝒂𝒊𝒇𝒖 𝑯𝒂𝒓𝒆𝒎 𝑩𝒐𝒕'
2026-04-25 19:49:02,865 | INFO | __main__ | Bot is starting...
2026-04-25 19:49:03,455 | ERROR | __main__ | Fatal error in bot main loop
Traceback (most recent call last):
  File "C:\Users\borod\OneDrive\Desktop\waifu_bot\app\main.py", line 42, in main
    dp.include_router(chat_categories_router)
                      ^^^^^^^^^^^^^^^^^^^^^^
NameError: name 'chat_categories_router' is not defined. Did you mean: 'chat_language_router'?
2026-04-25 19:49:03,540 | ERROR | asyncio | Unclosed client session
client_session: <aiohttp.client.ClientSession object at 0x000002A4B630F0E0>
2026-04-25 19:49:03,541 | ERROR | asyncio | Unclosed connector
connections: ['deque([(<aiohttp.client_proto.ResponseHandler object at 0x000002A4B63AA090>, 2522.320924)])']
connector: <aiohttp.connector.TCPConnector object at 0x000002A4B630F620>
2026-04-25 20:08:45,992 | INFO | __main__ | Bot is starting...
2026-04-25 20:08:46,594 | INFO | aiogram.dispatcher | Start polling
2026-04-25 20:08:46,632 | INFO | aiogram.dispatcher | Run polling for bot @WaifuHaremChatBot id=8508853940 - '𝑾𝒂𝒊𝒇𝒖 𝑯𝒂𝒓𝒆𝒎 𝑩𝒐𝒕'
2026-04-25 20:08:56,999 | INFO | aiogram.event | Update id=90778755 is handled. Duration 143 ms by bot id=8508853940
2026-04-25 20:09:12,711 | INFO | aiogram.event | Update id=90778756 is handled. Duration 73 ms by bot id=8508853940
2026-04-25 20:09:14,601 | INFO | aiogram.event | Update id=90778757 is handled. Duration 236 ms by bot id=8508853940
2026-04-25 20:09:16,483 | INFO | aiogram.event | Update id=90778758 is handled. Duration 86 ms by bot id=8508853940
2026-04-25 20:09:17,731 | INFO | aiogram.event | Update id=90778759 is handled. Duration 142 ms by bot id=8508853940
2026-04-25 20:09:19,493 | INFO | aiogram.event | Update id=90778760 is handled. Duration 111 ms by bot id=8508853940
2026-04-25 20:09:32,788 | INFO | aiogram.event | Update id=90778761 is handled. Duration 108 ms by bot id=8508853940
2026-04-25 20:09:35,786 | INFO | aiogram.event | Update id=90778762 is handled. Duration 109 ms by bot id=8508853940
2026-04-25 20:09:44,782 | INFO | aiogram.event | Update id=90778763 is handled. Duration 165 ms by bot id=8508853940
2026-04-25 20:09:48,409 | INFO | aiogram.event | Update id=90778764 is handled. Duration 162 ms by bot id=8508853940
2026-04-25 20:09:52,572 | INFO | aiogram.event | Update id=90778765 is handled. Duration 96 ms by bot id=8508853940
2026-04-25 20:09:55,180 | INFO | aiogram.event | Update id=90778766 is handled. Duration 171 ms by bot id=8508853940
2026-04-25 20:09:58,833 | INFO | aiogram.event | Update id=90778767 is handled. Duration 67 ms by bot id=8508853940
2026-04-25 20:10:27,754 | INFO | aiogram.event | Update id=90778768 is handled. Duration 76 ms by bot id=8508853940
2026-04-25 20:13:21,700 | INFO | aiogram.dispatcher | Polling stopped
2026-04-25 20:13:21,701 | ERROR | aiogram.dispatcher | Failed to fetch updates - TelegramNetworkError: HTTP Client says - ServerDisconnectedError: Server disconnected
2026-04-25 20:13:21,702 | WARNING | aiogram.dispatcher | Sleep for 1.000000 seconds and try again... (tryings = 0, bot id = 8508853940)
2026-04-25 20:13:21,955 | INFO | aiogram.dispatcher | Polling stopped for bot @WaifuHaremChatBot id=8508853940 - '𝑾𝒂𝒊𝒇𝒖 𝑯𝒂𝒓𝒆𝒎 𝑩𝒐𝒕'
2026-04-25 20:13:43,134 | INFO | __main__ | Bot is starting...
2026-04-25 20:13:43,718 | INFO | aiogram.dispatcher | Start polling
2026-04-25 20:13:43,753 | INFO | aiogram.dispatcher | Run polling for bot @WaifuHaremChatBot id=8508853940 - '𝑾𝒂𝒊𝒇𝒖 𝑯𝒂𝒓𝒆𝒎 𝑩𝒐𝒕'
2026-04-25 20:13:48,433 | INFO | aiogram.event | Update id=90778769 is handled. Duration 142 ms by bot id=8508853940
2026-04-25 20:13:52,068 | INFO | aiogram.event | Update id=90778770 is handled. Duration 105 ms by bot id=8508853940
2026-04-25 20:17:17,668 | INFO | aiogram.dispatcher | Polling stopped
2026-04-25 20:17:17,669 | ERROR | aiogram.dispatcher | Failed to fetch updates - TelegramNetworkError: HTTP Client says - ServerDisconnectedError: Server disconnected
2026-04-25 20:17:17,669 | WARNING | aiogram.dispatcher | Sleep for 1.000000 seconds and try again... (tryings = 0, bot id = 8508853940)
2026-04-25 20:17:17,921 | INFO | aiogram.dispatcher | Polling stopped for bot @WaifuHaremChatBot id=8508853940 - '𝑾𝒂𝒊𝒇𝒖 𝑯𝒂𝒓𝒆𝒎 𝑩𝒐𝒕'
2026-04-25 20:17:31,061 | INFO | __main__ | Bot is starting...
2026-04-25 20:17:31,689 | INFO | aiogram.dispatcher | Start polling
2026-04-25 20:17:31,728 | INFO | aiogram.dispatcher | Run polling for bot @WaifuHaremChatBot id=8508853940 - '𝑾𝒂𝒊𝒇𝒖 𝑯𝒂𝒓𝒆𝒎 𝑩𝒐𝒕'
2026-04-25 20:17:36,896 | INFO | aiogram.event | Update id=90778771 is handled. Duration 155 ms by bot id=8508853940
2026-04-25 20:17:38,881 | INFO | aiogram.event | Update id=90778772 is handled. Duration 105 ms by bot id=8508853940
2026-04-25 20:17:41,281 | INFO | aiogram.event | Update id=90778773 is handled. Duration 117 ms by bot id=8508853940
2026-04-25 20:17:45,236 | INFO | aiogram.event | Update id=90778774 is handled. Duration 116 ms by bot id=8508853940
2026-04-25 20:17:46,373 | INFO | aiogram.event | Update id=90778775 is handled. Duration 114 ms by bot id=8508853940
2026-04-25 20:17:55,625 | INFO | aiogram.event | Update id=90778776 is handled. Duration 80 ms by bot id=8508853940
2026-04-25 20:19:02,256 | INFO | aiogram.event | Update id=90778777 is handled. Duration 63 ms by bot id=8508853940
2026-04-25 20:22:56,766 | INFO | aiogram.dispatcher | Polling stopped
2026-04-25 20:22:56,767 | ERROR | aiogram.dispatcher | Failed to fetch updates - TelegramNetworkError: HTTP Client says - ServerDisconnectedError: Server disconnected
2026-04-25 20:22:56,767 | WARNING | aiogram.dispatcher | Sleep for 1.000000 seconds and try again... (tryings = 0, bot id = 8508853940)
2026-04-25 20:22:57,019 | INFO | aiogram.dispatcher | Polling stopped for bot @WaifuHaremChatBot id=8508853940 - '𝑾𝒂𝒊𝒇𝒖 𝑯𝒂𝒓𝒆𝒎 𝑩𝒐𝒕'
2026-04-26 08:08:01,372 | INFO | __main__ | Bot is starting...
2026-04-26 08:08:02,419 | INFO | aiogram.dispatcher | Start polling
2026-04-26 08:08:02,455 | INFO | aiogram.dispatcher | Run polling for bot @WaifuHaremChatBot id=8508853940 - '𝑾𝒂𝒊𝒇𝒖 𝑯𝒂𝒓𝒆𝒎 𝑩𝒐𝒕'
2026-04-26 08:08:11,272 | INFO | aiogram.event | Update id=90778778 is handled. Duration 255 ms by bot id=8508853940
2026-04-26 08:08:12,909 | INFO | aiogram.event | Update id=90778779 is handled. Duration 111 ms by bot id=8508853940
2026-04-26 08:08:14,351 | INFO | aiogram.event | Update id=90778780 is handled. Duration 124 ms by bot id=8508853940
2026-04-26 08:09:31,260 | INFO | aiogram.dispatcher | Polling stopped
2026-04-26 08:09:31,261 | ERROR | aiogram.dispatcher | Failed to fetch updates - TelegramNetworkError: HTTP Client says - ServerDisconnectedError: Server disconnected
2026-04-26 08:09:31,261 | WARNING | aiogram.dispatcher | Sleep for 1.000000 seconds and try again... (tryings = 0, bot id = 8508853940)
2026-04-26 08:09:31,527 | INFO | aiogram.dispatcher | Polling stopped for bot @WaifuHaremChatBot id=8508853940 - '𝑾𝒂𝒊𝒇𝒖 𝑯𝒂𝒓𝒆𝒎 𝑩𝒐𝒕'
2026-04-28 20:03:05,497 | INFO | __main__ | Bot is starting...
2026-04-28 20:03:06,411 | INFO | aiogram.dispatcher | Start polling
2026-04-28 20:03:06,445 | INFO | aiogram.dispatcher | Run polling for bot @WaifuHaremChatBot id=8508853940 - '𝑾𝒂𝒊𝒇𝒖 𝑯𝒂𝒓𝒆𝒎 𝑩𝒐𝒕'
2026-04-28 20:03:06,660 | INFO | aiogram.event | Update id=90778786 is handled. Duration 173 ms by bot id=8508853940
2026-04-28 20:03:06,678 | INFO | aiogram.event | Update id=90778785 is handled. Duration 193 ms by bot id=8508853940
2026-04-28 20:03:06,722 | INFO | aiogram.event | Update id=90778784 is handled. Duration 236 ms by bot id=8508853940
2026-04-28 20:03:06,755 | INFO | aiogram.event | Update id=90778783 is handled. Duration 270 ms by bot id=8508853940
2026-04-28 20:05:34,282 | INFO | aiogram.event | Update id=90778787 is handled. Duration 101 ms by bot id=8508853940
2026-04-28 20:05:36,347 | INFO | aiogram.event | Update id=90778788 is handled. Duration 90 ms by bot id=8508853940
2026-04-28 20:15:14,017 | INFO | aiogram.event | Update id=90778789 is handled. Duration 85 ms by bot id=8508853940
2026-04-28 20:15:15,933 | INFO | aiogram.event | Update id=90778790 is handled. Duration 89 ms by bot id=8508853940
2026-04-28 20:15:29,899 | INFO | aiogram.event | Update id=90778791 is handled. Duration 137 ms by bot id=8508853940
2026-04-28 20:17:34,645 | INFO | aiogram.dispatcher | Polling stopped
2026-04-28 20:17:34,646 | ERROR | aiogram.dispatcher | Failed to fetch updates - TelegramNetworkError: HTTP Client says - ServerDisconnectedError: Server disconnected
2026-04-28 20:17:34,646 | WARNING | aiogram.dispatcher | Sleep for 1.000000 seconds and try again... (tryings = 0, bot id = 8508853940)
2026-04-28 20:17:34,900 | INFO | aiogram.dispatcher | Polling stopped for bot @WaifuHaremChatBot id=8508853940 - '𝑾𝒂𝒊𝒇𝒖 𝑯𝒂𝒓𝒆𝒎 𝑩𝒐𝒕'
2026-04-28 20:17:49,122 | INFO | __main__ | Bot is starting...
2026-04-28 20:17:49,851 | INFO | aiogram.dispatcher | Start polling
2026-04-28 20:17:49,885 | INFO | aiogram.dispatcher | Run polling for bot @WaifuHaremChatBot id=8508853940 - '𝑾𝒂𝒊𝒇𝒖 𝑯𝒂𝒓𝒆𝒎 𝑩𝒐𝒕'
2026-04-28 20:19:07,122 | INFO | aiogram.event | Update id=90778792 is handled. Duration 161 ms by bot id=8508853940
2026-04-28 20:19:08,703 | INFO | aiogram.event | Update id=90778793 is handled. Duration 145 ms by bot id=8508853940
2026-04-28 20:19:12,926 | INFO | aiogram.event | Update id=90778794 is handled. Duration 4 ms by bot id=8508853940
2026-04-28 20:19:13,321 | INFO | aiogram.event | Update id=90778795 is handled. Duration 0 ms by bot id=8508853940
2026-04-28 20:19:13,727 | INFO | aiogram.event | Update id=90778796 is handled. Duration 0 ms by bot id=8508853940
2026-04-28 20:19:14,148 | INFO | aiogram.event | Update id=90778797 is handled. Duration 0 ms by bot id=8508853940
2026-04-28 20:19:14,335 | INFO | aiogram.event | Update id=90778798 is handled. Duration 0 ms by bot id=8508853940
2026-04-28 20:19:14,765 | INFO | aiogram.event | Update id=90778799 is handled. Duration 0 ms by bot id=8508853940
2026-04-28 20:19:15,068 | INFO | aiogram.event | Update id=90778800 is handled. Duration 0 ms by bot id=8508853940
2026-04-28 20:19:15,284 | INFO | aiogram.event | Update id=90778801 is handled. Duration 0 ms by bot id=8508853940
2026-04-28 20:19:15,590 | INFO | aiogram.event | Update id=90778802 is handled. Duration 0 ms by bot id=8508853940
2026-04-28 20:19:16,058 | INFO | aiogram.event | Update id=90778803 is handled. Duration 0 ms by bot id=8508853940
2026-04-28 20:19:16,306 | INFO | aiogram.event | Update id=90778804 is handled. Duration 0 ms by bot id=8508853940
2026-04-28 20:19:16,522 | INFO | aiogram.event | Update id=90778805 is handled. Duration 0 ms by bot id=8508853940
2026-04-28 20:19:17,009 | INFO | aiogram.event | Update id=90778806 is handled. Duration 0 ms by bot id=8508853940
2026-04-28 20:19:17,223 | INFO | aiogram.event | Update id=90778807 is handled. Duration 0 ms by bot id=8508853940
2026-04-28 20:19:17,437 | INFO | aiogram.event | Update id=90778808 is handled. Duration 0 ms by bot id=8508853940
2026-04-28 20:19:17,661 | INFO | aiogram.event | Update id=90778809 is handled. Duration 0 ms by bot id=8508853940
2026-04-28 20:19:17,875 | INFO | aiogram.event | Update id=90778810 is handled. Duration 0 ms by bot id=8508853940
2026-04-28 20:19:18,100 | INFO | aiogram.event | Update id=90778811 is handled. Duration 0 ms by bot id=8508853940
2026-04-28 20:19:18,313 | INFO | aiogram.event | Update id=90778812 is handled. Duration 0 ms by bot id=8508853940
2026-04-28 20:19:18,777 | INFO | aiogram.event | Update id=90778813 is handled. Duration 0 ms by bot id=8508853940
2026-04-28 20:19:19,036 | INFO | aiogram.event | Update id=90778814 is handled. Duration 0 ms by bot id=8508853940
2026-04-28 20:19:19,247 | INFO | aiogram.event | Update id=90778815 is handled. Duration 0 ms by bot id=8508853940
2026-04-28 20:19:19,842 | INFO | aiogram.event | Update id=90778816 is handled. Duration 0 ms by bot id=8508853940
2026-04-28 20:19:20,173 | INFO | aiogram.event | Update id=90778817 is handled. Duration 0 ms by bot id=8508853940
2026-04-28 20:19:20,437 | INFO | aiogram.event | Update id=90778818 is handled. Duration 0 ms by bot id=8508853940
2026-04-28 20:19:20,679 | INFO | aiogram.event | Update id=90778819 is handled. Duration 0 ms by bot id=8508853940
2026-04-28 20:19:20,905 | INFO | aiogram.event | Update id=90778820 is handled. Duration 0 ms by bot id=8508853940
2026-04-28 20:19:21,177 | INFO | aiogram.event | Update id=90778821 is handled. Duration 0 ms by bot id=8508853940
2026-04-28 20:19:21,371 | INFO | aiogram.event | Update id=90778822 is handled. Duration 0 ms by bot id=8508853940
2026-04-28 20:19:21,630 | INFO | aiogram.event | Update id=90778823 is handled. Duration 0 ms by bot id=8508853940
2026-04-28 20:19:22,089 | INFO | aiogram.event | Update id=90778824 is handled. Duration 0 ms by bot id=8508853940
2026-04-28 20:19:22,329 | INFO | aiogram.event | Update id=90778825 is handled. Duration 0 ms by bot id=8508853940
2026-04-28 20:19:22,542 | INFO | aiogram.event | Update id=90778826 is handled. Duration 0 ms by bot id=8508853940
2026-04-28 20:19:22,728 | INFO | aiogram.event | Update id=90778827 is handled. Duration 0 ms by bot id=8508853940
2026-04-28 20:19:22,925 | INFO | aiogram.event | Update id=90778828 is handled. Duration 0 ms by bot id=8508853940
2026-04-28 20:19:23,578 | INFO | aiogram.event | Update id=90778829 is handled. Duration 0 ms by bot id=8508853940
2026-04-28 20:19:23,847 | INFO | aiogram.event | Update id=90778830 is handled. Duration 0 ms by bot id=8508853940
2026-04-28 20:19:24,049 | INFO | aiogram.event | Update id=90778831 is handled. Duration 0 ms by bot id=8508853940
2026-04-28 20:19:24,314 | INFO | aiogram.event | Update id=90778832 is handled. Duration 0 ms by bot id=8508853940
2026-04-28 20:19:24,577 | INFO | aiogram.event | Update id=90778833 is handled. Duration 0 ms by bot id=8508853940
2026-04-28 20:19:24,787 | INFO | aiogram.event | Update id=90778834 is handled. Duration 0 ms by bot id=8508853940
2026-04-28 20:19:24,991 | INFO | aiogram.event | Update id=90778835 is handled. Duration 0 ms by bot id=8508853940
2026-04-28 20:19:25,558 | INFO | aiogram.event | Update id=90778836 is handled. Duration 0 ms by bot id=8508853940
2026-04-28 20:19:26,096 | INFO | aiogram.event | Update id=90778837 is handled. Duration 0 ms by bot id=8508853940
2026-04-28 20:19:26,283 | INFO | aiogram.event | Update id=90778838 is handled. Duration 0 ms by bot id=8508853940
2026-04-28 20:19:26,438 | INFO | aiogram.event | Update id=90778839 is handled. Duration 0 ms by bot id=8508853940
2026-04-28 20:19:26,740 | INFO | aiogram.event | Update id=90778840 is handled. Duration 0 ms by bot id=8508853940
2026-04-28 20:19:26,883 | INFO | aiogram.event | Update id=90778841 is handled. Duration 0 ms by bot id=8508853940
2026-04-28 20:19:27,123 | INFO | aiogram.event | Update id=90778842 is handled. Duration 0 ms by bot id=8508853940
2026-04-28 20:19:27,332 | INFO | aiogram.event | Update id=90778843 is handled. Duration 0 ms by bot id=8508853940
2026-04-28 20:19:27,579 | INFO | aiogram.event | Update id=90778844 is handled. Duration 0 ms by bot id=8508853940
2026-04-28 20:19:27,782 | INFO | aiogram.event | Update id=90778845 is handled. Duration 0 ms by bot id=8508853940
2026-04-28 20:19:28,252 | INFO | aiogram.event | Update id=90778846 is handled. Duration 0 ms by bot id=8508853940
2026-04-28 20:19:28,661 | INFO | aiogram.event | Update id=90778847 is handled. Duration 0 ms by bot id=8508853940
2026-04-28 20:19:28,916 | INFO | aiogram.event | Update id=90778848 is handled. Duration 0 ms by bot id=8508853940
2026-04-28 20:19:29,086 | INFO | aiogram.event | Update id=90778849 is handled. Duration 0 ms by bot id=8508853940
2026-04-28 20:19:29,333 | INFO | aiogram.event | Update id=90778850 is handled. Duration 0 ms by bot id=8508853940
2026-04-28 20:19:29,663 | INFO | aiogram.event | Update id=90778851 is handled. Duration 0 ms by bot id=8508853940
2026-04-28 20:19:29,825 | INFO | aiogram.event | Update id=90778852 is handled. Duration 0 ms by bot id=8508853940
2026-04-28 20:19:30,207 | INFO | aiogram.event | Update id=90778853 is handled. Duration 0 ms by bot id=8508853940
2026-04-28 20:19:30,459 | INFO | aiogram.event | Update id=90778854 is handled. Duration 0 ms by bot id=8508853940
2026-04-28 20:19:30,672 | INFO | aiogram.event | Update id=90778855 is handled. Duration 0 ms by bot id=8508853940
2026-04-28 20:19:30,868 | INFO | aiogram.event | Update id=90778856 is handled. Duration 0 ms by bot id=8508853940
2026-04-28 20:19:31,511 | INFO | aiogram.event | Update id=90778857 is handled. Duration 0 ms by bot id=8508853940
2026-04-28 20:19:31,726 | INFO | aiogram.event | Update id=90778858 is handled. Duration 0 ms by bot id=8508853940
2026-04-28 20:19:31,972 | INFO | aiogram.event | Update id=90778859 is handled. Duration 0 ms by bot id=8508853940
2026-04-28 20:19:32,203 | INFO | aiogram.event | Update id=90778860 is handled. Duration 0 ms by bot id=8508853940
2026-04-28 20:19:32,675 | INFO | aiogram.event | Update id=90778861 is handled. Duration 0 ms by bot id=8508853940
2026-04-28 20:19:32,890 | INFO | aiogram.event | Update id=90778862 is handled. Duration 0 ms by bot id=8508853940
2026-04-28 20:19:33,110 | INFO | aiogram.event | Update id=90778863 is handled. Duration 0 ms by bot id=8508853940
2026-04-28 20:19:33,341 | INFO | aiogram.event | Update id=90778864 is handled. Duration 0 ms by bot id=8508853940
2026-04-28 20:19:33,539 | INFO | aiogram.event | Update id=90778865 is handled. Duration 0 ms by bot id=8508853940
2026-04-28 20:19:33,738 | INFO | aiogram.event | Update id=90778866 is handled. Duration 0 ms by bot id=8508853940
2026-04-28 20:19:34,419 | INFO | aiogram.event | Update id=90778867 is handled. Duration 0 ms by bot id=8508853940
2026-04-28 20:19:34,700 | INFO | aiogram.event | Update id=90778868 is handled. Duration 0 ms by bot id=8508853940
2026-04-28 20:19:34,870 | INFO | aiogram.event | Update id=90778869 is handled. Duration 0 ms by bot id=8508853940
2026-04-28 20:19:35,111 | INFO | aiogram.event | Update id=90778870 is handled. Duration 0 ms by bot id=8508853940
2026-04-28 20:19:35,303 | INFO | aiogram.event | Update id=90778871 is handled. Duration 0 ms by bot id=8508853940
2026-04-28 20:19:35,766 | INFO | aiogram.event | Update id=90778872 is handled. Duration 0 ms by bot id=8508853940
2026-04-28 20:19:36,033 | INFO | aiogram.event | Update id=90778873 is handled. Duration 0 ms by bot id=8508853940
2026-04-28 20:19:36,550 | INFO | aiogram.event | Update id=90778874 is handled. Duration 0 ms by bot id=8508853940
2026-04-28 20:19:36,819 | INFO | aiogram.event | Update id=90778875 is handled. Duration 0 ms by bot id=8508853940
2026-04-28 20:19:36,969 | INFO | aiogram.event | Update id=90778876 is handled. Duration 0 ms by bot id=8508853940
2026-04-28 20:19:37,175 | INFO | aiogram.event | Update id=90778877 is handled. Duration 0 ms by bot id=8508853940
2026-04-28 20:19:37,646 | INFO | aiogram.event | Update id=90778878 is handled. Duration 0 ms by bot id=8508853940
2026-04-28 20:19:38,109 | INFO | aiogram.event | Update id=90778879 is handled. Duration 0 ms by bot id=8508853940
2026-04-28 20:19:38,299 | INFO | aiogram.event | Update id=90778880 is handled. Duration 0 ms by bot id=8508853940
2026-04-28 20:19:38,523 | INFO | aiogram.event | Update id=90778881 is handled. Duration 0 ms by bot id=8508853940
2026-04-28 20:19:38,872 | INFO | aiogram.event | Update id=90778882 is handled. Duration 0 ms by bot id=8508853940
2026-04-28 20:19:38,949 | INFO | aiogram.event | Update id=90778883 is handled. Duration 0 ms by bot id=8508853940
2026-04-28 20:19:39,438 | INFO | aiogram.event | Update id=90778884 is handled. Duration 0 ms by bot id=8508853940
2026-04-28 20:19:39,655 | INFO | aiogram.event | Update id=90778885 is handled. Duration 0 ms by bot id=8508853940
2026-04-28 20:19:39,914 | INFO | aiogram.event | Update id=90778886 is handled. Duration 0 ms by bot id=8508853940
2026-04-28 20:19:40,182 | INFO | aiogram.event | Update id=90778887 is handled. Duration 0 ms by bot id=8508853940
2026-04-28 20:19:40,350 | INFO | aiogram.event | Update id=90778888 is handled. Duration 0 ms by bot id=8508853940
2026-04-28 20:19:40,876 | INFO | aiogram.event | Update id=90778889 is handled. Duration 0 ms by bot id=8508853940
2026-04-28 20:19:41,186 | INFO | aiogram.event | Update id=90778890 is handled. Duration 0 ms by bot id=8508853940
2026-04-28 20:19:41,337 | INFO | aiogram.event | Update id=90778891 is handled. Duration 0 ms by bot id=8508853940
2026-04-28 20:19:41,502 | INFO | aiogram.event | Update id=90778892 is handled. Duration 0 ms by bot id=8508853940
2026-04-28 20:19:41,768 | INFO | aiogram.event | Update id=90778893 is handled. Duration 0 ms by bot id=8508853940
2026-04-28 20:19:42,034 | INFO | aiogram.event | Update id=90778894 is handled. Duration 0 ms by bot id=8508853940
2026-04-28 20:19:42,427 | INFO | aiogram.event | Update id=90778895 is handled. Duration 0 ms by bot id=8508853940
2026-04-28 20:19:42,973 | INFO | aiogram.event | Update id=90778896 is handled. Duration 0 ms by bot id=8508853940
2026-04-28 20:19:43,152 | INFO | aiogram.event | Update id=90778897 is handled. Duration 0 ms by bot id=8508853940
2026-04-28 20:19:43,680 | INFO | aiogram.event | Update id=90778898 is handled. Duration 0 ms by bot id=8508853940
2026-04-28 20:19:44,174 | INFO | aiogram.event | Update id=90778899 is handled. Duration 0 ms by bot id=8508853940
2026-04-28 20:19:44,403 | INFO | aiogram.event | Update id=90778900 is handled. Duration 0 ms by bot id=8508853940
2026-04-28 20:19:44,625 | INFO | aiogram.event | Update id=90778901 is handled. Duration 0 ms by bot id=8508853940
2026-04-28 20:19:44,874 | INFO | aiogram.event | Update id=90778902 is handled. Duration 0 ms by bot id=8508853940
2026-04-28 20:19:45,166 | INFO | aiogram.event | Update id=90778903 is handled. Duration 0 ms by bot id=8508853940
2026-04-28 20:19:45,361 | INFO | aiogram.event | Update id=90778904 is handled. Duration 0 ms by bot id=8508853940
2026-04-28 20:19:45,655 | INFO | aiogram.event | Update id=90778905 is handled. Duration 0 ms by bot id=8508853940
2026-04-28 20:19:45,881 | INFO | aiogram.event | Update id=90778906 is handled. Duration 0 ms by bot id=8508853940
2026-04-28 20:19:46,247 | INFO | aiogram.event | Update id=90778907 is handled. Duration 0 ms by bot id=8508853940
2026-04-28 20:19:46,419 | INFO | aiogram.event | Update id=90778908 is handled. Duration 0 ms by bot id=8508853940
2026-04-28 20:19:46,741 | INFO | aiogram.event | Update id=90778909 is handled. Duration 0 ms by bot id=8508853940
2026-04-28 20:19:46,865 | INFO | aiogram.event | Update id=90778910 is handled. Duration 0 ms by bot id=8508853940
2026-04-28 20:19:47,090 | INFO | aiogram.event | Update id=90778911 is handled. Duration 0 ms by bot id=8508853940
2026-04-28 20:19:47,386 | INFO | aiogram.event | Update id=90778912 is handled. Duration 0 ms by bot id=8508853940
2026-04-28 20:19:47,640 | INFO | aiogram.event | Update id=90778913 is handled. Duration 0 ms by bot id=8508853940
2026-04-28 20:19:47,830 | INFO | aiogram.event | Update id=90778914 is handled. Duration 0 ms by bot id=8508853940
2026-04-28 20:19:48,066 | INFO | aiogram.event | Update id=90778915 is handled. Duration 0 ms by bot id=8508853940
2026-04-28 20:19:48,343 | INFO | aiogram.event | Update id=90778916 is handled. Duration 0 ms by bot id=8508853940
2026-04-28 20:19:48,609 | INFO | aiogram.event | Update id=90778917 is handled. Duration 0 ms by bot id=8508853940
2026-04-28 20:19:48,804 | INFO | aiogram.event | Update id=90778918 is handled. Duration 0 ms by bot id=8508853940
2026-04-28 20:19:49,296 | INFO | aiogram.event | Update id=90778919 is handled. Duration 0 ms by bot id=8508853940
2026-04-28 20:19:49,573 | INFO | aiogram.event | Update id=90778920 is handled. Duration 0 ms by bot id=8508853940
2026-04-28 20:19:49,807 | INFO | aiogram.event | Update id=90778921 is handled. Duration 0 ms by bot id=8508853940
2026-04-28 20:19:50,113 | INFO | aiogram.event | Update id=90778922 is handled. Duration 0 ms by bot id=8508853940
2026-04-28 20:19:50,393 | INFO | aiogram.event | Update id=90778923 is handled. Duration 0 ms by bot id=8508853940
2026-04-28 20:19:50,764 | INFO | aiogram.event | Update id=90778924 is handled. Duration 0 ms by bot id=8508853940
2026-04-28 20:19:51,216 | INFO | aiogram.event | Update id=90778925 is handled. Duration 0 ms by bot id=8508853940
2026-04-28 20:19:51,297 | INFO | aiogram.event | Update id=90778926 is handled. Duration 0 ms by bot id=8508853940
2026-04-28 20:19:51,446 | INFO | aiogram.event | Update id=90778927 is handled. Duration 0 ms by bot id=8508853940
2026-04-28 20:19:51,935 | INFO | aiogram.event | Update id=90778928 is handled. Duration 0 ms by bot id=8508853940
2026-04-28 20:19:52,179 | INFO | aiogram.event | Update id=90778929 is handled. Duration 0 ms by bot id=8508853940
2026-04-28 20:19:52,672 | INFO | aiogram.event | Update id=90778930 is handled. Duration 0 ms by bot id=8508853940
2026-04-28 20:19:52,925 | INFO | aiogram.event | Update id=90778931 is handled. Duration 3 ms by bot id=8508853940
2026-04-28 20:19:53,163 | INFO | aiogram.event | Update id=90778932 is handled. Duration 0 ms by bot id=8508853940
2026-04-28 20:19:53,408 | INFO | aiogram.event | Update id=90778933 is handled. Duration 0 ms by bot id=8508853940
2026-04-28 20:19:53,646 | INFO | aiogram.event | Update id=90778934 is handled. Duration 0 ms by bot id=8508853940
2026-04-28 20:19:54,157 | INFO | aiogram.event | Update id=90778935 is handled. Duration 0 ms by bot id=8508853940
2026-04-28 20:19:54,434 | INFO | aiogram.event | Update id=90778936 is handled. Duration 0 ms by bot id=8508853940
2026-04-28 20:19:54,941 | INFO | aiogram.event | Update id=90778937 is handled. Duration 0 ms by bot id=8508853940
2026-04-28 20:19:55,165 | INFO | aiogram.event | Update id=90778938 is handled. Duration 0 ms by bot id=8508853940
2026-04-28 20:19:55,629 | INFO | aiogram.event | Update id=90778939 is handled. Duration 0 ms by bot id=8508853940
2026-04-28 20:19:55,834 | INFO | aiogram.event | Update id=90778940 is handled. Duration 0 ms by bot id=8508853940
2026-04-28 20:19:56,316 | INFO | aiogram.event | Update id=90778941 is handled. Duration 0 ms by bot id=8508853940
2026-04-28 20:19:56,578 | INFO | aiogram.event | Update id=90778942 is handled. Duration 0 ms by bot id=8508853940
2026-04-28 20:19:56,798 | INFO | aiogram.event | Update id=90778943 is handled. Duration 0 ms by bot id=8508853940
2026-04-28 20:19:57,457 | INFO | aiogram.event | Update id=90778944 is handled. Duration 0 ms by bot id=8508853940
2026-04-28 20:19:57,544 | INFO | aiogram.event | Update id=90778945 is handled. Duration 0 ms by bot id=8508853940
2026-04-28 20:19:57,985 | INFO | aiogram.event | Update id=90778946 is handled. Duration 0 ms by bot id=8508853940
2026-04-28 20:19:58,236 | INFO | aiogram.event | Update id=90778947 is handled. Duration 0 ms by bot id=8508853940
2026-04-28 20:19:58,442 | INFO | aiogram.event | Update id=90778948 is handled. Duration 0 ms by bot id=8508853940
2026-04-28 20:19:58,663 | INFO | aiogram.event | Update id=90778949 is handled. Duration 0 ms by bot id=8508853940
2026-04-28 20:19:58,887 | INFO | aiogram.event | Update id=90778950 is handled. Duration 0 ms by bot id=8508853940
2026-04-28 20:19:59,353 | INFO | aiogram.event | Update id=90778951 is handled. Duration 1 ms by bot id=8508853940
2026-04-28 20:19:59,687 | INFO | aiogram.event | Update id=90778952 is handled. Duration 0 ms by bot id=8508853940
2026-04-28 20:19:59,815 | INFO | aiogram.event | Update id=90778953 is handled. Duration 0 ms by bot id=8508853940
2026-04-28 20:20:00,054 | INFO | aiogram.event | Update id=90778954 is handled. Duration 0 ms by bot id=8508853940
2026-04-28 20:20:00,325 | INFO | aiogram.event | Update id=90778955 is handled. Duration 0 ms by bot id=8508853940
2026-04-28 20:20:00,568 | INFO | aiogram.event | Update id=90778956 is handled. Duration 0 ms by bot id=8508853940
2026-04-28 20:20:00,798 | INFO | aiogram.event | Update id=90778957 is handled. Duration 0 ms by bot id=8508853940
2026-04-28 20:20:01,054 | INFO | aiogram.event | Update id=90778958 is handled. Duration 0 ms by bot id=8508853940
2026-04-28 20:20:01,330 | INFO | aiogram.event | Update id=90778959 is handled. Duration 0 ms by bot id=8508853940
2026-04-28 20:20:01,597 | INFO | aiogram.event | Update id=90778960 is handled. Duration 0 ms by bot id=8508853940
2026-04-28 20:20:01,822 | INFO | aiogram.event | Update id=90778961 is handled. Duration 0 ms by bot id=8508853940
2026-04-28 20:20:02,320 | INFO | aiogram.event | Update id=90778962 is handled. Duration 0 ms by bot id=8508853940
2026-04-28 20:20:02,588 | INFO | aiogram.event | Update id=90778963 is handled. Duration 0 ms by bot id=8508853940
2026-04-28 20:20:02,871 | INFO | aiogram.event | Update id=90778964 is handled. Duration 0 ms by bot id=8508853940
2026-04-28 20:20:03,166 | INFO | aiogram.event | Update id=90778965 is handled. Duration 0 ms by bot id=8508853940
2026-04-28 20:20:03,699 | INFO | aiogram.event | Update id=90778966 is handled. Duration 0 ms by bot id=8508853940
2026-04-28 20:20:04,499 | INFO | aiogram.event | Update id=90778967 is handled. Duration 0 ms by bot id=8508853940
2026-04-28 20:20:04,777 | INFO | aiogram.event | Update id=90778968 is handled. Duration 0 ms by bot id=8508853940
2026-04-28 20:20:04,988 | INFO | aiogram.event | Update id=90778969 is handled. Duration 0 ms by bot id=8508853940
2026-04-28 20:20:05,249 | INFO | aiogram.event | Update id=90778970 is handled. Duration 0 ms by bot id=8508853940
2026-04-28 20:20:05,473 | INFO | aiogram.event | Update id=90778971 is handled. Duration 0 ms by bot id=8508853940
2026-04-28 20:20:05,691 | INFO | aiogram.event | Update id=90778972 is handled. Duration 0 ms by bot id=8508853940
2026-04-28 20:20:06,246 | INFO | aiogram.event | Update id=90778973 is handled. Duration 0 ms by bot id=8508853940
2026-04-28 20:20:06,700 | INFO | aiogram.event | Update id=90778974 is handled. Duration 0 ms by bot id=8508853940
2026-04-28 20:20:06,917 | INFO | aiogram.event | Update id=90778975 is handled. Duration 0 ms by bot id=8508853940
2026-04-28 20:20:07,468 | INFO | aiogram.event | Update id=90778976 is handled. Duration 0 ms by bot id=8508853940
2026-04-28 20:20:07,654 | INFO | aiogram.event | Update id=90778977 is handled. Duration 0 ms by bot id=8508853940
2026-04-28 20:20:08,162 | INFO | aiogram.event | Update id=90778978 is handled. Duration 0 ms by bot id=8508853940
2026-04-28 20:20:08,381 | INFO | aiogram.event | Update id=90778979 is handled. Duration 0 ms by bot id=8508853940
2026-04-28 20:20:09,022 | INFO | aiogram.event | Update id=90778980 is handled. Duration 0 ms by bot id=8508853940
2026-04-28 20:20:09,258 | INFO | aiogram.event | Update id=90778981 is handled. Duration 0 ms by bot id=8508853940
2026-04-28 20:20:09,722 | INFO | aiogram.event | Update id=90778982 is handled. Duration 0 ms by bot id=8508853940
2026-04-28 20:20:10,001 | INFO | aiogram.event | Update id=90778983 is handled. Duration 0 ms by bot id=8508853940
2026-04-28 20:20:10,551 | INFO | aiogram.event | Update id=90778984 is handled. Duration 0 ms by bot id=8508853940
2026-04-28 20:20:10,868 | INFO | aiogram.event | Update id=90778985 is handled. Duration 0 ms by bot id=8508853940
2026-04-28 20:20:11,290 | INFO | aiogram.event | Update id=90778986 is handled. Duration 0 ms by bot id=8508853940
2026-04-28 20:20:11,788 | INFO | aiogram.event | Update id=90778987 is handled. Duration 0 ms by bot id=8508853940
2026-04-28 20:20:12,013 | INFO | aiogram.event | Update id=90778988 is handled. Duration 0 ms by bot id=8508853940
2026-04-28 20:20:12,214 | INFO | aiogram.event | Update id=90778989 is handled. Duration 0 ms by bot id=8508853940
2026-04-28 20:20:12,441 | INFO | aiogram.event | Update id=90778990 is handled. Duration 0 ms by bot id=8508853940
2026-04-28 20:20:12,715 | INFO | aiogram.event | Update id=90778991 is handled. Duration 0 ms by bot id=8508853940
2026-04-28 20:20:12,986 | INFO | aiogram.event | Update id=90778992 is handled. Duration 0 ms by bot id=8508853940
2026-04-28 20:20:13,159 | INFO | aiogram.event | Update id=90778993 is handled. Duration 0 ms by bot id=8508853940
2026-04-28 20:20:13,654 | INFO | aiogram.event | Update id=90778994 is handled. Duration 0 ms by bot id=8508853940
2026-04-28 20:20:13,874 | INFO | aiogram.event | Update id=90778995 is handled. Duration 0 ms by bot id=8508853940
2026-04-28 20:20:14,348 | INFO | aiogram.event | Update id=90778996 is handled. Duration 0 ms by bot id=8508853940
2026-04-28 20:20:14,572 | INFO | aiogram.event | Update id=90778997 is handled. Duration 0 ms by bot id=8508853940
2026-04-28 20:20:14,827 | INFO | aiogram.event | Update id=90778998 is handled. Duration 0 ms by bot id=8508853940
2026-04-28 20:20:15,428 | INFO | aiogram.event | Update id=90778999 is handled. Duration 0 ms by bot id=8508853940
2026-04-28 20:20:15,570 | INFO | aiogram.event | Update id=90779000 is handled. Duration 0 ms by bot id=8508853940
2026-04-28 20:20:16,085 | INFO | aiogram.event | Update id=90779001 is handled. Duration 0 ms by bot id=8508853940
2026-04-28 20:20:16,308 | INFO | aiogram.event | Update id=90779002 is handled. Duration 0 ms by bot id=8508853940
2026-04-28 20:20:16,519 | INFO | aiogram.event | Update id=90779003 is handled. Duration 0 ms by bot id=8508853940
2026-04-28 20:20:17,373 | INFO | aiogram.event | Update id=90779004 is handled. Duration 0 ms by bot id=8508853940
2026-04-28 20:20:17,754 | INFO | aiogram.event | Update id=90779005 is handled. Duration 0 ms by bot id=8508853940
2026-04-28 20:20:17,976 | INFO | aiogram.event | Update id=90779006 is handled. Duration 0 ms by bot id=8508853940
2026-04-28 20:20:18,509 | INFO | aiogram.event | Update id=90779007 is handled. Duration 0 ms by bot id=8508853940
2026-04-28 20:20:18,701 | INFO | aiogram.event | Update id=90779008 is handled. Duration 0 ms by bot id=8508853940
2026-04-28 20:20:18,933 | INFO | aiogram.event | Update id=90779009 is handled. Duration 0 ms by bot id=8508853940
2026-04-28 20:20:19,405 | INFO | aiogram.event | Update id=90779010 is handled. Duration 0 ms by bot id=8508853940
2026-04-28 20:20:19,844 | INFO | aiogram.event | Update id=90779011 is handled. Duration 0 ms by bot id=8508853940
2026-04-28 20:20:20,058 | INFO | aiogram.event | Update id=90779012 is handled. Duration 0 ms by bot id=8508853940
2026-04-28 20:20:20,371 | INFO | aiogram.event | Update id=90779013 is handled. Duration 0 ms by bot id=8508853940
2026-04-28 20:20:20,529 | INFO | aiogram.event | Update id=90779014 is handled. Duration 0 ms by bot id=8508853940
2026-04-28 20:20:20,781 | INFO | aiogram.event | Update id=90779015 is handled. Duration 0 ms by bot id=8508853940
2026-04-28 20:20:20,973 | INFO | aiogram.event | Update id=90779016 is handled. Duration 0 ms by bot id=8508853940
2026-04-28 20:20:21,211 | INFO | aiogram.event | Update id=90779017 is handled. Duration 0 ms by bot id=8508853940
2026-04-28 20:20:21,691 | INFO | aiogram.event | Update id=90779018 is handled. Duration 0 ms by bot id=8508853940
2026-04-28 20:20:21,950 | INFO | aiogram.event | Update id=90779019 is handled. Duration 0 ms by bot id=8508853940
2026-04-28 20:20:22,265 | INFO | aiogram.event | Update id=90779020 is handled. Duration 0 ms by bot id=8508853940
2026-04-28 20:20:22,519 | INFO | aiogram.event | Update id=90779021 is handled. Duration 0 ms by bot id=8508853940
2026-04-28 20:20:22,645 | INFO | aiogram.event | Update id=90779022 is handled. Duration 0 ms by bot id=8508853940
2026-04-28 20:20:23,228 | INFO | aiogram.event | Update id=90779023 is handled. Duration 0 ms by bot id=8508853940
2026-04-28 20:20:23,349 | INFO | aiogram.event | Update id=90779024 is handled. Duration 0 ms by bot id=8508853940
2026-04-28 20:20:23,599 | INFO | aiogram.event | Update id=90779025 is handled. Duration 0 ms by bot id=8508853940
2026-04-28 20:20:23,808 | INFO | aiogram.event | Update id=90779026 is handled. Duration 0 ms by bot id=8508853940
2026-04-28 20:20:24,048 | INFO | aiogram.event | Update id=90779027 is handled. Duration 0 ms by bot id=8508853940
2026-04-28 20:20:24,547 | INFO | aiogram.event | Update id=90779028 is handled. Duration 0 ms by bot id=8508853940
2026-04-28 20:20:24,837 | INFO | aiogram.event | Update id=90779029 is handled. Duration 0 ms by bot id=8508853940
2026-04-28 20:20:25,131 | INFO | aiogram.event | Update id=90779030 is handled. Duration 0 ms by bot id=8508853940
2026-04-28 20:20:25,274 | INFO | aiogram.event | Update id=90779031 is handled. Duration 0 ms by bot id=8508853940
2026-04-28 20:20:25,537 | INFO | aiogram.event | Update id=90779032 is handled. Duration 0 ms by bot id=8508853940
2026-04-28 20:20:25,997 | INFO | aiogram.event | Update id=90779033 is handled. Duration 0 ms by bot id=8508853940
2026-04-28 20:20:26,500 | INFO | aiogram.event | Update id=90779034 is handled. Duration 0 ms by bot id=8508853940
2026-04-28 20:20:26,739 | INFO | aiogram.event | Update id=90779035 is handled. Duration 0 ms by bot id=8508853940
2026-04-28 20:20:27,259 | INFO | aiogram.event | Update id=90779036 is handled. Duration 0 ms by bot id=8508853940
2026-04-28 20:20:27,500 | INFO | aiogram.event | Update id=90779037 is handled. Duration 0 ms by bot id=8508853940
2026-04-28 20:20:27,789 | INFO | aiogram.event | Update id=90779038 is handled. Duration 0 ms by bot id=8508853940
2026-04-28 20:20:28,012 | INFO | aiogram.event | Update id=90779039 is handled. Duration 0 ms by bot id=8508853940
2026-04-28 20:20:28,762 | INFO | aiogram.event | Update id=90779040 is handled. Duration 0 ms by bot id=8508853940
2026-04-28 20:20:29,019 | INFO | aiogram.event | Update id=90779041 is handled. Duration 0 ms by bot id=8508853940
2026-04-28 20:20:29,199 | INFO | aiogram.event | Update id=90779042 is handled. Duration 0 ms by bot id=8508853940
2026-04-28 20:20:29,621 | INFO | aiogram.event | Update id=90779043 is handled. Duration 0 ms by bot id=8508853940
2026-04-28 20:20:30,179 | INFO | aiogram.event | Update id=90779044 is handled. Duration 0 ms by bot id=8508853940
2026-04-28 20:20:30,376 | INFO | aiogram.event | Update id=90779045 is handled. Duration 0 ms by bot id=8508853940
2026-04-28 20:20:30,548 | INFO | aiogram.event | Update id=90779046 is handled. Duration 0 ms by bot id=8508853940
2026-04-28 20:20:30,819 | INFO | aiogram.event | Update id=90779047 is handled. Duration 0 ms by bot id=8508853940
2026-04-28 20:20:31,283 | INFO | aiogram.event | Update id=90779048 is handled. Duration 0 ms by bot id=8508853940
2026-04-28 20:20:31,757 | INFO | aiogram.event | Update id=90779049 is handled. Duration 0 ms by bot id=8508853940
2026-04-28 20:20:32,260 | INFO | aiogram.event | Update id=90779050 is handled. Duration 0 ms by bot id=8508853940
2026-04-28 20:20:32,755 | INFO | aiogram.event | Update id=90779051 is handled. Duration 0 ms by bot id=8508853940
2026-04-28 20:20:33,111 | INFO | aiogram.event | Update id=90779052 is handled. Duration 0 ms by bot id=8508853940
2026-04-28 20:20:33,402 | INFO | aiogram.event | Update id=90779053 is handled. Duration 0 ms by bot id=8508853940
2026-04-28 20:20:33,613 | INFO | aiogram.event | Update id=90779054 is handled. Duration 0 ms by bot id=8508853940
2026-04-28 20:20:33,778 | INFO | aiogram.event | Update id=90779055 is handled. Duration 0 ms by bot id=8508853940
2026-04-28 20:20:34,039 | INFO | aiogram.event | Update id=90779056 is handled. Duration 0 ms by bot id=8508853940
2026-04-28 20:20:34,330 | INFO | aiogram.event | Update id=90779057 is handled. Duration 0 ms by bot id=8508853940
2026-04-28 20:20:34,578 | INFO | aiogram.event | Update id=90779058 is handled. Duration 0 ms by bot id=8508853940
2026-04-28 20:20:34,902 | INFO | aiogram.event | Update id=90779059 is handled. Duration 0 ms by bot id=8508853940
2026-04-28 20:20:35,286 | INFO | aiogram.event | Update id=90779060 is handled. Duration 0 ms by bot id=8508853940
2026-04-28 20:20:35,605 | INFO | aiogram.event | Update id=90779061 is handled. Duration 0 ms by bot id=8508853940
2026-04-28 20:20:35,802 | INFO | aiogram.event | Update id=90779062 is handled. Duration 0 ms by bot id=8508853940
2026-04-28 20:20:36,041 | INFO | aiogram.event | Update id=90779063 is handled. Duration 0 ms by bot id=8508853940
2026-04-28 20:20:36,289 | INFO | aiogram.event | Update id=90779064 is handled. Duration 0 ms by bot id=8508853940
2026-04-28 20:20:36,488 | INFO | aiogram.event | Update id=90779065 is handled. Duration 0 ms by bot id=8508853940
2026-04-28 20:20:36,741 | INFO | aiogram.event | Update id=90779066 is handled. Duration 0 ms by bot id=8508853940
2026-04-28 20:20:37,152 | INFO | aiogram.event | Update id=90779067 is handled. Duration 0 ms by bot id=8508853940
2026-04-28 20:20:37,437 | INFO | aiogram.event | Update id=90779068 is handled. Duration 0 ms by bot id=8508853940
2026-04-28 20:20:37,641 | INFO | aiogram.event | Update id=90779069 is handled. Duration 0 ms by bot id=8508853940
2026-04-28 20:20:37,867 | INFO | aiogram.event | Update id=90779070 is handled. Duration 0 ms by bot id=8508853940
2026-04-28 20:20:38,217 | INFO | aiogram.event | Update id=90779071 is handled. Duration 0 ms by bot id=8508853940
2026-04-28 20:20:38,385 | INFO | aiogram.event | Update id=90779072 is handled. Duration 0 ms by bot id=8508853940
2026-04-28 20:20:38,705 | INFO | aiogram.event | Update id=90779073 is handled. Duration 0 ms by bot id=8508853940
2026-04-28 20:20:38,906 | INFO | aiogram.event | Update id=90779074 is handled. Duration 0 ms by bot id=8508853940
2026-04-28 20:20:39,077 | INFO | aiogram.event | Update id=90779075 is handled. Duration 0 ms by bot id=8508853940
2026-04-28 20:20:39,289 | INFO | aiogram.event | Update id=90779076 is handled. Duration 0 ms by bot id=8508853940
2026-04-28 20:20:39,745 | INFO | aiogram.event | Update id=90779077 is handled. Duration 0 ms by bot id=8508853940
2026-04-28 20:20:39,976 | INFO | aiogram.event | Update id=90779078 is handled. Duration 0 ms by bot id=8508853940
2026-04-28 20:20:40,225 | INFO | aiogram.event | Update id=90779079 is handled. Duration 0 ms by bot id=8508853940
2026-04-28 20:20:40,734 | INFO | aiogram.event | Update id=90779080 is handled. Duration 0 ms by bot id=8508853940
2026-04-28 20:20:41,252 | INFO | aiogram.event | Update id=90779081 is handled. Duration 0 ms by bot id=8508853940
2026-04-28 20:20:41,352 | INFO | aiogram.event | Update id=90779082 is handled. Duration 0 ms by bot id=8508853940
2026-04-28 20:20:41,588 | INFO | aiogram.event | Update id=90779083 is handled. Duration 0 ms by bot id=8508853940
2026-04-28 20:20:42,068 | INFO | aiogram.event | Update id=90779084 is handled. Duration 0 ms by bot id=8508853940
2026-04-28 20:20:42,312 | INFO | aiogram.event | Update id=90779085 is handled. Duration 0 ms by bot id=8508853940
2026-04-28 20:20:42,535 | INFO | aiogram.event | Update id=90779086 is handled. Duration 0 ms by bot id=8508853940
2026-04-28 20:20:42,751 | INFO | aiogram.event | Update id=90779087 is handled. Duration 0 ms by bot id=8508853940
2026-04-28 20:20:42,960 | INFO | aiogram.event | Update id=90779088 is handled. Duration 0 ms by bot id=8508853940
2026-04-28 20:20:43,652 | INFO | aiogram.event | Update id=90779089 is handled. Duration 0 ms by bot id=8508853940
2026-04-28 20:20:43,742 | INFO | aiogram.event | Update id=90779090 is handled. Duration 0 ms by bot id=8508853940
2026-04-28 20:20:43,906 | INFO | aiogram.event | Update id=90779091 is handled. Duration 0 ms by bot id=8508853940
2026-04-28 20:20:44,091 | INFO | aiogram.event | Update id=90779092 is handled. Duration 0 ms by bot id=8508853940
2026-04-28 20:20:44,291 | INFO | aiogram.event | Update id=90779093 is handled. Duration 0 ms by bot id=8508853940
2026-04-28 20:20:44,519 | INFO | aiogram.event | Update id=90779094 is handled. Duration 0 ms by bot id=8508853940
2026-04-28 20:20:44,777 | INFO | aiogram.event | Update id=90779095 is handled. Duration 0 ms by bot id=8508853940
2026-04-28 20:20:44,988 | INFO | aiogram.event | Update id=90779096 is handled. Duration 0 ms by bot id=8508853940
2026-04-28 20:20:45,212 | INFO | aiogram.event | Update id=90779097 is handled. Duration 0 ms by bot id=8508853940
2026-04-28 20:20:45,707 | INFO | aiogram.event | Update id=90779098 is handled. Duration 0 ms by bot id=8508853940
2026-04-28 20:20:46,196 | INFO | aiogram.event | Update id=90779099 is handled. Duration 0 ms by bot id=8508853940
2026-04-28 20:20:46,641 | INFO | aiogram.event | Update id=90779100 is handled. Duration 0 ms by bot id=8508853940
2026-04-28 20:20:46,897 | INFO | aiogram.event | Update id=90779101 is handled. Duration 0 ms by bot id=8508853940
2026-04-28 20:20:47,335 | INFO | aiogram.event | Update id=90779102 is handled. Duration 0 ms by bot id=8508853940
2026-04-28 20:20:47,574 | INFO | aiogram.event | Update id=90779103 is handled. Duration 0 ms by bot id=8508853940
2026-04-28 20:20:48,085 | INFO | aiogram.event | Update id=90779104 is handled. Duration 0 ms by bot id=8508853940
2026-04-28 20:20:48,527 | INFO | aiogram.event | Update id=90779105 is handled. Duration 0 ms by bot id=8508853940
2026-04-28 20:20:48,758 | INFO | aiogram.event | Update id=90779106 is handled. Duration 0 ms by bot id=8508853940
2026-04-28 20:20:48,952 | INFO | aiogram.event | Update id=90779107 is handled. Duration 0 ms by bot id=8508853940
2026-04-28 20:20:49,401 | INFO | aiogram.event | Update id=90779108 is handled. Duration 0 ms by bot id=8508853940
2026-04-28 20:20:49,670 | INFO | aiogram.event | Update id=90779109 is handled. Duration 0 ms by bot id=8508853940
2026-04-28 20:20:49,930 | INFO | aiogram.event | Update id=90779110 is handled. Duration 0 ms by bot id=8508853940
2026-04-28 20:20:50,156 | INFO | aiogram.event | Update id=90779111 is handled. Duration 0 ms by bot id=8508853940
2026-04-28 20:20:50,679 | INFO | aiogram.event | Update id=90779112 is handled. Duration 0 ms by bot id=8508853940
2026-04-28 20:20:50,861 | INFO | aiogram.event | Update id=90779113 is handled. Duration 0 ms by bot id=8508853940
2026-04-28 20:20:51,167 | INFO | aiogram.event | Update id=90779114 is handled. Duration 0 ms by bot id=8508853940
2026-04-28 20:20:51,601 | INFO | aiogram.event | Update id=90779115 is handled. Duration 0 ms by bot id=8508853940
2026-04-28 20:20:51,805 | INFO | aiogram.event | Update id=90779116 is handled. Duration 0 ms by bot id=8508853940
2026-04-28 20:20:52,274 | INFO | aiogram.event | Update id=90779117 is handled. Duration 0 ms by bot id=8508853940
2026-04-28 20:20:52,536 | INFO | aiogram.event | Update id=90779118 is handled. Duration 0 ms by bot id=8508853940
2026-04-28 20:20:52,856 | INFO | aiogram.event | Update id=90779119 is handled. Duration 0 ms by bot id=8508853940
2026-04-28 20:20:53,125 | INFO | aiogram.event | Update id=90779120 is handled. Duration 0 ms by bot id=8508853940
2026-04-28 20:20:53,560 | INFO | aiogram.event | Update id=90779121 is handled. Duration 0 ms by bot id=8508853940
2026-04-28 20:20:54,070 | INFO | aiogram.event | Update id=90779122 is handled. Duration 0 ms by bot id=8508853940
2026-04-28 20:20:54,461 | INFO | aiogram.event | Update id=90779123 is handled. Duration 0 ms by bot id=8508853940
2026-04-28 20:20:54,653 | INFO | aiogram.event | Update id=90779124 is handled. Duration 0 ms by bot id=8508853940
2026-04-28 20:20:54,932 | INFO | aiogram.event | Update id=90779125 is handled. Duration 0 ms by bot id=8508853940
2026-04-28 20:20:55,173 | INFO | aiogram.event | Update id=90779126 is handled. Duration 0 ms by bot id=8508853940
2026-04-28 20:20:55,419 | INFO | aiogram.event | Update id=90779127 is handled. Duration 0 ms by bot id=8508853940
2026-04-28 20:20:55,906 | INFO | aiogram.event | Update id=90779128 is handled. Duration 0 ms by bot id=8508853940
2026-04-28 20:20:56,154 | INFO | aiogram.event | Update id=90779129 is handled. Duration 0 ms by bot id=8508853940
2026-04-28 20:20:56,626 | INFO | aiogram.event | Update id=90779130 is handled. Duration 0 ms by bot id=8508853940
2026-04-28 20:20:57,080 | INFO | aiogram.event | Update id=90779131 is handled. Duration 0 ms by bot id=8508853940
2026-04-28 20:20:57,451 | INFO | aiogram.event | Update id=90779132 is handled. Duration 0 ms by bot id=8508853940
2026-04-28 20:20:57,772 | INFO | aiogram.event | Update id=90779133 is handled. Duration 0 ms by bot id=8508853940
2026-04-28 20:20:58,235 | INFO | aiogram.event | Update id=90779134 is handled. Duration 0 ms by bot id=8508853940
2026-04-28 20:20:58,743 | INFO | aiogram.event | Update id=90779135 is handled. Duration 0 ms by bot id=8508853940
2026-04-28 20:20:59,019 | INFO | aiogram.event | Update id=90779136 is handled. Duration 0 ms by bot id=8508853940
2026-04-28 20:20:59,558 | INFO | aiogram.event | Update id=90779137 is handled. Duration 0 ms by bot id=8508853940
2026-04-28 20:20:59,817 | INFO | aiogram.event | Update id=90779138 is handled. Duration 0 ms by bot id=8508853940
2026-04-28 20:21:00,106 | INFO | aiogram.event | Update id=90779139 is handled. Duration 0 ms by bot id=8508853940
2026-04-28 20:21:00,382 | INFO | aiogram.event | Update id=90779140 is handled. Duration 0 ms by bot id=8508853940
2026-04-28 20:21:00,659 | INFO | aiogram.event | Update id=90779141 is handled. Duration 0 ms by bot id=8508853940
2026-04-28 20:21:01,012 | INFO | aiogram.event | Update id=90779142 is handled. Duration 0 ms by bot id=8508853940
2026-04-28 20:21:01,216 | INFO | aiogram.event | Update id=90779143 is handled. Duration 0 ms by bot id=8508853940
2026-04-28 20:21:01,851 | INFO | aiogram.event | Update id=90779144 is handled. Duration 0 ms by bot id=8508853940
2026-04-28 20:21:02,044 | INFO | aiogram.event | Update id=90779145 is handled. Duration 0 ms by bot id=8508853940
2026-04-28 20:21:02,413 | INFO | aiogram.event | Update id=90779146 is handled. Duration 0 ms by bot id=8508853940
2026-04-28 20:21:02,671 | INFO | aiogram.event | Update id=90779147 is handled. Duration 0 ms by bot id=8508853940
2026-04-28 20:21:04,340 | INFO | aiogram.event | Update id=90779148 is handled. Duration 0 ms by bot id=8508853940
2026-04-28 20:21:04,728 | INFO | aiogram.event | Update id=90779149 is handled. Duration 0 ms by bot id=8508853940
2026-04-28 20:21:04,918 | INFO | aiogram.event | Update id=90779150 is handled. Duration 0 ms by bot id=8508853940
2026-04-28 20:21:05,387 | INFO | aiogram.event | Update id=90779151 is handled. Duration 0 ms by bot id=8508853940
2026-04-28 20:21:05,564 | INFO | aiogram.event | Update id=90779152 is handled. Duration 0 ms by bot id=8508853940
2026-04-28 20:21:32,047 | INFO | aiogram.event | Update id=90779153 is handled. Duration 0 ms by bot id=8508853940
2026-04-28 20:21:32,258 | INFO | aiogram.event | Update id=90779154 is handled. Duration 0 ms by bot id=8508853940
2026-04-28 20:21:32,753 | INFO | aiogram.event | Update id=90779155 is handled. Duration 0 ms by bot id=8508853940
2026-04-28 20:21:32,836 | INFO | aiogram.event | Update id=90779156 is handled. Duration 0 ms by bot id=8508853940
2026-04-28 20:21:33,217 | INFO | aiogram.event | Update id=90779157 is handled. Duration 0 ms by bot id=8508853940
2026-04-28 20:21:33,397 | INFO | aiogram.event | Update id=90779158 is handled. Duration 0 ms by bot id=8508853940
2026-04-28 20:21:33,631 | INFO | aiogram.event | Update id=90779159 is handled. Duration 0 ms by bot id=8508853940
2026-04-28 20:21:34,107 | INFO | aiogram.event | Update id=90779160 is handled. Duration 0 ms by bot id=8508853940
2026-04-28 20:21:34,434 | INFO | aiogram.event | Update id=90779161 is handled. Duration 0 ms by bot id=8508853940
2026-04-28 20:21:39,235 | INFO | aiogram.event | Update id=90779162 is handled. Duration 0 ms by bot id=8508853940
2026-04-28 20:21:40,475 | INFO | aiogram.event | Update id=90779163 is handled. Duration 193 ms by bot id=8508853940
2026-04-28 20:21:40,656 | INFO | aiogram.event | Update id=90779164 is handled. Duration 0 ms by bot id=8508853940
2026-04-28 20:21:51,317 | INFO | aiogram.event | Update id=90779165 is handled. Duration 1 ms by bot id=8508853940
2026-04-28 20:22:04,064 | INFO | aiogram.event | Update id=90779166 is handled. Duration 89 ms by bot id=8508853940
2026-04-28 20:22:21,106 | INFO | aiogram.dispatcher | Polling stopped
2026-04-28 20:22:21,107 | ERROR | aiogram.dispatcher | Failed to fetch updates - TelegramNetworkError: HTTP Client says - ServerDisconnectedError: Server disconnected
2026-04-28 20:22:21,107 | WARNING | aiogram.dispatcher | Sleep for 1.000000 seconds and try again... (tryings = 0, bot id = 8508853940)
2026-04-28 20:22:21,368 | INFO | aiogram.dispatcher | Polling stopped for bot @WaifuHaremChatBot id=8508853940 - '𝑾𝒂𝒊𝒇𝒖 𝑯𝒂𝒓𝒆𝒎 𝑩𝒐𝒕'
2026-04-30 15:25:39,671 | INFO | __main__ | Bot is starting...
2026-04-30 15:25:40,343 | INFO | aiogram.dispatcher | Start polling
2026-04-30 15:25:40,387 | INFO | aiogram.dispatcher | Run polling for bot @WaifuHaremChatBot id=8508853940 - '𝑾𝒂𝒊𝒇𝒖 𝑯𝒂𝒓𝒆𝒎 𝑩𝒐𝒕'
2026-04-30 15:25:41,253 | INFO | aiogram.dispatcher | Polling stopped
2026-04-30 15:25:41,254 | ERROR | aiogram.dispatcher | Failed to fetch updates - TelegramNetworkError: HTTP Client says - ServerDisconnectedError: Server disconnected
2026-04-30 15:25:41,254 | WARNING | aiogram.dispatcher | Sleep for 1.000000 seconds and try again... (tryings = 0, bot id = 8508853940)
2026-04-30 15:25:41,516 | INFO | aiogram.dispatcher | Polling stopped for bot @WaifuHaremChatBot id=8508853940 - '𝑾𝒂𝒊𝒇𝒖 𝑯𝒂𝒓𝒆𝒎 𝑩𝒐𝒕'
2026-05-01 07:43:44,730 | INFO | __main__ | Bot is starting...
2026-05-01 07:43:45,515 | INFO | aiogram.dispatcher | Start polling
2026-05-01 07:43:45,565 | INFO | aiogram.dispatcher | Run polling for bot @WaifuHaremChatBot id=8508853940 - '𝑾𝒂𝒊𝒇𝒖 𝑯𝒂𝒓𝒆𝒎 𝑩𝒐𝒕'
2026-05-01 07:43:48,434 | INFO | aiogram.dispatcher | Polling stopped
2026-05-01 07:43:48,435 | ERROR | aiogram.dispatcher | Failed to fetch updates - TelegramNetworkError: HTTP Client says - ServerDisconnectedError: Server disconnected
2026-05-01 07:43:48,435 | WARNING | aiogram.dispatcher | Sleep for 1.000000 seconds and try again... (tryings = 0, bot id = 8508853940)
2026-05-01 07:43:48,701 | INFO | aiogram.dispatcher | Polling stopped for bot @WaifuHaremChatBot id=8508853940 - '𝑾𝒂𝒊𝒇𝒖 𝑯𝒂𝒓𝒆𝒎 𝑩𝒐𝒕'
2026-05-01 08:38:26,792 | INFO | __main__ | Bot is starting...
2026-05-01 08:38:31,550 | ERROR | asyncio | Unclosed client session
client_session: <aiohttp.client.ClientSession object at 0x0000014514B16BA0>
2026-05-02 07:23:59,307 | INFO | __main__ | Bot is starting...
2026-05-02 07:24:10,505 | INFO | aiogram.dispatcher | Start polling
2026-05-02 07:24:10,542 | INFO | aiogram.dispatcher | Run polling for bot @WaifuHaremChatBot id=8508853940 - '𝑾𝒂𝒊𝒇𝒖 𝑯𝒂𝒓𝒆𝒎 𝑩𝒐𝒕'
2026-05-02 07:24:10,701 | INFO | aiogram.event | Update id=90779168 is handled. Duration 117 ms by bot id=8508853940
2026-05-02 07:24:10,713 | ERROR | app.middlewares.error_handler | Unhandled error while processing Update
Traceback (most recent call last):
  File "C:\Users\borod\OneDrive\Desktop\waifu_bot\app\middlewares\error_handler.py", line 21, in __call__
    return await handler(event, data)
           ^^^^^^^^^^^^^^^^^^^^^^^^^^
  File "C:\Users\borod\OneDrive\Desktop\waifu_bot\.venv\Lib\site-packages\aiogram\dispatcher\event\handler.py", line 71, in call
    return await wrapped()
           ^^^^^^^^^^^^^^^
  File "C:\Users\borod\OneDrive\Desktop\waifu_bot\.venv\Lib\site-packages\aiogram\dispatcher\dispatcher.py", line 283, in _listen_update
    return await self.propagate_event(update_type=update_type, event=event, **kwargs)
           ^^^^^^^^^^^^^^^^^^^^^^^^^^^^^^^^^^^^^^^^^^^^^^^^^^^^^^^^^^^^^^^^^^^^^^^^^^
  File "C:\Users\borod\OneDrive\Desktop\waifu_bot\.venv\Lib\site-packages\aiogram\dispatcher\router.py", line 161, in propagate_event
    return await observer.wrap_outer_middleware(_wrapped, event=event, data=kwargs)
           ^^^^^^^^^^^^^^^^^^^^^^^^^^^^^^^^^^^^^^^^^^^^^^^^^^^^^^^^^^^^^^^^^^^^^^^^
  File "C:\Users\borod\OneDrive\Desktop\waifu_bot\.venv\Lib\site-packages\aiogram\dispatcher\router.py", line 153, in _wrapped
    return await self._propagate_event(
           ^^^^^^^^^^^^^^^^^^^^^^^^^^^^
    ...<4 lines>...
    )
    ^
  File "C:\Users\borod\OneDrive\Desktop\waifu_bot\.venv\Lib\site-packages\aiogram\dispatcher\router.py", line 189, in _propagate_event
    response = await router.propagate_event(update_type=update_type, event=event, **kwargs)
               ^^^^^^^^^^^^^^^^^^^^^^^^^^^^^^^^^^^^^^^^^^^^^^^^^^^^^^^^^^^^^^^^^^^^^^^^^^^^
  File "C:\Users\borod\OneDrive\Desktop\waifu_bot\.venv\Lib\site-packages\aiogram\dispatcher\router.py", line 161, in propagate_event
    return await observer.wrap_outer_middleware(_wrapped, event=event, data=kwargs)
           ^^^^^^^^^^^^^^^^^^^^^^^^^^^^^^^^^^^^^^^^^^^^^^^^^^^^^^^^^^^^^^^^^^^^^^^^
  File "C:\Users\borod\OneDrive\Desktop\waifu_bot\.venv\Lib\site-packages\aiogram\dispatcher\router.py", line 153, in _wrapped
    return await self._propagate_event(
           ^^^^^^^^^^^^^^^^^^^^^^^^^^^^
    ...<4 lines>...
    )
    ^
  File "C:\Users\borod\OneDrive\Desktop\waifu_bot\.venv\Lib\site-packages\aiogram\dispatcher\router.py", line 181, in _propagate_event
    response = await observer.trigger(event, **kwargs)
               ^^^^^^^^^^^^^^^^^^^^^^^^^^^^^^^^^^^^^^^
  File "C:\Users\borod\OneDrive\Desktop\waifu_bot\.venv\Lib\site-packages\aiogram\dispatcher\event\telegram.py", line 126, in trigger
    return await wrapped_inner(event, kwargs)
           ^^^^^^^^^^^^^^^^^^^^^^^^^^^^^^^^^^
  File "C:\Users\borod\OneDrive\Desktop\waifu_bot\.venv\Lib\site-packages\aiogram\dispatcher\event\handler.py", line 71, in call
    return await wrapped()
           ^^^^^^^^^^^^^^^
  File "C:\Users\borod\OneDrive\Desktop\waifu_bot\app\handlers\waifus.py", line 90, in all_waifus
    await message.answer(text, parse_mode="HTML", reply_markup=markup)
  File "C:\Users\borod\OneDrive\Desktop\waifu_bot\.venv\Lib\site-packages\aiogram\methods\base.py", line 82, in emit
    return await bot(self)
           ^^^^^^^^^^^^^^^
  File "C:\Users\borod\OneDrive\Desktop\waifu_bot\.venv\Lib\site-packages\aiogram\client\bot.py", line 487, in __call__
    return await self.session(self, method, timeout=request_timeout)
           ^^^^^^^^^^^^^^^^^^^^^^^^^^^^^^^^^^^^^^^^^^^^^^^^^^^^^^^^^
  File "C:\Users\borod\OneDrive\Desktop\waifu_bot\.venv\Lib\site-packages\aiogram\client\session\base.py", line 259, in __call__
    return cast(TelegramType, await middleware(bot, method))
                              ^^^^^^^^^^^^^^^^^^^^^^^^^^^^^
  File "C:\Users\borod\OneDrive\Desktop\waifu_bot\.venv\Lib\site-packages\aiogram\client\session\aiohttp.py", line 177, in make_request
    response = self.check_response(
        bot=bot,
    ...<2 lines>...
        content=raw_result,
    )
  File "C:\Users\borod\OneDrive\Desktop\waifu_bot\.venv\Lib\site-packages\aiogram\client\session\base.py", line 129, in check_response
    raise TelegramForbiddenError(method=method, message=description)
aiogram.exceptions.TelegramForbiddenError: Telegram server says - Forbidden: bot was blocked by the user
2026-05-02 07:24:10,738 | INFO | aiogram.event | Update id=90779170 is handled. Duration 154 ms by bot id=8508853940
2026-05-02 07:24:10,739 | ERROR | app.middlewares.error_handler | Unhandled error while processing Update
Traceback (most recent call last):
  File "C:\Users\borod\OneDrive\Desktop\waifu_bot\app\middlewares\error_handler.py", line 21, in __call__
    return await handler(event, data)
           ^^^^^^^^^^^^^^^^^^^^^^^^^^
  File "C:\Users\borod\OneDrive\Desktop\waifu_bot\.venv\Lib\site-packages\aiogram\dispatcher\event\handler.py", line 71, in call
    return await wrapped()
           ^^^^^^^^^^^^^^^
  File "C:\Users\borod\OneDrive\Desktop\waifu_bot\.venv\Lib\site-packages\aiogram\dispatcher\dispatcher.py", line 283, in _listen_update
    return await self.propagate_event(update_type=update_type, event=event, **kwargs)
           ^^^^^^^^^^^^^^^^^^^^^^^^^^^^^^^^^^^^^^^^^^^^^^^^^^^^^^^^^^^^^^^^^^^^^^^^^^
  File "C:\Users\borod\OneDrive\Desktop\waifu_bot\.venv\Lib\site-packages\aiogram\dispatcher\router.py", line 161, in propagate_event
    return await observer.wrap_outer_middleware(_wrapped, event=event, data=kwargs)
           ^^^^^^^^^^^^^^^^^^^^^^^^^^^^^^^^^^^^^^^^^^^^^^^^^^^^^^^^^^^^^^^^^^^^^^^^
  File "C:\Users\borod\OneDrive\Desktop\waifu_bot\.venv\Lib\site-packages\aiogram\dispatcher\router.py", line 153, in _wrapped
    return await self._propagate_event(
           ^^^^^^^^^^^^^^^^^^^^^^^^^^^^
    ...<4 lines>...
    )
    ^
  File "C:\Users\borod\OneDrive\Desktop\waifu_bot\.venv\Lib\site-packages\aiogram\dispatcher\router.py", line 189, in _propagate_event
    response = await router.propagate_event(update_type=update_type, event=event, **kwargs)
               ^^^^^^^^^^^^^^^^^^^^^^^^^^^^^^^^^^^^^^^^^^^^^^^^^^^^^^^^^^^^^^^^^^^^^^^^^^^^
  File "C:\Users\borod\OneDrive\Desktop\waifu_bot\.venv\Lib\site-packages\aiogram\dispatcher\router.py", line 161, in propagate_event
    return await observer.wrap_outer_middleware(_wrapped, event=event, data=kwargs)
           ^^^^^^^^^^^^^^^^^^^^^^^^^^^^^^^^^^^^^^^^^^^^^^^^^^^^^^^^^^^^^^^^^^^^^^^^
  File "C:\Users\borod\OneDrive\Desktop\waifu_bot\.venv\Lib\site-packages\aiogram\dispatcher\router.py", line 153, in _wrapped
    return await self._propagate_event(
           ^^^^^^^^^^^^^^^^^^^^^^^^^^^^
    ...<4 lines>...
    )
    ^
  File "C:\Users\borod\OneDrive\Desktop\waifu_bot\.venv\Lib\site-packages\aiogram\dispatcher\router.py", line 181, in _propagate_event
    response = await observer.trigger(event, **kwargs)
               ^^^^^^^^^^^^^^^^^^^^^^^^^^^^^^^^^^^^^^^
  File "C:\Users\borod\OneDrive\Desktop\waifu_bot\.venv\Lib\site-packages\aiogram\dispatcher\event\telegram.py", line 126, in trigger
    return await wrapped_inner(event, kwargs)
           ^^^^^^^^^^^^^^^^^^^^^^^^^^^^^^^^^^
  File "C:\Users\borod\OneDrive\Desktop\waifu_bot\.venv\Lib\site-packages\aiogram\dispatcher\event\handler.py", line 71, in call
    return await wrapped()
           ^^^^^^^^^^^^^^^
  File "C:\Users\borod\OneDrive\Desktop\waifu_bot\app\handlers\help.py", line 40, in help_command
    await message.answer(text, parse_mode="HTML")
  File "C:\Users\borod\OneDrive\Desktop\waifu_bot\.venv\Lib\site-packages\aiogram\methods\base.py", line 82, in emit
    return await bot(self)
           ^^^^^^^^^^^^^^^
  File "C:\Users\borod\OneDrive\Desktop\waifu_bot\.venv\Lib\site-packages\aiogram\client\bot.py", line 487, in __call__
    return await self.session(self, method, timeout=request_timeout)
           ^^^^^^^^^^^^^^^^^^^^^^^^^^^^^^^^^^^^^^^^^^^^^^^^^^^^^^^^^
  File "C:\Users\borod\OneDrive\Desktop\waifu_bot\.venv\Lib\site-packages\aiogram\client\session\base.py", line 259, in __call__
    return cast(TelegramType, await middleware(bot, method))
                              ^^^^^^^^^^^^^^^^^^^^^^^^^^^^^
  File "C:\Users\borod\OneDrive\Desktop\waifu_bot\.venv\Lib\site-packages\aiogram\client\session\aiohttp.py", line 177, in make_request
    response = self.check_response(
        bot=bot,
    ...<2 lines>...
        content=raw_result,
    )
  File "C:\Users\borod\OneDrive\Desktop\waifu_bot\.venv\Lib\site-packages\aiogram\client\session\base.py", line 129, in check_response
    raise TelegramForbiddenError(method=method, message=description)
aiogram.exceptions.TelegramForbiddenError: Telegram server says - Forbidden: bot was blocked by the user
2026-05-02 07:24:10,741 | INFO | aiogram.event | Update id=90779169 is handled. Duration 157 ms by bot id=8508853940
2026-05-02 07:24:10,742 | INFO | aiogram.event | Update id=90779171 is handled. Duration 157 ms by bot id=8508853940
2026-05-02 07:24:15,449 | INFO | aiogram.event | Update id=90779172 is handled. Duration 103 ms by bot id=8508853940
2026-05-02 07:24:16,937 | ERROR | app.middlewares.error_handler | Unhandled error while processing Update
Traceback (most recent call last):
  File "C:\Users\borod\OneDrive\Desktop\waifu_bot\app\middlewares\error_handler.py", line 21, in __call__
    return await handler(event, data)
           ^^^^^^^^^^^^^^^^^^^^^^^^^^
  File "C:\Users\borod\OneDrive\Desktop\waifu_bot\.venv\Lib\site-packages\aiogram\dispatcher\event\handler.py", line 71, in call
    return await wrapped()
           ^^^^^^^^^^^^^^^
  File "C:\Users\borod\OneDrive\Desktop\waifu_bot\.venv\Lib\site-packages\aiogram\dispatcher\dispatcher.py", line 283, in _listen_update
    return await self.propagate_event(update_type=update_type, event=event, **kwargs)
           ^^^^^^^^^^^^^^^^^^^^^^^^^^^^^^^^^^^^^^^^^^^^^^^^^^^^^^^^^^^^^^^^^^^^^^^^^^
  File "C:\Users\borod\OneDrive\Desktop\waifu_bot\.venv\Lib\site-packages\aiogram\dispatcher\router.py", line 161, in propagate_event
    return await observer.wrap_outer_middleware(_wrapped, event=event, data=kwargs)
           ^^^^^^^^^^^^^^^^^^^^^^^^^^^^^^^^^^^^^^^^^^^^^^^^^^^^^^^^^^^^^^^^^^^^^^^^
  File "C:\Users\borod\OneDrive\Desktop\waifu_bot\.venv\Lib\site-packages\aiogram\dispatcher\router.py", line 153, in _wrapped
    return await self._propagate_event(
           ^^^^^^^^^^^^^^^^^^^^^^^^^^^^
    ...<4 lines>...
    )
    ^
  File "C:\Users\borod\OneDrive\Desktop\waifu_bot\.venv\Lib\site-packages\aiogram\dispatcher\router.py", line 189, in _propagate_event
    response = await router.propagate_event(update_type=update_type, event=event, **kwargs)
               ^^^^^^^^^^^^^^^^^^^^^^^^^^^^^^^^^^^^^^^^^^^^^^^^^^^^^^^^^^^^^^^^^^^^^^^^^^^^
  File "C:\Users\borod\OneDrive\Desktop\waifu_bot\.venv\Lib\site-packages\aiogram\dispatcher\router.py", line 161, in propagate_event
    return await observer.wrap_outer_middleware(_wrapped, event=event, data=kwargs)
           ^^^^^^^^^^^^^^^^^^^^^^^^^^^^^^^^^^^^^^^^^^^^^^^^^^^^^^^^^^^^^^^^^^^^^^^^
  File "C:\Users\borod\OneDrive\Desktop\waifu_bot\.venv\Lib\site-packages\aiogram\dispatcher\router.py", line 153, in _wrapped
    return await self._propagate_event(
           ^^^^^^^^^^^^^^^^^^^^^^^^^^^^
    ...<4 lines>...
    )
    ^
  File "C:\Users\borod\OneDrive\Desktop\waifu_bot\.venv\Lib\site-packages\aiogram\dispatcher\router.py", line 181, in _propagate_event
    response = await observer.trigger(event, **kwargs)
               ^^^^^^^^^^^^^^^^^^^^^^^^^^^^^^^^^^^^^^^
  File "C:\Users\borod\OneDrive\Desktop\waifu_bot\.venv\Lib\site-packages\aiogram\dispatcher\event\telegram.py", line 126, in trigger
    return await wrapped_inner(event, kwargs)
           ^^^^^^^^^^^^^^^^^^^^^^^^^^^^^^^^^^
  File "C:\Users\borod\OneDrive\Desktop\waifu_bot\.venv\Lib\site-packages\aiogram\dispatcher\event\handler.py", line 71, in call
    return await wrapped()
           ^^^^^^^^^^^^^^^
  File "C:\Users\borod\OneDrive\Desktop\waifu_bot\app\handlers\waifu_card.py", line 53, in open_waifu_card
    await call.message.answer_video(
    ...<4 lines>...
    )
  File "C:\Users\borod\OneDrive\Desktop\waifu_bot\.venv\Lib\site-packages\aiogram\methods\base.py", line 82, in emit
    return await bot(self)
           ^^^^^^^^^^^^^^^
  File "C:\Users\borod\OneDrive\Desktop\waifu_bot\.venv\Lib\site-packages\aiogram\client\bot.py", line 487, in __call__
    return await self.session(self, method, timeout=request_timeout)
           ^^^^^^^^^^^^^^^^^^^^^^^^^^^^^^^^^^^^^^^^^^^^^^^^^^^^^^^^^
  File "C:\Users\borod\OneDrive\Desktop\waifu_bot\.venv\Lib\site-packages\aiogram\client\session\base.py", line 259, in __call__
    return cast(TelegramType, await middleware(bot, method))
                              ^^^^^^^^^^^^^^^^^^^^^^^^^^^^^
  File "C:\Users\borod\OneDrive\Desktop\waifu_bot\.venv\Lib\site-packages\aiogram\client\session\aiohttp.py", line 177, in make_request
    response = self.check_response(
        bot=bot,
    ...<2 lines>...
        content=raw_result,
    )
  File "C:\Users\borod\OneDrive\Desktop\waifu_bot\.venv\Lib\site-packages\aiogram\client\session\base.py", line 121, in check_response
    raise TelegramBadRequest(method=method, message=description)
aiogram.exceptions.TelegramBadRequest: Telegram server says - Bad Request: wrong file identifier/HTTP URL specified
2026-05-02 07:24:16,939 | INFO | aiogram.event | Update id=90779173 is handled. Duration 93 ms by bot id=8508853940
2026-05-02 07:24:19,244 | ERROR | app.middlewares.error_handler | Unhandled error while processing Update
Traceback (most recent call last):
  File "C:\Users\borod\OneDrive\Desktop\waifu_bot\app\middlewares\error_handler.py", line 21, in __call__
    return await handler(event, data)
           ^^^^^^^^^^^^^^^^^^^^^^^^^^
  File "C:\Users\borod\OneDrive\Desktop\waifu_bot\.venv\Lib\site-packages\aiogram\dispatcher\event\handler.py", line 71, in call
    return await wrapped()
           ^^^^^^^^^^^^^^^
  File "C:\Users\borod\OneDrive\Desktop\waifu_bot\.venv\Lib\site-packages\aiogram\dispatcher\dispatcher.py", line 283, in _listen_update
    return await self.propagate_event(update_type=update_type, event=event, **kwargs)
           ^^^^^^^^^^^^^^^^^^^^^^^^^^^^^^^^^^^^^^^^^^^^^^^^^^^^^^^^^^^^^^^^^^^^^^^^^^
  File "C:\Users\borod\OneDrive\Desktop\waifu_bot\.venv\Lib\site-packages\aiogram\dispatcher\router.py", line 161, in propagate_event
    return await observer.wrap_outer_middleware(_wrapped, event=event, data=kwargs)
           ^^^^^^^^^^^^^^^^^^^^^^^^^^^^^^^^^^^^^^^^^^^^^^^^^^^^^^^^^^^^^^^^^^^^^^^^
  File "C:\Users\borod\OneDrive\Desktop\waifu_bot\.venv\Lib\site-packages\aiogram\dispatcher\router.py", line 153, in _wrapped
    return await self._propagate_event(
           ^^^^^^^^^^^^^^^^^^^^^^^^^^^^
    ...<4 lines>...
    )
    ^
  File "C:\Users\borod\OneDrive\Desktop\waifu_bot\.venv\Lib\site-packages\aiogram\dispatcher\router.py", line 189, in _propagate_event
    response = await router.propagate_event(update_type=update_type, event=event, **kwargs)
               ^^^^^^^^^^^^^^^^^^^^^^^^^^^^^^^^^^^^^^^^^^^^^^^^^^^^^^^^^^^^^^^^^^^^^^^^^^^^
  File "C:\Users\borod\OneDrive\Desktop\waifu_bot\.venv\Lib\site-packages\aiogram\dispatcher\router.py", line 161, in propagate_event
    return await observer.wrap_outer_middleware(_wrapped, event=event, data=kwargs)
           ^^^^^^^^^^^^^^^^^^^^^^^^^^^^^^^^^^^^^^^^^^^^^^^^^^^^^^^^^^^^^^^^^^^^^^^^
  File "C:\Users\borod\OneDrive\Desktop\waifu_bot\.venv\Lib\site-packages\aiogram\dispatcher\router.py", line 153, in _wrapped
    return await self._propagate_event(
           ^^^^^^^^^^^^^^^^^^^^^^^^^^^^
    ...<4 lines>...
    )
    ^
  File "C:\Users\borod\OneDrive\Desktop\waifu_bot\.venv\Lib\site-packages\aiogram\dispatcher\router.py", line 181, in _propagate_event
    response = await observer.trigger(event, **kwargs)
               ^^^^^^^^^^^^^^^^^^^^^^^^^^^^^^^^^^^^^^^
  File "C:\Users\borod\OneDrive\Desktop\waifu_bot\.venv\Lib\site-packages\aiogram\dispatcher\event\telegram.py", line 126, in trigger
    return await wrapped_inner(event, kwargs)
           ^^^^^^^^^^^^^^^^^^^^^^^^^^^^^^^^^^
  File "C:\Users\borod\OneDrive\Desktop\waifu_bot\.venv\Lib\site-packages\aiogram\dispatcher\event\handler.py", line 71, in call
    return await wrapped()
           ^^^^^^^^^^^^^^^
  File "C:\Users\borod\OneDrive\Desktop\waifu_bot\app\handlers\waifu_card.py", line 53, in open_waifu_card
    await call.message.answer_video(
    ...<4 lines>...
    )
  File "C:\Users\borod\OneDrive\Desktop\waifu_bot\.venv\Lib\site-packages\aiogram\methods\base.py", line 82, in emit
    return await bot(self)
           ^^^^^^^^^^^^^^^
  File "C:\Users\borod\OneDrive\Desktop\waifu_bot\.venv\Lib\site-packages\aiogram\client\bot.py", line 487, in __call__
    return await self.session(self, method, timeout=request_timeout)
           ^^^^^^^^^^^^^^^^^^^^^^^^^^^^^^^^^^^^^^^^^^^^^^^^^^^^^^^^^
  File "C:\Users\borod\OneDrive\Desktop\waifu_bot\.venv\Lib\site-packages\aiogram\client\session\base.py", line 259, in __call__
    return cast(TelegramType, await middleware(bot, method))
                              ^^^^^^^^^^^^^^^^^^^^^^^^^^^^^
  File "C:\Users\borod\OneDrive\Desktop\waifu_bot\.venv\Lib\site-packages\aiogram\client\session\aiohttp.py", line 177, in make_request
    response = self.check_response(
        bot=bot,
    ...<2 lines>...
        content=raw_result,
    )
  File "C:\Users\borod\OneDrive\Desktop\waifu_bot\.venv\Lib\site-packages\aiogram\client\session\base.py", line 121, in check_response
    raise TelegramBadRequest(method=method, message=description)
aiogram.exceptions.TelegramBadRequest: Telegram server says - Bad Request: wrong file identifier/HTTP URL specified
2026-05-02 07:24:19,246 | INFO | aiogram.event | Update id=90779174 is handled. Duration 91 ms by bot id=8508853940
2026-05-02 07:24:27,320 | ERROR | app.middlewares.error_handler | Unhandled error while processing Update
Traceback (most recent call last):
  File "C:\Users\borod\OneDrive\Desktop\waifu_bot\app\middlewares\error_handler.py", line 21, in __call__
    return await handler(event, data)
           ^^^^^^^^^^^^^^^^^^^^^^^^^^
  File "C:\Users\borod\OneDrive\Desktop\waifu_bot\.venv\Lib\site-packages\aiogram\dispatcher\event\handler.py", line 71, in call
    return await wrapped()
           ^^^^^^^^^^^^^^^
  File "C:\Users\borod\OneDrive\Desktop\waifu_bot\.venv\Lib\site-packages\aiogram\dispatcher\dispatcher.py", line 283, in _listen_update
    return await self.propagate_event(update_type=update_type, event=event, **kwargs)
           ^^^^^^^^^^^^^^^^^^^^^^^^^^^^^^^^^^^^^^^^^^^^^^^^^^^^^^^^^^^^^^^^^^^^^^^^^^
  File "C:\Users\borod\OneDrive\Desktop\waifu_bot\.venv\Lib\site-packages\aiogram\dispatcher\router.py", line 161, in propagate_event
    return await observer.wrap_outer_middleware(_wrapped, event=event, data=kwargs)
           ^^^^^^^^^^^^^^^^^^^^^^^^^^^^^^^^^^^^^^^^^^^^^^^^^^^^^^^^^^^^^^^^^^^^^^^^
  File "C:\Users\borod\OneDrive\Desktop\waifu_bot\.venv\Lib\site-packages\aiogram\dispatcher\router.py", line 153, in _wrapped
    return await self._propagate_event(
           ^^^^^^^^^^^^^^^^^^^^^^^^^^^^
    ...<4 lines>...
    )
    ^
  File "C:\Users\borod\OneDrive\Desktop\waifu_bot\.venv\Lib\site-packages\aiogram\dispatcher\router.py", line 189, in _propagate_event
    response = await router.propagate_event(update_type=update_type, event=event, **kwargs)
               ^^^^^^^^^^^^^^^^^^^^^^^^^^^^^^^^^^^^^^^^^^^^^^^^^^^^^^^^^^^^^^^^^^^^^^^^^^^^
  File "C:\Users\borod\OneDrive\Desktop\waifu_bot\.venv\Lib\site-packages\aiogram\dispatcher\router.py", line 161, in propagate_event
    return await observer.wrap_outer_middleware(_wrapped, event=event, data=kwargs)
           ^^^^^^^^^^^^^^^^^^^^^^^^^^^^^^^^^^^^^^^^^^^^^^^^^^^^^^^^^^^^^^^^^^^^^^^^
  File "C:\Users\borod\OneDrive\Desktop\waifu_bot\.venv\Lib\site-packages\aiogram\dispatcher\router.py", line 153, in _wrapped
    return await self._propagate_event(
           ^^^^^^^^^^^^^^^^^^^^^^^^^^^^
    ...<4 lines>...
    )
    ^
  File "C:\Users\borod\OneDrive\Desktop\waifu_bot\.venv\Lib\site-packages\aiogram\dispatcher\router.py", line 181, in _propagate_event
    response = await observer.trigger(event, **kwargs)
               ^^^^^^^^^^^^^^^^^^^^^^^^^^^^^^^^^^^^^^^
  File "C:\Users\borod\OneDrive\Desktop\waifu_bot\.venv\Lib\site-packages\aiogram\dispatcher\event\telegram.py", line 126, in trigger
    return await wrapped_inner(event, kwargs)
           ^^^^^^^^^^^^^^^^^^^^^^^^^^^^^^^^^^
  File "C:\Users\borod\OneDrive\Desktop\waifu_bot\.venv\Lib\site-packages\aiogram\dispatcher\event\handler.py", line 71, in call
    return await wrapped()
           ^^^^^^^^^^^^^^^
  File "C:\Users\borod\OneDrive\Desktop\waifu_bot\app\handlers\waifu_card.py", line 53, in open_waifu_card
    await call.message.answer_video(
    ...<4 lines>...
    )
  File "C:\Users\borod\OneDrive\Desktop\waifu_bot\.venv\Lib\site-packages\aiogram\methods\base.py", line 82, in emit
    return await bot(self)
           ^^^^^^^^^^^^^^^
  File "C:\Users\borod\OneDrive\Desktop\waifu_bot\.venv\Lib\site-packages\aiogram\client\bot.py", line 487, in __call__
    return await self.session(self, method, timeout=request_timeout)
           ^^^^^^^^^^^^^^^^^^^^^^^^^^^^^^^^^^^^^^^^^^^^^^^^^^^^^^^^^
  File "C:\Users\borod\OneDrive\Desktop\waifu_bot\.venv\Lib\site-packages\aiogram\client\session\base.py", line 259, in __call__
    return cast(TelegramType, await middleware(bot, method))
                              ^^^^^^^^^^^^^^^^^^^^^^^^^^^^^
  File "C:\Users\borod\OneDrive\Desktop\waifu_bot\.venv\Lib\site-packages\aiogram\client\session\aiohttp.py", line 177, in make_request
    response = self.check_response(
        bot=bot,
    ...<2 lines>...
        content=raw_result,
    )
  File "C:\Users\borod\OneDrive\Desktop\waifu_bot\.venv\Lib\site-packages\aiogram\client\session\base.py", line 121, in check_response
    raise TelegramBadRequest(method=method, message=description)
aiogram.exceptions.TelegramBadRequest: Telegram server says - Bad Request: wrong file identifier/HTTP URL specified
2026-05-02 07:24:27,322 | INFO | aiogram.event | Update id=90779175 is handled. Duration 89 ms by bot id=8508853940
2026-05-02 07:24:28,024 | INFO | aiogram.event | Update id=90779176 is handled. Duration 101 ms by bot id=8508853940
2026-05-02 07:24:29,534 | ERROR | app.middlewares.error_handler | Unhandled error while processing Update
Traceback (most recent call last):
  File "C:\Users\borod\OneDrive\Desktop\waifu_bot\app\middlewares\error_handler.py", line 21, in __call__
    return await handler(event, data)
           ^^^^^^^^^^^^^^^^^^^^^^^^^^
  File "C:\Users\borod\OneDrive\Desktop\waifu_bot\.venv\Lib\site-packages\aiogram\dispatcher\event\handler.py", line 71, in call
    return await wrapped()
           ^^^^^^^^^^^^^^^
  File "C:\Users\borod\OneDrive\Desktop\waifu_bot\.venv\Lib\site-packages\aiogram\dispatcher\dispatcher.py", line 283, in _listen_update
    return await self.propagate_event(update_type=update_type, event=event, **kwargs)
           ^^^^^^^^^^^^^^^^^^^^^^^^^^^^^^^^^^^^^^^^^^^^^^^^^^^^^^^^^^^^^^^^^^^^^^^^^^
  File "C:\Users\borod\OneDrive\Desktop\waifu_bot\.venv\Lib\site-packages\aiogram\dispatcher\router.py", line 161, in propagate_event
    return await observer.wrap_outer_middleware(_wrapped, event=event, data=kwargs)
           ^^^^^^^^^^^^^^^^^^^^^^^^^^^^^^^^^^^^^^^^^^^^^^^^^^^^^^^^^^^^^^^^^^^^^^^^
  File "C:\Users\borod\OneDrive\Desktop\waifu_bot\.venv\Lib\site-packages\aiogram\dispatcher\router.py", line 153, in _wrapped
    return await self._propagate_event(
           ^^^^^^^^^^^^^^^^^^^^^^^^^^^^
    ...<4 lines>...
    )
    ^
  File "C:\Users\borod\OneDrive\Desktop\waifu_bot\.venv\Lib\site-packages\aiogram\dispatcher\router.py", line 189, in _propagate_event
    response = await router.propagate_event(update_type=update_type, event=event, **kwargs)
               ^^^^^^^^^^^^^^^^^^^^^^^^^^^^^^^^^^^^^^^^^^^^^^^^^^^^^^^^^^^^^^^^^^^^^^^^^^^^
  File "C:\Users\borod\OneDrive\Desktop\waifu_bot\.venv\Lib\site-packages\aiogram\dispatcher\router.py", line 161, in propagate_event
    return await observer.wrap_outer_middleware(_wrapped, event=event, data=kwargs)
           ^^^^^^^^^^^^^^^^^^^^^^^^^^^^^^^^^^^^^^^^^^^^^^^^^^^^^^^^^^^^^^^^^^^^^^^^
  File "C:\Users\borod\OneDrive\Desktop\waifu_bot\.venv\Lib\site-packages\aiogram\dispatcher\router.py", line 153, in _wrapped
    return await self._propagate_event(
           ^^^^^^^^^^^^^^^^^^^^^^^^^^^^
    ...<4 lines>...
    )
    ^
  File "C:\Users\borod\OneDrive\Desktop\waifu_bot\.venv\Lib\site-packages\aiogram\dispatcher\router.py", line 181, in _propagate_event
    response = await observer.trigger(event, **kwargs)
               ^^^^^^^^^^^^^^^^^^^^^^^^^^^^^^^^^^^^^^^
  File "C:\Users\borod\OneDrive\Desktop\waifu_bot\.venv\Lib\site-packages\aiogram\dispatcher\event\telegram.py", line 126, in trigger
    return await wrapped_inner(event, kwargs)
           ^^^^^^^^^^^^^^^^^^^^^^^^^^^^^^^^^^
  File "C:\Users\borod\OneDrive\Desktop\waifu_bot\.venv\Lib\site-packages\aiogram\dispatcher\event\handler.py", line 71, in call
    return await wrapped()
           ^^^^^^^^^^^^^^^
  File "C:\Users\borod\OneDrive\Desktop\waifu_bot\app\handlers\waifu_card.py", line 53, in open_waifu_card
    await call.message.answer_video(
    ...<4 lines>...
    )
  File "C:\Users\borod\OneDrive\Desktop\waifu_bot\.venv\Lib\site-packages\aiogram\methods\base.py", line 82, in emit
    return await bot(self)
           ^^^^^^^^^^^^^^^
  File "C:\Users\borod\OneDrive\Desktop\waifu_bot\.venv\Lib\site-packages\aiogram\client\bot.py", line 487, in __call__
    return await self.session(self, method, timeout=request_timeout)
           ^^^^^^^^^^^^^^^^^^^^^^^^^^^^^^^^^^^^^^^^^^^^^^^^^^^^^^^^^
  File "C:\Users\borod\OneDrive\Desktop\waifu_bot\.venv\Lib\site-packages\aiogram\client\session\base.py", line 259, in __call__
    return cast(TelegramType, await middleware(bot, method))
                              ^^^^^^^^^^^^^^^^^^^^^^^^^^^^^
  File "C:\Users\borod\OneDrive\Desktop\waifu_bot\.venv\Lib\site-packages\aiogram\client\session\aiohttp.py", line 177, in make_request
    response = self.check_response(
        bot=bot,
    ...<2 lines>...
        content=raw_result,
    )
  File "C:\Users\borod\OneDrive\Desktop\waifu_bot\.venv\Lib\site-packages\aiogram\client\session\base.py", line 121, in check_response
    raise TelegramBadRequest(method=method, message=description)
aiogram.exceptions.TelegramBadRequest: Telegram server says - Bad Request: wrong file identifier/HTTP URL specified
2026-05-02 07:24:29,537 | INFO | aiogram.event | Update id=90779177 is handled. Duration 95 ms by bot id=8508853940
2026-05-02 07:24:30,904 | ERROR | app.middlewares.error_handler | Unhandled error while processing Update
Traceback (most recent call last):
  File "C:\Users\borod\OneDrive\Desktop\waifu_bot\app\middlewares\error_handler.py", line 21, in __call__
    return await handler(event, data)
           ^^^^^^^^^^^^^^^^^^^^^^^^^^
  File "C:\Users\borod\OneDrive\Desktop\waifu_bot\.venv\Lib\site-packages\aiogram\dispatcher\event\handler.py", line 71, in call
    return await wrapped()
           ^^^^^^^^^^^^^^^
  File "C:\Users\borod\OneDrive\Desktop\waifu_bot\.venv\Lib\site-packages\aiogram\dispatcher\dispatcher.py", line 283, in _listen_update
    return await self.propagate_event(update_type=update_type, event=event, **kwargs)
           ^^^^^^^^^^^^^^^^^^^^^^^^^^^^^^^^^^^^^^^^^^^^^^^^^^^^^^^^^^^^^^^^^^^^^^^^^^
  File "C:\Users\borod\OneDrive\Desktop\waifu_bot\.venv\Lib\site-packages\aiogram\dispatcher\router.py", line 161, in propagate_event
    return await observer.wrap_outer_middleware(_wrapped, event=event, data=kwargs)
           ^^^^^^^^^^^^^^^^^^^^^^^^^^^^^^^^^^^^^^^^^^^^^^^^^^^^^^^^^^^^^^^^^^^^^^^^
  File "C:\Users\borod\OneDrive\Desktop\waifu_bot\.venv\Lib\site-packages\aiogram\dispatcher\router.py", line 153, in _wrapped
    return await self._propagate_event(
           ^^^^^^^^^^^^^^^^^^^^^^^^^^^^
    ...<4 lines>...
    )
    ^
  File "C:\Users\borod\OneDrive\Desktop\waifu_bot\.venv\Lib\site-packages\aiogram\dispatcher\router.py", line 189, in _propagate_event
    response = await router.propagate_event(update_type=update_type, event=event, **kwargs)
               ^^^^^^^^^^^^^^^^^^^^^^^^^^^^^^^^^^^^^^^^^^^^^^^^^^^^^^^^^^^^^^^^^^^^^^^^^^^^
  File "C:\Users\borod\OneDrive\Desktop\waifu_bot\.venv\Lib\site-packages\aiogram\dispatcher\router.py", line 161, in propagate_event
    return await observer.wrap_outer_middleware(_wrapped, event=event, data=kwargs)
           ^^^^^^^^^^^^^^^^^^^^^^^^^^^^^^^^^^^^^^^^^^^^^^^^^^^^^^^^^^^^^^^^^^^^^^^^
  File "C:\Users\borod\OneDrive\Desktop\waifu_bot\.venv\Lib\site-packages\aiogram\dispatcher\router.py", line 153, in _wrapped
    return await self._propagate_event(
           ^^^^^^^^^^^^^^^^^^^^^^^^^^^^
    ...<4 lines>...
    )
    ^
  File "C:\Users\borod\OneDrive\Desktop\waifu_bot\.venv\Lib\site-packages\aiogram\dispatcher\router.py", line 181, in _propagate_event
    response = await observer.trigger(event, **kwargs)
               ^^^^^^^^^^^^^^^^^^^^^^^^^^^^^^^^^^^^^^^
  File "C:\Users\borod\OneDrive\Desktop\waifu_bot\.venv\Lib\site-packages\aiogram\dispatcher\event\telegram.py", line 126, in trigger
    return await wrapped_inner(event, kwargs)
           ^^^^^^^^^^^^^^^^^^^^^^^^^^^^^^^^^^
  File "C:\Users\borod\OneDrive\Desktop\waifu_bot\.venv\Lib\site-packages\aiogram\dispatcher\event\handler.py", line 71, in call
    return await wrapped()
           ^^^^^^^^^^^^^^^
  File "C:\Users\borod\OneDrive\Desktop\waifu_bot\app\handlers\waifu_card.py", line 53, in open_waifu_card
    await call.message.answer_video(
    ...<4 lines>...
    )
  File "C:\Users\borod\OneDrive\Desktop\waifu_bot\.venv\Lib\site-packages\aiogram\methods\base.py", line 82, in emit
    return await bot(self)
           ^^^^^^^^^^^^^^^
  File "C:\Users\borod\OneDrive\Desktop\waifu_bot\.venv\Lib\site-packages\aiogram\client\bot.py", line 487, in __call__
    return await self.session(self, method, timeout=request_timeout)
           ^^^^^^^^^^^^^^^^^^^^^^^^^^^^^^^^^^^^^^^^^^^^^^^^^^^^^^^^^
  File "C:\Users\borod\OneDrive\Desktop\waifu_bot\.venv\Lib\site-packages\aiogram\client\session\base.py", line 259, in __call__
    return cast(TelegramType, await middleware(bot, method))
                              ^^^^^^^^^^^^^^^^^^^^^^^^^^^^^
  File "C:\Users\borod\OneDrive\Desktop\waifu_bot\.venv\Lib\site-packages\aiogram\client\session\aiohttp.py", line 177, in make_request
    response = self.check_response(
        bot=bot,
    ...<2 lines>...
        content=raw_result,
    )
  File "C:\Users\borod\OneDrive\Desktop\waifu_bot\.venv\Lib\site-packages\aiogram\client\session\base.py", line 121, in check_response
    raise TelegramBadRequest(method=method, message=description)
aiogram.exceptions.TelegramBadRequest: Telegram server says - Bad Request: wrong file identifier/HTTP URL specified
2026-05-02 07:24:30,906 | INFO | aiogram.event | Update id=90779178 is handled. Duration 93 ms by bot id=8508853940
2026-05-02 07:24:43,481 | ERROR | app.middlewares.error_handler | Unhandled error while processing Update
Traceback (most recent call last):
  File "C:\Users\borod\OneDrive\Desktop\waifu_bot\app\middlewares\error_handler.py", line 21, in __call__
    return await handler(event, data)
           ^^^^^^^^^^^^^^^^^^^^^^^^^^
  File "C:\Users\borod\OneDrive\Desktop\waifu_bot\.venv\Lib\site-packages\aiogram\dispatcher\event\handler.py", line 71, in call
    return await wrapped()
           ^^^^^^^^^^^^^^^
  File "C:\Users\borod\OneDrive\Desktop\waifu_bot\.venv\Lib\site-packages\aiogram\dispatcher\dispatcher.py", line 283, in _listen_update
    return await self.propagate_event(update_type=update_type, event=event, **kwargs)
           ^^^^^^^^^^^^^^^^^^^^^^^^^^^^^^^^^^^^^^^^^^^^^^^^^^^^^^^^^^^^^^^^^^^^^^^^^^
  File "C:\Users\borod\OneDrive\Desktop\waifu_bot\.venv\Lib\site-packages\aiogram\dispatcher\router.py", line 161, in propagate_event
    return await observer.wrap_outer_middleware(_wrapped, event=event, data=kwargs)
           ^^^^^^^^^^^^^^^^^^^^^^^^^^^^^^^^^^^^^^^^^^^^^^^^^^^^^^^^^^^^^^^^^^^^^^^^
  File "C:\Users\borod\OneDrive\Desktop\waifu_bot\.venv\Lib\site-packages\aiogram\dispatcher\router.py", line 153, in _wrapped
    return await self._propagate_event(
           ^^^^^^^^^^^^^^^^^^^^^^^^^^^^
    ...<4 lines>...
    )
    ^
  File "C:\Users\borod\OneDrive\Desktop\waifu_bot\.venv\Lib\site-packages\aiogram\dispatcher\router.py", line 189, in _propagate_event
    response = await router.propagate_event(update_type=update_type, event=event, **kwargs)
               ^^^^^^^^^^^^^^^^^^^^^^^^^^^^^^^^^^^^^^^^^^^^^^^^^^^^^^^^^^^^^^^^^^^^^^^^^^^^
  File "C:\Users\borod\OneDrive\Desktop\waifu_bot\.venv\Lib\site-packages\aiogram\dispatcher\router.py", line 161, in propagate_event
    return await observer.wrap_outer_middleware(_wrapped, event=event, data=kwargs)
           ^^^^^^^^^^^^^^^^^^^^^^^^^^^^^^^^^^^^^^^^^^^^^^^^^^^^^^^^^^^^^^^^^^^^^^^^
  File "C:\Users\borod\OneDrive\Desktop\waifu_bot\.venv\Lib\site-packages\aiogram\dispatcher\router.py", line 153, in _wrapped
    return await self._propagate_event(
           ^^^^^^^^^^^^^^^^^^^^^^^^^^^^
    ...<4 lines>...
    )
    ^
  File "C:\Users\borod\OneDrive\Desktop\waifu_bot\.venv\Lib\site-packages\aiogram\dispatcher\router.py", line 181, in _propagate_event
    response = await observer.trigger(event, **kwargs)
               ^^^^^^^^^^^^^^^^^^^^^^^^^^^^^^^^^^^^^^^
  File "C:\Users\borod\OneDrive\Desktop\waifu_bot\.venv\Lib\site-packages\aiogram\dispatcher\event\telegram.py", line 126, in trigger
    return await wrapped_inner(event, kwargs)
           ^^^^^^^^^^^^^^^^^^^^^^^^^^^^^^^^^^
  File "C:\Users\borod\OneDrive\Desktop\waifu_bot\.venv\Lib\site-packages\aiogram\dispatcher\event\handler.py", line 71, in call
    return await wrapped()
           ^^^^^^^^^^^^^^^
  File "C:\Users\borod\OneDrive\Desktop\waifu_bot\app\handlers\waifu_card.py", line 53, in open_waifu_card
    await call.message.answer_video(
    ...<4 lines>...
    )
  File "C:\Users\borod\OneDrive\Desktop\waifu_bot\.venv\Lib\site-packages\aiogram\methods\base.py", line 82, in emit
    return await bot(self)
           ^^^^^^^^^^^^^^^
  File "C:\Users\borod\OneDrive\Desktop\waifu_bot\.venv\Lib\site-packages\aiogram\client\bot.py", line 487, in __call__
    return await self.session(self, method, timeout=request_timeout)
           ^^^^^^^^^^^^^^^^^^^^^^^^^^^^^^^^^^^^^^^^^^^^^^^^^^^^^^^^^
  File "C:\Users\borod\OneDrive\Desktop\waifu_bot\.venv\Lib\site-packages\aiogram\client\session\base.py", line 259, in __call__
    return cast(TelegramType, await middleware(bot, method))
                              ^^^^^^^^^^^^^^^^^^^^^^^^^^^^^
  File "C:\Users\borod\OneDrive\Desktop\waifu_bot\.venv\Lib\site-packages\aiogram\client\session\aiohttp.py", line 177, in make_request
    response = self.check_response(
        bot=bot,
    ...<2 lines>...
        content=raw_result,
    )
  File "C:\Users\borod\OneDrive\Desktop\waifu_bot\.venv\Lib\site-packages\aiogram\client\session\base.py", line 121, in check_response
    raise TelegramBadRequest(method=method, message=description)
aiogram.exceptions.TelegramBadRequest: Telegram server says - Bad Request: wrong file identifier/HTTP URL specified
2026-05-02 07:24:43,484 | INFO | aiogram.event | Update id=90779179 is handled. Duration 95 ms by bot id=8508853940
2026-05-02 07:24:46,854 | ERROR | app.middlewares.error_handler | Unhandled error while processing Update
Traceback (most recent call last):
  File "C:\Users\borod\OneDrive\Desktop\waifu_bot\app\middlewares\error_handler.py", line 21, in __call__
    return await handler(event, data)
           ^^^^^^^^^^^^^^^^^^^^^^^^^^
  File "C:\Users\borod\OneDrive\Desktop\waifu_bot\.venv\Lib\site-packages\aiogram\dispatcher\event\handler.py", line 71, in call
    return await wrapped()
           ^^^^^^^^^^^^^^^
  File "C:\Users\borod\OneDrive\Desktop\waifu_bot\.venv\Lib\site-packages\aiogram\dispatcher\dispatcher.py", line 283, in _listen_update
    return await self.propagate_event(update_type=update_type, event=event, **kwargs)
           ^^^^^^^^^^^^^^^^^^^^^^^^^^^^^^^^^^^^^^^^^^^^^^^^^^^^^^^^^^^^^^^^^^^^^^^^^^
  File "C:\Users\borod\OneDrive\Desktop\waifu_bot\.venv\Lib\site-packages\aiogram\dispatcher\router.py", line 161, in propagate_event
    return await observer.wrap_outer_middleware(_wrapped, event=event, data=kwargs)
           ^^^^^^^^^^^^^^^^^^^^^^^^^^^^^^^^^^^^^^^^^^^^^^^^^^^^^^^^^^^^^^^^^^^^^^^^
  File "C:\Users\borod\OneDrive\Desktop\waifu_bot\.venv\Lib\site-packages\aiogram\dispatcher\router.py", line 153, in _wrapped
    return await self._propagate_event(
           ^^^^^^^^^^^^^^^^^^^^^^^^^^^^
    ...<4 lines>...
    )
    ^
  File "C:\Users\borod\OneDrive\Desktop\waifu_bot\.venv\Lib\site-packages\aiogram\dispatcher\router.py", line 189, in _propagate_event
    response = await router.propagate_event(update_type=update_type, event=event, **kwargs)
               ^^^^^^^^^^^^^^^^^^^^^^^^^^^^^^^^^^^^^^^^^^^^^^^^^^^^^^^^^^^^^^^^^^^^^^^^^^^^
  File "C:\Users\borod\OneDrive\Desktop\waifu_bot\.venv\Lib\site-packages\aiogram\dispatcher\router.py", line 161, in propagate_event
    return await observer.wrap_outer_middleware(_wrapped, event=event, data=kwargs)
           ^^^^^^^^^^^^^^^^^^^^^^^^^^^^^^^^^^^^^^^^^^^^^^^^^^^^^^^^^^^^^^^^^^^^^^^^
  File "C:\Users\borod\OneDrive\Desktop\waifu_bot\.venv\Lib\site-packages\aiogram\dispatcher\router.py", line 153, in _wrapped
    return await self._propagate_event(
           ^^^^^^^^^^^^^^^^^^^^^^^^^^^^
    ...<4 lines>...
    )
    ^
  File "C:\Users\borod\OneDrive\Desktop\waifu_bot\.venv\Lib\site-packages\aiogram\dispatcher\router.py", line 181, in _propagate_event
    response = await observer.trigger(event, **kwargs)
               ^^^^^^^^^^^^^^^^^^^^^^^^^^^^^^^^^^^^^^^
  File "C:\Users\borod\OneDrive\Desktop\waifu_bot\.venv\Lib\site-packages\aiogram\dispatcher\event\telegram.py", line 126, in trigger
    return await wrapped_inner(event, kwargs)
           ^^^^^^^^^^^^^^^^^^^^^^^^^^^^^^^^^^
  File "C:\Users\borod\OneDrive\Desktop\waifu_bot\.venv\Lib\site-packages\aiogram\dispatcher\event\handler.py", line 71, in call
    return await wrapped()
           ^^^^^^^^^^^^^^^
  File "C:\Users\borod\OneDrive\Desktop\waifu_bot\app\handlers\waifu_card.py", line 53, in open_waifu_card
    await call.message.answer_video(
    ...<4 lines>...
    )
  File "C:\Users\borod\OneDrive\Desktop\waifu_bot\.venv\Lib\site-packages\aiogram\methods\base.py", line 82, in emit
    return await bot(self)
           ^^^^^^^^^^^^^^^
  File "C:\Users\borod\OneDrive\Desktop\waifu_bot\.venv\Lib\site-packages\aiogram\client\bot.py", line 487, in __call__
    return await self.session(self, method, timeout=request_timeout)
           ^^^^^^^^^^^^^^^^^^^^^^^^^^^^^^^^^^^^^^^^^^^^^^^^^^^^^^^^^
  File "C:\Users\borod\OneDrive\Desktop\waifu_bot\.venv\Lib\site-packages\aiogram\client\session\base.py", line 259, in __call__
    return cast(TelegramType, await middleware(bot, method))
                              ^^^^^^^^^^^^^^^^^^^^^^^^^^^^^
  File "C:\Users\borod\OneDrive\Desktop\waifu_bot\.venv\Lib\site-packages\aiogram\client\session\aiohttp.py", line 177, in make_request
    response = self.check_response(
        bot=bot,
    ...<2 lines>...
        content=raw_result,
    )
  File "C:\Users\borod\OneDrive\Desktop\waifu_bot\.venv\Lib\site-packages\aiogram\client\session\base.py", line 121, in check_response
    raise TelegramBadRequest(method=method, message=description)
aiogram.exceptions.TelegramBadRequest: Telegram server says - Bad Request: wrong file identifier/HTTP URL specified
2026-05-02 07:24:46,857 | INFO | aiogram.event | Update id=90779180 is handled. Duration 86 ms by bot id=8508853940
2026-05-02 08:28:00,097 | INFO | aiogram.event | Update id=90779181 is handled. Duration 10160 ms by bot id=8508853940
2026-05-02 08:28:00,128 | INFO | aiogram.event | Update id=90779182 is handled. Duration 249 ms by bot id=8508853940
2026-05-02 08:28:03,489 | INFO | aiogram.event | Update id=90779183 is handled. Duration 154 ms by bot id=8508853940
2026-05-02 08:28:05,078 | INFO | aiogram.event | Update id=90779184 is handled. Duration 100 ms by bot id=8508853940
2026-05-02 08:28:06,416 | ERROR | app.middlewares.error_handler | Unhandled error while processing Update
Traceback (most recent call last):
  File "C:\Users\borod\OneDrive\Desktop\waifu_bot\app\middlewares\error_handler.py", line 21, in __call__
    return await handler(event, data)
           ^^^^^^^^^^^^^^^^^^^^^^^^^^
  File "C:\Users\borod\OneDrive\Desktop\waifu_bot\.venv\Lib\site-packages\aiogram\dispatcher\event\handler.py", line 71, in call
    return await wrapped()
           ^^^^^^^^^^^^^^^
  File "C:\Users\borod\OneDrive\Desktop\waifu_bot\.venv\Lib\site-packages\aiogram\dispatcher\dispatcher.py", line 283, in _listen_update
    return await self.propagate_event(update_type=update_type, event=event, **kwargs)
           ^^^^^^^^^^^^^^^^^^^^^^^^^^^^^^^^^^^^^^^^^^^^^^^^^^^^^^^^^^^^^^^^^^^^^^^^^^
  File "C:\Users\borod\OneDrive\Desktop\waifu_bot\.venv\Lib\site-packages\aiogram\dispatcher\router.py", line 161, in propagate_event
    return await observer.wrap_outer_middleware(_wrapped, event=event, data=kwargs)
           ^^^^^^^^^^^^^^^^^^^^^^^^^^^^^^^^^^^^^^^^^^^^^^^^^^^^^^^^^^^^^^^^^^^^^^^^
  File "C:\Users\borod\OneDrive\Desktop\waifu_bot\.venv\Lib\site-packages\aiogram\dispatcher\router.py", line 153, in _wrapped
    return await self._propagate_event(
           ^^^^^^^^^^^^^^^^^^^^^^^^^^^^
    ...<4 lines>...
    )
    ^
  File "C:\Users\borod\OneDrive\Desktop\waifu_bot\.venv\Lib\site-packages\aiogram\dispatcher\router.py", line 189, in _propagate_event
    response = await router.propagate_event(update_type=update_type, event=event, **kwargs)
               ^^^^^^^^^^^^^^^^^^^^^^^^^^^^^^^^^^^^^^^^^^^^^^^^^^^^^^^^^^^^^^^^^^^^^^^^^^^^
  File "C:\Users\borod\OneDrive\Desktop\waifu_bot\.venv\Lib\site-packages\aiogram\dispatcher\router.py", line 161, in propagate_event
    return await observer.wrap_outer_middleware(_wrapped, event=event, data=kwargs)
           ^^^^^^^^^^^^^^^^^^^^^^^^^^^^^^^^^^^^^^^^^^^^^^^^^^^^^^^^^^^^^^^^^^^^^^^^
  File "C:\Users\borod\OneDrive\Desktop\waifu_bot\.venv\Lib\site-packages\aiogram\dispatcher\router.py", line 153, in _wrapped
    return await self._propagate_event(
           ^^^^^^^^^^^^^^^^^^^^^^^^^^^^
    ...<4 lines>...
    )
    ^
  File "C:\Users\borod\OneDrive\Desktop\waifu_bot\.venv\Lib\site-packages\aiogram\dispatcher\router.py", line 181, in _propagate_event
    response = await observer.trigger(event, **kwargs)
               ^^^^^^^^^^^^^^^^^^^^^^^^^^^^^^^^^^^^^^^
  File "C:\Users\borod\OneDrive\Desktop\waifu_bot\.venv\Lib\site-packages\aiogram\dispatcher\event\telegram.py", line 126, in trigger
    return await wrapped_inner(event, kwargs)
           ^^^^^^^^^^^^^^^^^^^^^^^^^^^^^^^^^^
  File "C:\Users\borod\OneDrive\Desktop\waifu_bot\.venv\Lib\site-packages\aiogram\dispatcher\event\handler.py", line 71, in call
    return await wrapped()
           ^^^^^^^^^^^^^^^
  File "C:\Users\borod\OneDrive\Desktop\waifu_bot\app\handlers\waifu_card.py", line 53, in open_waifu_card
    await call.message.answer_video(
    ...<4 lines>...
    )
  File "C:\Users\borod\OneDrive\Desktop\waifu_bot\.venv\Lib\site-packages\aiogram\methods\base.py", line 82, in emit
    return await bot(self)
           ^^^^^^^^^^^^^^^
  File "C:\Users\borod\OneDrive\Desktop\waifu_bot\.venv\Lib\site-packages\aiogram\client\bot.py", line 487, in __call__
    return await self.session(self, method, timeout=request_timeout)
           ^^^^^^^^^^^^^^^^^^^^^^^^^^^^^^^^^^^^^^^^^^^^^^^^^^^^^^^^^
  File "C:\Users\borod\OneDrive\Desktop\waifu_bot\.venv\Lib\site-packages\aiogram\client\session\base.py", line 259, in __call__
    return cast(TelegramType, await middleware(bot, method))
                              ^^^^^^^^^^^^^^^^^^^^^^^^^^^^^
  File "C:\Users\borod\OneDrive\Desktop\waifu_bot\.venv\Lib\site-packages\aiogram\client\session\aiohttp.py", line 177, in make_request
    response = self.check_response(
        bot=bot,
    ...<2 lines>...
        content=raw_result,
    )
  File "C:\Users\borod\OneDrive\Desktop\waifu_bot\.venv\Lib\site-packages\aiogram\client\session\base.py", line 121, in check_response
    raise TelegramBadRequest(method=method, message=description)
aiogram.exceptions.TelegramBadRequest: Telegram server says - Bad Request: wrong file identifier/HTTP URL specified
2026-05-02 08:28:06,419 | INFO | aiogram.event | Update id=90779185 is handled. Duration 132 ms by bot id=8508853940
2026-05-02 08:28:15,456 | INFO | aiogram.event | Update id=90779186 is handled. Duration 4 ms by bot id=8508853940
2026-05-02 08:28:15,837 | INFO | aiogram.event | Update id=90779187 is handled. Duration 0 ms by bot id=8508853940
2026-05-02 08:28:16,322 | INFO | aiogram.event | Update id=90779188 is handled. Duration 0 ms by bot id=8508853940
2026-05-02 08:28:16,809 | INFO | aiogram.event | Update id=90779189 is handled. Duration 0 ms by bot id=8508853940
2026-05-02 08:28:17,281 | INFO | aiogram.event | Update id=90779190 is handled. Duration 0 ms by bot id=8508853940
2026-05-02 08:28:18,056 | INFO | aiogram.event | Update id=90779191 is handled. Duration 0 ms by bot id=8508853940
2026-05-02 08:28:18,275 | INFO | aiogram.event | Update id=90779192 is handled. Duration 0 ms by bot id=8508853940
2026-05-02 08:28:19,596 | INFO | aiogram.event | Update id=90779193 is handled. Duration 0 ms by bot id=8508853940
2026-05-02 08:28:20,694 | INFO | aiogram.event | Update id=90779194 is handled. Duration 0 ms by bot id=8508853940
2026-05-02 08:28:21,192 | INFO | aiogram.event | Update id=90779195 is handled. Duration 0 ms by bot id=8508853940
2026-05-02 08:28:21,760 | INFO | aiogram.event | Update id=90779196 is handled. Duration 0 ms by bot id=8508853940
2026-05-02 08:28:24,151 | INFO | aiogram.event | Update id=90779197 is handled. Duration 0 ms by bot id=8508853940
2026-05-02 08:28:24,638 | INFO | aiogram.event | Update id=90779198 is handled. Duration 0 ms by bot id=8508853940
2026-05-02 08:28:25,436 | INFO | aiogram.event | Update id=90779199 is handled. Duration 0 ms by bot id=8508853940
2026-05-02 08:28:26,270 | INFO | aiogram.event | Update id=90779200 is handled. Duration 0 ms by bot id=8508853940
2026-05-02 08:28:30,455 | INFO | aiogram.event | Update id=90779201 is handled. Duration 0 ms by bot id=8508853940
2026-05-02 08:28:30,844 | INFO | aiogram.event | Update id=90779202 is handled. Duration 0 ms by bot id=8508853940
2026-05-02 08:28:31,626 | INFO | aiogram.event | Update id=90779203 is handled. Duration 0 ms by bot id=8508853940
2026-05-02 08:28:32,498 | INFO | aiogram.event | Update id=90779204 is handled. Duration 0 ms by bot id=8508853940
2026-05-02 08:28:32,901 | INFO | aiogram.event | Update id=90779205 is handled. Duration 0 ms by bot id=8508853940
2026-05-02 08:28:33,415 | INFO | aiogram.event | Update id=90779206 is handled. Duration 0 ms by bot id=8508853940
2026-05-02 08:28:34,473 | INFO | aiogram.event | Update id=90779207 is handled. Duration 0 ms by bot id=8508853940
2026-05-02 08:28:35,005 | INFO | aiogram.event | Update id=90779208 is handled. Duration 0 ms by bot id=8508853940
2026-05-02 08:28:35,607 | INFO | aiogram.event | Update id=90779209 is handled. Duration 1 ms by bot id=8508853940
2026-05-02 08:28:36,173 | INFO | aiogram.event | Update id=90779210 is handled. Duration 0 ms by bot id=8508853940
2026-05-02 08:28:36,705 | INFO | aiogram.event | Update id=90779211 is handled. Duration 0 ms by bot id=8508853940
2026-05-02 08:28:37,444 | INFO | aiogram.event | Update id=90779212 is handled. Duration 0 ms by bot id=8508853940
2026-05-02 08:28:37,990 | INFO | aiogram.event | Update id=90779213 is handled. Duration 0 ms by bot id=8508853940
2026-05-02 08:28:40,353 | INFO | aiogram.event | Update id=90779214 is handled. Duration 0 ms by bot id=8508853940
2026-05-02 08:28:40,816 | INFO | aiogram.event | Update id=90779215 is handled. Duration 0 ms by bot id=8508853940
2026-05-02 08:28:41,728 | INFO | aiogram.event | Update id=90779216 is handled. Duration 0 ms by bot id=8508853940
2026-05-02 08:28:42,204 | INFO | aiogram.event | Update id=90779217 is handled. Duration 0 ms by bot id=8508853940
2026-05-02 08:28:43,008 | INFO | aiogram.event | Update id=90779218 is handled. Duration 0 ms by bot id=8508853940
2026-05-02 08:28:43,942 | INFO | aiogram.event | Update id=90779219 is handled. Duration 0 ms by bot id=8508853940
2026-05-02 08:28:44,481 | INFO | aiogram.event | Update id=90779220 is handled. Duration 0 ms by bot id=8508853940
2026-05-02 08:28:44,928 | INFO | aiogram.event | Update id=90779221 is handled. Duration 0 ms by bot id=8508853940
2026-05-02 08:28:45,506 | INFO | aiogram.event | Update id=90779222 is handled. Duration 0 ms by bot id=8508853940
2026-05-02 08:28:46,334 | INFO | aiogram.event | Update id=90779223 is handled. Duration 0 ms by bot id=8508853940
2026-05-02 08:28:47,374 | INFO | aiogram.event | Update id=90779224 is handled. Duration 0 ms by bot id=8508853940
2026-05-02 08:28:47,682 | INFO | aiogram.event | Update id=90779225 is handled. Duration 0 ms by bot id=8508853940
2026-05-02 08:28:48,973 | INFO | aiogram.event | Update id=90779226 is handled. Duration 0 ms by bot id=8508853940
2026-05-02 08:28:49,961 | INFO | aiogram.event | Update id=90779227 is handled. Duration 0 ms by bot id=8508853940
2026-05-02 08:28:50,505 | INFO | aiogram.event | Update id=90779228 is handled. Duration 0 ms by bot id=8508853940
2026-05-02 08:28:51,323 | INFO | aiogram.event | Update id=90779229 is handled. Duration 0 ms by bot id=8508853940
2026-05-02 08:28:52,271 | INFO | aiogram.event | Update id=90779230 is handled. Duration 0 ms by bot id=8508853940
2026-05-02 08:28:52,620 | INFO | aiogram.event | Update id=90779231 is handled. Duration 0 ms by bot id=8508853940
2026-05-02 08:28:53,580 | INFO | aiogram.event | Update id=90779232 is handled. Duration 0 ms by bot id=8508853940
2026-05-02 08:28:54,078 | INFO | aiogram.event | Update id=90779233 is handled. Duration 0 ms by bot id=8508853940
2026-05-02 08:28:55,017 | INFO | aiogram.event | Update id=90779234 is handled. Duration 0 ms by bot id=8508853940
2026-05-02 08:28:55,457 | INFO | aiogram.event | Update id=90779235 is handled. Duration 0 ms by bot id=8508853940
2026-05-02 08:28:56,365 | INFO | aiogram.event | Update id=90779236 is handled. Duration 0 ms by bot id=8508853940
2026-05-02 08:28:57,321 | INFO | aiogram.event | Update id=90779237 is handled. Duration 0 ms by bot id=8508853940
2026-05-02 08:28:57,807 | INFO | aiogram.event | Update id=90779238 is handled. Duration 0 ms by bot id=8508853940
2026-05-02 08:28:58,319 | INFO | aiogram.event | Update id=90779239 is handled. Duration 0 ms by bot id=8508853940
2026-05-02 08:28:59,338 | INFO | aiogram.event | Update id=90779240 is handled. Duration 0 ms by bot id=8508853940
2026-05-02 08:28:59,824 | INFO | aiogram.event | Update id=90779241 is handled. Duration 0 ms by bot id=8508853940
2026-05-02 08:29:00,824 | INFO | aiogram.event | Update id=90779242 is handled. Duration 0 ms by bot id=8508853940
2026-05-02 08:29:01,931 | INFO | aiogram.event | Update id=90779243 is handled. Duration 0 ms by bot id=8508853940
2026-05-02 08:29:02,401 | INFO | aiogram.event | Update id=90779244 is handled. Duration 0 ms by bot id=8508853940
2026-05-02 08:29:03,683 | INFO | aiogram.event | Update id=90779245 is handled. Duration 0 ms by bot id=8508853940
2026-05-02 08:29:04,706 | INFO | aiogram.event | Update id=90779246 is handled. Duration 0 ms by bot id=8508853940
2026-05-02 08:29:05,075 | INFO | aiogram.event | Update id=90779247 is handled. Duration 0 ms by bot id=8508853940
2026-05-02 08:29:05,638 | INFO | aiogram.event | Update id=90779248 is handled. Duration 0 ms by bot id=8508853940
2026-05-02 08:29:06,194 | INFO | aiogram.event | Update id=90779249 is handled. Duration 0 ms by bot id=8508853940
2026-05-02 08:29:06,753 | INFO | aiogram.event | Update id=90779250 is handled. Duration 0 ms by bot id=8508853940
2026-05-02 08:29:08,141 | INFO | aiogram.event | Update id=90779251 is handled. Duration 0 ms by bot id=8508853940
2026-05-02 08:29:08,927 | INFO | aiogram.event | Update id=90779252 is handled. Duration 0 ms by bot id=8508853940
2026-05-02 08:29:10,260 | INFO | aiogram.event | Update id=90779253 is handled. Duration 0 ms by bot id=8508853940
2026-05-02 08:29:10,592 | INFO | aiogram.event | Update id=90779254 is handled. Duration 0 ms by bot id=8508853940
2026-05-02 08:29:11,077 | INFO | aiogram.event | Update id=90779255 is handled. Duration 0 ms by bot id=8508853940
2026-05-02 08:29:12,022 | INFO | aiogram.event | Update id=90779256 is handled. Duration 0 ms by bot id=8508853940
2026-05-02 08:29:12,513 | INFO | aiogram.event | Update id=90779257 is handled. Duration 0 ms by bot id=8508853940
2026-05-02 08:29:13,421 | INFO | aiogram.event | Update id=90779258 is handled. Duration 0 ms by bot id=8508853940
2026-05-02 08:29:13,989 | INFO | aiogram.event | Update id=90779259 is handled. Duration 0 ms by bot id=8508853940
2026-05-02 08:29:14,590 | INFO | aiogram.event | Update id=90779260 is handled. Duration 0 ms by bot id=8508853940
2026-05-02 08:29:15,219 | INFO | aiogram.event | Update id=90779261 is handled. Duration 0 ms by bot id=8508853940
2026-05-02 08:29:15,557 | INFO | aiogram.event | Update id=90779262 is handled. Duration 0 ms by bot id=8508853940
2026-05-02 08:29:16,935 | INFO | aiogram.event | Update id=90779263 is handled. Duration 0 ms by bot id=8508853940
2026-05-02 08:29:17,547 | INFO | aiogram.event | Update id=90779264 is handled. Duration 0 ms by bot id=8508853940
2026-05-02 08:29:18,149 | INFO | aiogram.event | Update id=90779265 is handled. Duration 0 ms by bot id=8508853940
2026-05-02 08:29:18,738 | INFO | aiogram.event | Update id=90779266 is handled. Duration 0 ms by bot id=8508853940
2026-05-02 08:29:19,071 | INFO | aiogram.event | Update id=90779267 is handled. Duration 0 ms by bot id=8508853940
2026-05-02 08:29:19,849 | INFO | aiogram.event | Update id=90779268 is handled. Duration 0 ms by bot id=8508853940
2026-05-02 08:29:21,044 | INFO | aiogram.event | Update id=90779269 is handled. Duration 0 ms by bot id=8508853940
2026-05-02 08:29:21,291 | INFO | aiogram.event | Update id=90779270 is handled. Duration 0 ms by bot id=8508853940
2026-05-02 08:29:21,614 | INFO | aiogram.event | Update id=90779271 is handled. Duration 0 ms by bot id=8508853940
2026-05-02 08:29:22,158 | INFO | aiogram.event | Update id=90779272 is handled. Duration 0 ms by bot id=8508853940
2026-05-02 08:29:24,092 | INFO | aiogram.event | Update id=90779273 is handled. Duration 0 ms by bot id=8508853940
2026-05-02 08:29:25,014 | INFO | aiogram.event | Update id=90779274 is handled. Duration 0 ms by bot id=8508853940
2026-05-02 08:29:25,528 | INFO | aiogram.event | Update id=90779275 is handled. Duration 0 ms by bot id=8508853940
2026-05-02 08:29:27,458 | INFO | aiogram.event | Update id=90779276 is handled. Duration 0 ms by bot id=8508853940
2026-05-02 08:29:28,443 | INFO | aiogram.event | Update id=90779277 is handled. Duration 0 ms by bot id=8508853940
2026-05-02 08:29:28,953 | INFO | aiogram.event | Update id=90779278 is handled. Duration 0 ms by bot id=8508853940
2026-05-02 08:29:30,386 | INFO | aiogram.event | Update id=90779279 is handled. Duration 0 ms by bot id=8508853940
2026-05-02 08:29:31,287 | INFO | aiogram.event | Update id=90779280 is handled. Duration 0 ms by bot id=8508853940
2026-05-02 08:29:32,152 | INFO | aiogram.event | Update id=90779281 is handled. Duration 0 ms by bot id=8508853940
2026-05-02 08:29:32,719 | INFO | aiogram.event | Update id=90779282 is handled. Duration 0 ms by bot id=8508853940
2026-05-02 08:29:33,360 | INFO | aiogram.event | Update id=90779283 is handled. Duration 0 ms by bot id=8508853940
2026-05-02 08:29:35,673 | INFO | aiogram.event | Update id=90779284 is handled. Duration 0 ms by bot id=8508853940
2026-05-02 08:29:36,358 | INFO | aiogram.event | Update id=90779285 is handled. Duration 0 ms by bot id=8508853940
2026-05-02 08:29:36,922 | INFO | aiogram.event | Update id=90779286 is handled. Duration 0 ms by bot id=8508853940
2026-05-02 08:29:38,171 | INFO | aiogram.event | Update id=90779287 is handled. Duration 0 ms by bot id=8508853940
2026-05-02 08:29:39,031 | INFO | aiogram.event | Update id=90779288 is handled. Duration 0 ms by bot id=8508853940
2026-05-02 08:29:39,586 | INFO | aiogram.event | Update id=90779289 is handled. Duration 0 ms by bot id=8508853940
2026-05-02 08:29:40,159 | INFO | aiogram.event | Update id=90779290 is handled. Duration 0 ms by bot id=8508853940
2026-05-02 08:29:57,689 | INFO | aiogram.event | Update id=90779291 is handled. Duration 0 ms by bot id=8508853940
2026-05-02 08:29:57,722 | INFO | aiogram.event | Update id=90779292 is handled. Duration 0 ms by bot id=8508853940
2026-05-02 08:29:57,755 | INFO | aiogram.event | Update id=90779293 is handled. Duration 0 ms by bot id=8508853940
2026-05-02 08:29:58,853 | INFO | aiogram.event | Update id=90779294 is handled. Duration 0 ms by bot id=8508853940
2026-05-02 08:30:00,896 | INFO | aiogram.event | Update id=90779295 is handled. Duration 0 ms by bot id=8508853940
2026-05-02 08:30:01,402 | INFO | aiogram.event | Update id=90779296 is handled. Duration 0 ms by bot id=8508853940
2026-05-02 08:30:02,239 | INFO | aiogram.event | Update id=90779297 is handled. Duration 0 ms by bot id=8508853940
2026-05-02 08:30:02,749 | INFO | aiogram.event | Update id=90779298 is handled. Duration 0 ms by bot id=8508853940
2026-05-02 08:30:04,016 | INFO | aiogram.event | Update id=90779299 is handled. Duration 0 ms by bot id=8508853940
2026-05-02 08:30:04,586 | INFO | aiogram.event | Update id=90779300 is handled. Duration 0 ms by bot id=8508853940
2026-05-02 08:30:05,109 | INFO | aiogram.event | Update id=90779301 is handled. Duration 0 ms by bot id=8508853940
2026-05-02 08:30:05,659 | INFO | aiogram.event | Update id=90779302 is handled. Duration 0 ms by bot id=8508853940
2026-05-02 08:30:06,258 | INFO | aiogram.event | Update id=90779303 is handled. Duration 0 ms by bot id=8508853940
2026-05-02 08:30:07,902 | INFO | aiogram.event | Update id=90779304 is handled. Duration 0 ms by bot id=8508853940
2026-05-02 08:30:08,499 | INFO | aiogram.event | Update id=90779305 is handled. Duration 0 ms by bot id=8508853940
2026-05-02 08:30:09,049 | INFO | aiogram.event | Update id=90779306 is handled. Duration 0 ms by bot id=8508853940
2026-05-02 08:30:09,715 | INFO | aiogram.event | Update id=90779307 is handled. Duration 0 ms by bot id=8508853940
2026-05-02 08:30:11,126 | INFO | aiogram.event | Update id=90779308 is handled. Duration 0 ms by bot id=8508853940
2026-05-02 08:30:12,326 | INFO | aiogram.event | Update id=90779309 is handled. Duration 0 ms by bot id=8508853940
2026-05-02 08:30:12,885 | INFO | aiogram.event | Update id=90779310 is handled. Duration 0 ms by bot id=8508853940
2026-05-02 08:30:13,948 | INFO | aiogram.event | Update id=90779311 is handled. Duration 0 ms by bot id=8508853940
2026-05-02 08:30:14,540 | INFO | aiogram.event | Update id=90779312 is handled. Duration 0 ms by bot id=8508853940
2026-05-02 08:30:15,131 | INFO | aiogram.event | Update id=90779313 is handled. Duration 0 ms by bot id=8508853940
2026-05-02 08:30:15,698 | INFO | aiogram.event | Update id=90779314 is handled. Duration 0 ms by bot id=8508853940
2026-05-02 08:30:16,801 | INFO | aiogram.event | Update id=90779315 is handled. Duration 0 ms by bot id=8508853940
2026-05-02 08:30:17,352 | INFO | aiogram.event | Update id=90779316 is handled. Duration 0 ms by bot id=8508853940
2026-05-02 08:30:17,906 | INFO | aiogram.event | Update id=90779317 is handled. Duration 0 ms by bot id=8508853940
2026-05-02 08:30:18,435 | INFO | aiogram.event | Update id=90779318 is handled. Duration 0 ms by bot id=8508853940
2026-05-02 08:30:19,036 | INFO | aiogram.event | Update id=90779319 is handled. Duration 0 ms by bot id=8508853940
2026-05-02 08:30:20,172 | INFO | aiogram.event | Update id=90779320 is handled. Duration 0 ms by bot id=8508853940
2026-05-02 08:30:20,834 | INFO | aiogram.event | Update id=90779321 is handled. Duration 0 ms by bot id=8508853940
2026-05-02 08:30:21,322 | INFO | aiogram.event | Update id=90779322 is handled. Duration 0 ms by bot id=8508853940
2026-05-02 08:30:23,453 | INFO | aiogram.event | Update id=90779323 is handled. Duration 0 ms by bot id=8508853940
2026-05-02 08:30:24,014 | INFO | aiogram.event | Update id=90779324 is handled. Duration 0 ms by bot id=8508853940
2026-05-02 08:30:24,516 | INFO | aiogram.event | Update id=90779325 is handled. Duration 0 ms by bot id=8508853940
2026-05-02 08:30:26,014 | INFO | aiogram.event | Update id=90779326 is handled. Duration 0 ms by bot id=8508853940
2026-05-02 08:30:27,838 | INFO | aiogram.event | Update id=90779327 is handled. Duration 0 ms by bot id=8508853940
2026-05-02 08:30:28,344 | INFO | aiogram.event | Update id=90779328 is handled. Duration 0 ms by bot id=8508853940
2026-05-02 08:30:28,844 | INFO | aiogram.event | Update id=90779329 is handled. Duration 0 ms by bot id=8508853940
2026-05-02 08:30:29,295 | INFO | aiogram.event | Update id=90779330 is handled. Duration 0 ms by bot id=8508853940
2026-05-02 08:30:31,036 | INFO | aiogram.event | Update id=90779331 is handled. Duration 0 ms by bot id=8508853940
2026-05-02 08:30:31,532 | INFO | aiogram.event | Update id=90779332 is handled. Duration 0 ms by bot id=8508853940
2026-05-02 08:30:32,443 | INFO | aiogram.event | Update id=90779333 is handled. Duration 0 ms by bot id=8508853940
2026-05-02 08:30:32,915 | INFO | aiogram.event | Update id=90779334 is handled. Duration 0 ms by bot id=8508853940
2026-05-02 08:30:33,806 | INFO | aiogram.event | Update id=90779335 is handled. Duration 0 ms by bot id=8508853940
2026-05-02 08:30:34,609 | INFO | aiogram.event | Update id=90779336 is handled. Duration 0 ms by bot id=8508853940
2026-05-02 08:30:36,374 | INFO | aiogram.event | Update id=90779337 is handled. Duration 0 ms by bot id=8508853940
2026-05-02 08:30:37,380 | INFO | aiogram.event | Update id=90779338 is handled. Duration 0 ms by bot id=8508853940
2026-05-02 08:30:38,441 | INFO | aiogram.event | Update id=90779339 is handled. Duration 0 ms by bot id=8508853940
2026-05-02 08:30:39,351 | INFO | aiogram.event | Update id=90779340 is handled. Duration 0 ms by bot id=8508853940
2026-05-02 08:30:40,192 | INFO | aiogram.event | Update id=90779341 is handled. Duration 0 ms by bot id=8508853940
2026-05-02 08:30:40,605 | INFO | aiogram.event | Update id=90779342 is handled. Duration 0 ms by bot id=8508853940
2026-05-02 08:30:41,925 | INFO | aiogram.event | Update id=90779343 is handled. Duration 0 ms by bot id=8508853940
2026-05-02 08:30:42,452 | INFO | aiogram.event | Update id=90779344 is handled. Duration 0 ms by bot id=8508853940
2026-05-02 08:30:42,971 | INFO | aiogram.event | Update id=90779345 is handled. Duration 0 ms by bot id=8508853940
2026-05-02 08:30:43,837 | INFO | aiogram.event | Update id=90779346 is handled. Duration 0 ms by bot id=8508853940
2026-05-02 08:30:44,375 | INFO | aiogram.event | Update id=90779347 is handled. Duration 0 ms by bot id=8508853940
2026-05-02 08:30:45,350 | INFO | aiogram.event | Update id=90779348 is handled. Duration 0 ms by bot id=8508853940
2026-05-02 08:30:45,847 | INFO | aiogram.event | Update id=90779349 is handled. Duration 0 ms by bot id=8508853940
2026-05-02 08:30:46,851 | INFO | aiogram.event | Update id=90779350 is handled. Duration 0 ms by bot id=8508853940
2026-05-02 08:30:47,799 | INFO | aiogram.event | Update id=90779351 is handled. Duration 0 ms by bot id=8508853940
2026-05-02 08:30:48,809 | INFO | aiogram.event | Update id=90779352 is handled. Duration 0 ms by bot id=8508853940
2026-05-02 08:30:49,331 | INFO | aiogram.event | Update id=90779353 is handled. Duration 0 ms by bot id=8508853940
2026-05-02 08:30:49,861 | INFO | aiogram.event | Update id=90779354 is handled. Duration 0 ms by bot id=8508853940
2026-05-02 08:30:50,890 | INFO | aiogram.event | Update id=90779355 is handled. Duration 0 ms by bot id=8508853940
2026-05-02 08:30:51,443 | INFO | aiogram.event | Update id=90779356 is handled. Duration 0 ms by bot id=8508853940
2026-05-02 08:30:52,411 | INFO | aiogram.event | Update id=90779357 is handled. Duration 0 ms by bot id=8508853940
2026-05-02 08:30:53,098 | INFO | aiogram.event | Update id=90779358 is handled. Duration 0 ms by bot id=8508853940
2026-05-02 08:30:53,905 | INFO | aiogram.event | Update id=90779359 is handled. Duration 0 ms by bot id=8508853940
2026-05-02 08:30:54,431 | INFO | aiogram.event | Update id=90779360 is handled. Duration 0 ms by bot id=8508853940
2026-05-02 08:30:55,505 | INFO | aiogram.event | Update id=90779361 is handled. Duration 0 ms by bot id=8508853940
2026-05-02 08:30:56,322 | INFO | aiogram.event | Update id=90779362 is handled. Duration 0 ms by bot id=8508853940
2026-05-02 08:30:57,007 | INFO | aiogram.event | Update id=90779363 is handled. Duration 0 ms by bot id=8508853940
2026-05-02 08:30:57,485 | INFO | aiogram.event | Update id=90779364 is handled. Duration 0 ms by bot id=8508853940
2026-05-02 08:30:58,550 | INFO | aiogram.event | Update id=90779365 is handled. Duration 0 ms by bot id=8508853940
2026-05-02 08:31:00,213 | INFO | aiogram.event | Update id=90779366 is handled. Duration 0 ms by bot id=8508853940
2026-05-02 08:31:01,852 | INFO | aiogram.event | Update id=90779367 is handled. Duration 112 ms by bot id=8508853940
2026-05-02 08:31:02,292 | INFO | aiogram.event | Update id=90779368 is handled. Duration 0 ms by bot id=8508853940
2026-05-02 08:31:06,743 | INFO | aiogram.event | Update id=90779369 is handled. Duration 0 ms by bot id=8508853940
2026-05-02 08:31:12,490 | INFO | aiogram.event | Update id=90779370 is handled. Duration 0 ms by bot id=8508853940
2026-05-02 08:31:24,943 | INFO | aiogram.event | Update id=90779371 is handled. Duration 61 ms by bot id=8508853940
2026-05-02 08:31:27,775 | INFO | aiogram.event | Update id=90779372 is handled. Duration 0 ms by bot id=8508853940
2026-05-02 08:31:28,548 | INFO | aiogram.event | Update id=90779373 is handled. Duration 0 ms by bot id=8508853940
2026-05-02 08:31:30,186 | INFO | aiogram.event | Update id=90779374 is handled. Duration 0 ms by bot id=8508853940
2026-05-02 09:42:59,694 | INFO | aiogram.dispatcher | Polling stopped
2026-05-02 09:42:59,697 | ERROR | aiogram.dispatcher | Failed to fetch updates - TelegramNetworkError: HTTP Client says - ServerDisconnectedError: Server disconnected
2026-05-02 09:42:59,697 | WARNING | aiogram.dispatcher | Sleep for 1.000000 seconds and try again... (tryings = 0, bot id = 8508853940)
2026-05-02 09:42:59,955 | INFO | aiogram.dispatcher | Polling stopped for bot @WaifuHaremChatBot id=8508853940 - '𝑾𝒂𝒊𝒇𝒖 𝑯𝒂𝒓𝒆𝒎 𝑩𝒐𝒕'
2026-05-03 19:04:09,627 | INFO | __main__ | Bot is starting...
2026-05-03 19:04:10,269 | INFO | aiogram.dispatcher | Start polling
2026-05-03 19:04:10,303 | INFO | aiogram.dispatcher | Run polling for bot @WaifuHaremChatBot id=8508853940 - '𝑾𝒂𝒊𝒇𝒖 𝑯𝒂𝒓𝒆𝒎 𝑩𝒐𝒕'
2026-05-03 19:04:25,286 | INFO | aiogram.event | Update id=90779375 is handled. Duration 160 ms by bot id=8508853940
2026-05-03 19:04:27,471 | INFO | aiogram.event | Update id=90779376 is handled. Duration 95 ms by bot id=8508853940
2026-05-03 19:04:30,546 | ERROR | app.middlewares.error_handler | Unhandled error while processing Update
Traceback (most recent call last):
  File "C:\Users\borod\OneDrive\Desktop\waifu_bot\app\middlewares\error_handler.py", line 21, in __call__
    return await handler(event, data)
           ^^^^^^^^^^^^^^^^^^^^^^^^^^
  File "C:\Users\borod\OneDrive\Desktop\waifu_bot\.venv\Lib\site-packages\aiogram\dispatcher\event\handler.py", line 71, in call
    return await wrapped()
           ^^^^^^^^^^^^^^^
  File "C:\Users\borod\OneDrive\Desktop\waifu_bot\.venv\Lib\site-packages\aiogram\dispatcher\dispatcher.py", line 283, in _listen_update
    return await self.propagate_event(update_type=update_type, event=event, **kwargs)
           ^^^^^^^^^^^^^^^^^^^^^^^^^^^^^^^^^^^^^^^^^^^^^^^^^^^^^^^^^^^^^^^^^^^^^^^^^^
  File "C:\Users\borod\OneDrive\Desktop\waifu_bot\.venv\Lib\site-packages\aiogram\dispatcher\router.py", line 161, in propagate_event
    return await observer.wrap_outer_middleware(_wrapped, event=event, data=kwargs)
           ^^^^^^^^^^^^^^^^^^^^^^^^^^^^^^^^^^^^^^^^^^^^^^^^^^^^^^^^^^^^^^^^^^^^^^^^
  File "C:\Users\borod\OneDrive\Desktop\waifu_bot\.venv\Lib\site-packages\aiogram\dispatcher\router.py", line 153, in _wrapped
    return await self._propagate_event(
           ^^^^^^^^^^^^^^^^^^^^^^^^^^^^
    ...<4 lines>...
    )
    ^
  File "C:\Users\borod\OneDrive\Desktop\waifu_bot\.venv\Lib\site-packages\aiogram\dispatcher\router.py", line 189, in _propagate_event
    response = await router.propagate_event(update_type=update_type, event=event, **kwargs)
               ^^^^^^^^^^^^^^^^^^^^^^^^^^^^^^^^^^^^^^^^^^^^^^^^^^^^^^^^^^^^^^^^^^^^^^^^^^^^
  File "C:\Users\borod\OneDrive\Desktop\waifu_bot\.venv\Lib\site-packages\aiogram\dispatcher\router.py", line 161, in propagate_event
    return await observer.wrap_outer_middleware(_wrapped, event=event, data=kwargs)
           ^^^^^^^^^^^^^^^^^^^^^^^^^^^^^^^^^^^^^^^^^^^^^^^^^^^^^^^^^^^^^^^^^^^^^^^^
  File "C:\Users\borod\OneDrive\Desktop\waifu_bot\.venv\Lib\site-packages\aiogram\dispatcher\router.py", line 153, in _wrapped
    return await self._propagate_event(
           ^^^^^^^^^^^^^^^^^^^^^^^^^^^^
    ...<4 lines>...
    )
    ^
  File "C:\Users\borod\OneDrive\Desktop\waifu_bot\.venv\Lib\site-packages\aiogram\dispatcher\router.py", line 181, in _propagate_event
    response = await observer.trigger(event, **kwargs)
               ^^^^^^^^^^^^^^^^^^^^^^^^^^^^^^^^^^^^^^^
  File "C:\Users\borod\OneDrive\Desktop\waifu_bot\.venv\Lib\site-packages\aiogram\dispatcher\event\telegram.py", line 126, in trigger
    return await wrapped_inner(event, kwargs)
           ^^^^^^^^^^^^^^^^^^^^^^^^^^^^^^^^^^
  File "C:\Users\borod\OneDrive\Desktop\waifu_bot\.venv\Lib\site-packages\aiogram\dispatcher\event\handler.py", line 71, in call
    return await wrapped()
           ^^^^^^^^^^^^^^^
  File "C:\Users\borod\OneDrive\Desktop\waifu_bot\app\handlers\waifu_card.py", line 46, in open_waifu_card
    await call.message.answer_photo(
    ...<4 lines>...
    )
  File "C:\Users\borod\OneDrive\Desktop\waifu_bot\.venv\Lib\site-packages\aiogram\methods\base.py", line 82, in emit
    return await bot(self)
           ^^^^^^^^^^^^^^^
  File "C:\Users\borod\OneDrive\Desktop\waifu_bot\.venv\Lib\site-packages\aiogram\client\bot.py", line 487, in __call__
    return await self.session(self, method, timeout=request_timeout)
           ^^^^^^^^^^^^^^^^^^^^^^^^^^^^^^^^^^^^^^^^^^^^^^^^^^^^^^^^^
  File "C:\Users\borod\OneDrive\Desktop\waifu_bot\.venv\Lib\site-packages\aiogram\client\session\base.py", line 259, in __call__
    return cast(TelegramType, await middleware(bot, method))
                              ^^^^^^^^^^^^^^^^^^^^^^^^^^^^^
  File "C:\Users\borod\OneDrive\Desktop\waifu_bot\.venv\Lib\site-packages\aiogram\client\session\aiohttp.py", line 177, in make_request
    response = self.check_response(
        bot=bot,
    ...<2 lines>...
        content=raw_result,
    )
  File "C:\Users\borod\OneDrive\Desktop\waifu_bot\.venv\Lib\site-packages\aiogram\client\session\base.py", line 121, in check_response
    raise TelegramBadRequest(method=method, message=description)
aiogram.exceptions.TelegramBadRequest: Telegram server says - Bad Request: wrong file identifier/HTTP URL specified
2026-05-03 19:04:30,577 | INFO | aiogram.event | Update id=90779377 is handled. Duration 151 ms by bot id=8508853940
2026-05-03 19:04:32,210 | ERROR | app.middlewares.error_handler | Unhandled error while processing Update
Traceback (most recent call last):
  File "C:\Users\borod\OneDrive\Desktop\waifu_bot\app\middlewares\error_handler.py", line 21, in __call__
    return await handler(event, data)
           ^^^^^^^^^^^^^^^^^^^^^^^^^^
  File "C:\Users\borod\OneDrive\Desktop\waifu_bot\.venv\Lib\site-packages\aiogram\dispatcher\event\handler.py", line 71, in call
    return await wrapped()
           ^^^^^^^^^^^^^^^
  File "C:\Users\borod\OneDrive\Desktop\waifu_bot\.venv\Lib\site-packages\aiogram\dispatcher\dispatcher.py", line 283, in _listen_update
    return await self.propagate_event(update_type=update_type, event=event, **kwargs)
           ^^^^^^^^^^^^^^^^^^^^^^^^^^^^^^^^^^^^^^^^^^^^^^^^^^^^^^^^^^^^^^^^^^^^^^^^^^
  File "C:\Users\borod\OneDrive\Desktop\waifu_bot\.venv\Lib\site-packages\aiogram\dispatcher\router.py", line 161, in propagate_event
    return await observer.wrap_outer_middleware(_wrapped, event=event, data=kwargs)
           ^^^^^^^^^^^^^^^^^^^^^^^^^^^^^^^^^^^^^^^^^^^^^^^^^^^^^^^^^^^^^^^^^^^^^^^^
  File "C:\Users\borod\OneDrive\Desktop\waifu_bot\.venv\Lib\site-packages\aiogram\dispatcher\router.py", line 153, in _wrapped
    return await self._propagate_event(
           ^^^^^^^^^^^^^^^^^^^^^^^^^^^^
    ...<4 lines>...
    )
    ^
  File "C:\Users\borod\OneDrive\Desktop\waifu_bot\.venv\Lib\site-packages\aiogram\dispatcher\router.py", line 189, in _propagate_event
    response = await router.propagate_event(update_type=update_type, event=event, **kwargs)
               ^^^^^^^^^^^^^^^^^^^^^^^^^^^^^^^^^^^^^^^^^^^^^^^^^^^^^^^^^^^^^^^^^^^^^^^^^^^^
  File "C:\Users\borod\OneDrive\Desktop\waifu_bot\.venv\Lib\site-packages\aiogram\dispatcher\router.py", line 161, in propagate_event
    return await observer.wrap_outer_middleware(_wrapped, event=event, data=kwargs)
           ^^^^^^^^^^^^^^^^^^^^^^^^^^^^^^^^^^^^^^^^^^^^^^^^^^^^^^^^^^^^^^^^^^^^^^^^
  File "C:\Users\borod\OneDrive\Desktop\waifu_bot\.venv\Lib\site-packages\aiogram\dispatcher\router.py", line 153, in _wrapped
    return await self._propagate_event(
           ^^^^^^^^^^^^^^^^^^^^^^^^^^^^
    ...<4 lines>...
    )
    ^
  File "C:\Users\borod\OneDrive\Desktop\waifu_bot\.venv\Lib\site-packages\aiogram\dispatcher\router.py", line 181, in _propagate_event
    response = await observer.trigger(event, **kwargs)
               ^^^^^^^^^^^^^^^^^^^^^^^^^^^^^^^^^^^^^^^
  File "C:\Users\borod\OneDrive\Desktop\waifu_bot\.venv\Lib\site-packages\aiogram\dispatcher\event\telegram.py", line 126, in trigger
    return await wrapped_inner(event, kwargs)
           ^^^^^^^^^^^^^^^^^^^^^^^^^^^^^^^^^^
  File "C:\Users\borod\OneDrive\Desktop\waifu_bot\.venv\Lib\site-packages\aiogram\dispatcher\event\handler.py", line 71, in call
    return await wrapped()
           ^^^^^^^^^^^^^^^
  File "C:\Users\borod\OneDrive\Desktop\waifu_bot\app\handlers\waifu_card.py", line 46, in open_waifu_card
    await call.message.answer_photo(
    ...<4 lines>...
    )
  File "C:\Users\borod\OneDrive\Desktop\waifu_bot\.venv\Lib\site-packages\aiogram\methods\base.py", line 82, in emit
    return await bot(self)
           ^^^^^^^^^^^^^^^
  File "C:\Users\borod\OneDrive\Desktop\waifu_bot\.venv\Lib\site-packages\aiogram\client\bot.py", line 487, in __call__
    return await self.session(self, method, timeout=request_timeout)
           ^^^^^^^^^^^^^^^^^^^^^^^^^^^^^^^^^^^^^^^^^^^^^^^^^^^^^^^^^
  File "C:\Users\borod\OneDrive\Desktop\waifu_bot\.venv\Lib\site-packages\aiogram\client\session\base.py", line 259, in __call__
    return cast(TelegramType, await middleware(bot, method))
                              ^^^^^^^^^^^^^^^^^^^^^^^^^^^^^
  File "C:\Users\borod\OneDrive\Desktop\waifu_bot\.venv\Lib\site-packages\aiogram\client\session\aiohttp.py", line 177, in make_request
    response = self.check_response(
        bot=bot,
    ...<2 lines>...
        content=raw_result,
    )
  File "C:\Users\borod\OneDrive\Desktop\waifu_bot\.venv\Lib\site-packages\aiogram\client\session\base.py", line 121, in check_response
    raise TelegramBadRequest(method=method, message=description)
aiogram.exceptions.TelegramBadRequest: Telegram server says - Bad Request: wrong file identifier/HTTP URL specified
2026-05-03 19:04:32,212 | INFO | aiogram.event | Update id=90779378 is handled. Duration 91 ms by bot id=8508853940
2026-05-03 19:04:33,149 | INFO | aiogram.event | Update id=90779379 is handled. Duration 109 ms by bot id=8508853940
2026-05-03 19:04:34,342 | ERROR | app.middlewares.error_handler | Unhandled error while processing Update
Traceback (most recent call last):
  File "C:\Users\borod\OneDrive\Desktop\waifu_bot\app\middlewares\error_handler.py", line 21, in __call__
    return await handler(event, data)
           ^^^^^^^^^^^^^^^^^^^^^^^^^^
  File "C:\Users\borod\OneDrive\Desktop\waifu_bot\.venv\Lib\site-packages\aiogram\dispatcher\event\handler.py", line 71, in call
    return await wrapped()
           ^^^^^^^^^^^^^^^
  File "C:\Users\borod\OneDrive\Desktop\waifu_bot\.venv\Lib\site-packages\aiogram\dispatcher\dispatcher.py", line 283, in _listen_update
    return await self.propagate_event(update_type=update_type, event=event, **kwargs)
           ^^^^^^^^^^^^^^^^^^^^^^^^^^^^^^^^^^^^^^^^^^^^^^^^^^^^^^^^^^^^^^^^^^^^^^^^^^
  File "C:\Users\borod\OneDrive\Desktop\waifu_bot\.venv\Lib\site-packages\aiogram\dispatcher\router.py", line 161, in propagate_event
    return await observer.wrap_outer_middleware(_wrapped, event=event, data=kwargs)
           ^^^^^^^^^^^^^^^^^^^^^^^^^^^^^^^^^^^^^^^^^^^^^^^^^^^^^^^^^^^^^^^^^^^^^^^^
  File "C:\Users\borod\OneDrive\Desktop\waifu_bot\.venv\Lib\site-packages\aiogram\dispatcher\router.py", line 153, in _wrapped
    return await self._propagate_event(
           ^^^^^^^^^^^^^^^^^^^^^^^^^^^^
    ...<4 lines>...
    )
    ^
  File "C:\Users\borod\OneDrive\Desktop\waifu_bot\.venv\Lib\site-packages\aiogram\dispatcher\router.py", line 189, in _propagate_event
    response = await router.propagate_event(update_type=update_type, event=event, **kwargs)
               ^^^^^^^^^^^^^^^^^^^^^^^^^^^^^^^^^^^^^^^^^^^^^^^^^^^^^^^^^^^^^^^^^^^^^^^^^^^^
  File "C:\Users\borod\OneDrive\Desktop\waifu_bot\.venv\Lib\site-packages\aiogram\dispatcher\router.py", line 161, in propagate_event
    return await observer.wrap_outer_middleware(_wrapped, event=event, data=kwargs)
           ^^^^^^^^^^^^^^^^^^^^^^^^^^^^^^^^^^^^^^^^^^^^^^^^^^^^^^^^^^^^^^^^^^^^^^^^
  File "C:\Users\borod\OneDrive\Desktop\waifu_bot\.venv\Lib\site-packages\aiogram\dispatcher\router.py", line 153, in _wrapped
    return await self._propagate_event(
           ^^^^^^^^^^^^^^^^^^^^^^^^^^^^
    ...<4 lines>...
    )
    ^
  File "C:\Users\borod\OneDrive\Desktop\waifu_bot\.venv\Lib\site-packages\aiogram\dispatcher\router.py", line 181, in _propagate_event
    response = await observer.trigger(event, **kwargs)
               ^^^^^^^^^^^^^^^^^^^^^^^^^^^^^^^^^^^^^^^
  File "C:\Users\borod\OneDrive\Desktop\waifu_bot\.venv\Lib\site-packages\aiogram\dispatcher\event\telegram.py", line 126, in trigger
    return await wrapped_inner(event, kwargs)
           ^^^^^^^^^^^^^^^^^^^^^^^^^^^^^^^^^^
  File "C:\Users\borod\OneDrive\Desktop\waifu_bot\.venv\Lib\site-packages\aiogram\dispatcher\event\handler.py", line 71, in call
    return await wrapped()
           ^^^^^^^^^^^^^^^
  File "C:\Users\borod\OneDrive\Desktop\waifu_bot\app\handlers\waifu_card.py", line 53, in open_waifu_card
    await call.message.answer_video(
    ...<4 lines>...
    )
  File "C:\Users\borod\OneDrive\Desktop\waifu_bot\.venv\Lib\site-packages\aiogram\methods\base.py", line 82, in emit
    return await bot(self)
           ^^^^^^^^^^^^^^^
  File "C:\Users\borod\OneDrive\Desktop\waifu_bot\.venv\Lib\site-packages\aiogram\client\bot.py", line 487, in __call__
    return await self.session(self, method, timeout=request_timeout)
           ^^^^^^^^^^^^^^^^^^^^^^^^^^^^^^^^^^^^^^^^^^^^^^^^^^^^^^^^^
  File "C:\Users\borod\OneDrive\Desktop\waifu_bot\.venv\Lib\site-packages\aiogram\client\session\base.py", line 259, in __call__
    return cast(TelegramType, await middleware(bot, method))
                              ^^^^^^^^^^^^^^^^^^^^^^^^^^^^^
  File "C:\Users\borod\OneDrive\Desktop\waifu_bot\.venv\Lib\site-packages\aiogram\client\session\aiohttp.py", line 177, in make_request
    response = self.check_response(
        bot=bot,
    ...<2 lines>...
        content=raw_result,
    )
  File "C:\Users\borod\OneDrive\Desktop\waifu_bot\.venv\Lib\site-packages\aiogram\client\session\base.py", line 121, in check_response
    raise TelegramBadRequest(method=method, message=description)
aiogram.exceptions.TelegramBadRequest: Telegram server says - Bad Request: wrong file identifier/HTTP URL specified
2026-05-03 19:04:34,344 | INFO | aiogram.event | Update id=90779380 is handled. Duration 88 ms by bot id=8508853940
2026-05-03 19:04:35,383 | ERROR | app.middlewares.error_handler | Unhandled error while processing Update
Traceback (most recent call last):
  File "C:\Users\borod\OneDrive\Desktop\waifu_bot\app\middlewares\error_handler.py", line 21, in __call__
    return await handler(event, data)
           ^^^^^^^^^^^^^^^^^^^^^^^^^^
  File "C:\Users\borod\OneDrive\Desktop\waifu_bot\.venv\Lib\site-packages\aiogram\dispatcher\event\handler.py", line 71, in call
    return await wrapped()
           ^^^^^^^^^^^^^^^
  File "C:\Users\borod\OneDrive\Desktop\waifu_bot\.venv\Lib\site-packages\aiogram\dispatcher\dispatcher.py", line 283, in _listen_update
    return await self.propagate_event(update_type=update_type, event=event, **kwargs)
           ^^^^^^^^^^^^^^^^^^^^^^^^^^^^^^^^^^^^^^^^^^^^^^^^^^^^^^^^^^^^^^^^^^^^^^^^^^
  File "C:\Users\borod\OneDrive\Desktop\waifu_bot\.venv\Lib\site-packages\aiogram\dispatcher\router.py", line 161, in propagate_event
    return await observer.wrap_outer_middleware(_wrapped, event=event, data=kwargs)
           ^^^^^^^^^^^^^^^^^^^^^^^^^^^^^^^^^^^^^^^^^^^^^^^^^^^^^^^^^^^^^^^^^^^^^^^^
  File "C:\Users\borod\OneDrive\Desktop\waifu_bot\.venv\Lib\site-packages\aiogram\dispatcher\router.py", line 153, in _wrapped
    return await self._propagate_event(
           ^^^^^^^^^^^^^^^^^^^^^^^^^^^^
    ...<4 lines>...
    )
    ^
  File "C:\Users\borod\OneDrive\Desktop\waifu_bot\.venv\Lib\site-packages\aiogram\dispatcher\router.py", line 189, in _propagate_event
    response = await router.propagate_event(update_type=update_type, event=event, **kwargs)
               ^^^^^^^^^^^^^^^^^^^^^^^^^^^^^^^^^^^^^^^^^^^^^^^^^^^^^^^^^^^^^^^^^^^^^^^^^^^^
  File "C:\Users\borod\OneDrive\Desktop\waifu_bot\.venv\Lib\site-packages\aiogram\dispatcher\router.py", line 161, in propagate_event
    return await observer.wrap_outer_middleware(_wrapped, event=event, data=kwargs)
           ^^^^^^^^^^^^^^^^^^^^^^^^^^^^^^^^^^^^^^^^^^^^^^^^^^^^^^^^^^^^^^^^^^^^^^^^
  File "C:\Users\borod\OneDrive\Desktop\waifu_bot\.venv\Lib\site-packages\aiogram\dispatcher\router.py", line 153, in _wrapped
    return await self._propagate_event(
           ^^^^^^^^^^^^^^^^^^^^^^^^^^^^
    ...<4 lines>...
    )
    ^
  File "C:\Users\borod\OneDrive\Desktop\waifu_bot\.venv\Lib\site-packages\aiogram\dispatcher\router.py", line 181, in _propagate_event
    response = await observer.trigger(event, **kwargs)
               ^^^^^^^^^^^^^^^^^^^^^^^^^^^^^^^^^^^^^^^
  File "C:\Users\borod\OneDrive\Desktop\waifu_bot\.venv\Lib\site-packages\aiogram\dispatcher\event\telegram.py", line 126, in trigger
    return await wrapped_inner(event, kwargs)
           ^^^^^^^^^^^^^^^^^^^^^^^^^^^^^^^^^^
  File "C:\Users\borod\OneDrive\Desktop\waifu_bot\.venv\Lib\site-packages\aiogram\dispatcher\event\handler.py", line 71, in call
    return await wrapped()
           ^^^^^^^^^^^^^^^
  File "C:\Users\borod\OneDrive\Desktop\waifu_bot\app\handlers\waifu_card.py", line 53, in open_waifu_card
    await call.message.answer_video(
    ...<4 lines>...
    )
  File "C:\Users\borod\OneDrive\Desktop\waifu_bot\.venv\Lib\site-packages\aiogram\methods\base.py", line 82, in emit
    return await bot(self)
           ^^^^^^^^^^^^^^^
  File "C:\Users\borod\OneDrive\Desktop\waifu_bot\.venv\Lib\site-packages\aiogram\client\bot.py", line 487, in __call__
    return await self.session(self, method, timeout=request_timeout)
           ^^^^^^^^^^^^^^^^^^^^^^^^^^^^^^^^^^^^^^^^^^^^^^^^^^^^^^^^^
  File "C:\Users\borod\OneDrive\Desktop\waifu_bot\.venv\Lib\site-packages\aiogram\client\session\base.py", line 259, in __call__
    return cast(TelegramType, await middleware(bot, method))
                              ^^^^^^^^^^^^^^^^^^^^^^^^^^^^^
  File "C:\Users\borod\OneDrive\Desktop\waifu_bot\.venv\Lib\site-packages\aiogram\client\session\aiohttp.py", line 177, in make_request
    response = self.check_response(
        bot=bot,
    ...<2 lines>...
        content=raw_result,
    )
  File "C:\Users\borod\OneDrive\Desktop\waifu_bot\.venv\Lib\site-packages\aiogram\client\session\base.py", line 121, in check_response
    raise TelegramBadRequest(method=method, message=description)
aiogram.exceptions.TelegramBadRequest: Telegram server says - Bad Request: wrong file identifier/HTTP URL specified
2026-05-03 19:04:35,386 | INFO | aiogram.event | Update id=90779381 is handled. Duration 119 ms by bot id=8508853940
2026-05-03 19:04:36,241 | INFO | aiogram.event | Update id=90779382 is handled. Duration 149 ms by bot id=8508853940
2026-05-03 19:04:37,596 | INFO | aiogram.event | Update id=90779383 is handled. Duration 142 ms by bot id=8508853940
2026-05-03 19:04:48,248 | ERROR | app.middlewares.error_handler | Unhandled error while processing Update
Traceback (most recent call last):
  File "C:\Users\borod\OneDrive\Desktop\waifu_bot\app\middlewares\error_handler.py", line 21, in __call__
    return await handler(event, data)
           ^^^^^^^^^^^^^^^^^^^^^^^^^^
  File "C:\Users\borod\OneDrive\Desktop\waifu_bot\.venv\Lib\site-packages\aiogram\dispatcher\event\handler.py", line 71, in call
    return await wrapped()
           ^^^^^^^^^^^^^^^
  File "C:\Users\borod\OneDrive\Desktop\waifu_bot\.venv\Lib\site-packages\aiogram\dispatcher\dispatcher.py", line 283, in _listen_update
    return await self.propagate_event(update_type=update_type, event=event, **kwargs)
           ^^^^^^^^^^^^^^^^^^^^^^^^^^^^^^^^^^^^^^^^^^^^^^^^^^^^^^^^^^^^^^^^^^^^^^^^^^
  File "C:\Users\borod\OneDrive\Desktop\waifu_bot\.venv\Lib\site-packages\aiogram\dispatcher\router.py", line 161, in propagate_event
    return await observer.wrap_outer_middleware(_wrapped, event=event, data=kwargs)
           ^^^^^^^^^^^^^^^^^^^^^^^^^^^^^^^^^^^^^^^^^^^^^^^^^^^^^^^^^^^^^^^^^^^^^^^^
  File "C:\Users\borod\OneDrive\Desktop\waifu_bot\.venv\Lib\site-packages\aiogram\dispatcher\router.py", line 153, in _wrapped
    return await self._propagate_event(
           ^^^^^^^^^^^^^^^^^^^^^^^^^^^^
    ...<4 lines>...
    )
    ^
  File "C:\Users\borod\OneDrive\Desktop\waifu_bot\.venv\Lib\site-packages\aiogram\dispatcher\router.py", line 189, in _propagate_event
    response = await router.propagate_event(update_type=update_type, event=event, **kwargs)
               ^^^^^^^^^^^^^^^^^^^^^^^^^^^^^^^^^^^^^^^^^^^^^^^^^^^^^^^^^^^^^^^^^^^^^^^^^^^^
  File "C:\Users\borod\OneDrive\Desktop\waifu_bot\.venv\Lib\site-packages\aiogram\dispatcher\router.py", line 161, in propagate_event
    return await observer.wrap_outer_middleware(_wrapped, event=event, data=kwargs)
           ^^^^^^^^^^^^^^^^^^^^^^^^^^^^^^^^^^^^^^^^^^^^^^^^^^^^^^^^^^^^^^^^^^^^^^^^
  File "C:\Users\borod\OneDrive\Desktop\waifu_bot\.venv\Lib\site-packages\aiogram\dispatcher\router.py", line 153, in _wrapped
    return await self._propagate_event(
           ^^^^^^^^^^^^^^^^^^^^^^^^^^^^
    ...<4 lines>...
    )
    ^
  File "C:\Users\borod\OneDrive\Desktop\waifu_bot\.venv\Lib\site-packages\aiogram\dispatcher\router.py", line 181, in _propagate_event
    response = await observer.trigger(event, **kwargs)
               ^^^^^^^^^^^^^^^^^^^^^^^^^^^^^^^^^^^^^^^
  File "C:\Users\borod\OneDrive\Desktop\waifu_bot\.venv\Lib\site-packages\aiogram\dispatcher\event\telegram.py", line 126, in trigger
    return await wrapped_inner(event, kwargs)
           ^^^^^^^^^^^^^^^^^^^^^^^^^^^^^^^^^^
  File "C:\Users\borod\OneDrive\Desktop\waifu_bot\.venv\Lib\site-packages\aiogram\dispatcher\event\handler.py", line 71, in call
    return await wrapped()
           ^^^^^^^^^^^^^^^
  File "C:\Users\borod\OneDrive\Desktop\waifu_bot\app\handlers\waifu_card.py", line 53, in open_waifu_card
    await call.message.answer_video(
    ...<4 lines>...
    )
  File "C:\Users\borod\OneDrive\Desktop\waifu_bot\.venv\Lib\site-packages\aiogram\methods\base.py", line 82, in emit
    return await bot(self)
           ^^^^^^^^^^^^^^^
  File "C:\Users\borod\OneDrive\Desktop\waifu_bot\.venv\Lib\site-packages\aiogram\client\bot.py", line 487, in __call__
    return await self.session(self, method, timeout=request_timeout)
           ^^^^^^^^^^^^^^^^^^^^^^^^^^^^^^^^^^^^^^^^^^^^^^^^^^^^^^^^^
  File "C:\Users\borod\OneDrive\Desktop\waifu_bot\.venv\Lib\site-packages\aiogram\client\session\base.py", line 259, in __call__
    return cast(TelegramType, await middleware(bot, method))
                              ^^^^^^^^^^^^^^^^^^^^^^^^^^^^^
  File "C:\Users\borod\OneDrive\Desktop\waifu_bot\.venv\Lib\site-packages\aiogram\client\session\aiohttp.py", line 177, in make_request
    response = self.check_response(
        bot=bot,
    ...<2 lines>...
        content=raw_result,
    )
  File "C:\Users\borod\OneDrive\Desktop\waifu_bot\.venv\Lib\site-packages\aiogram\client\session\base.py", line 121, in check_response
    raise TelegramBadRequest(method=method, message=description)
aiogram.exceptions.TelegramBadRequest: Telegram server says - Bad Request: wrong file identifier/HTTP URL specified
2026-05-03 19:04:48,250 | INFO | aiogram.event | Update id=90779384 is handled. Duration 98 ms by bot id=8508853940
2026-05-03 19:11:51,320 | INFO | aiogram.dispatcher | Polling stopped
2026-05-03 19:11:51,321 | ERROR | aiogram.dispatcher | Failed to fetch updates - TelegramNetworkError: HTTP Client says - ServerDisconnectedError: Server disconnected
2026-05-03 19:11:51,321 | WARNING | aiogram.dispatcher | Sleep for 1.000000 seconds and try again... (tryings = 0, bot id = 8508853940)
2026-05-03 19:11:51,586 | INFO | aiogram.dispatcher | Polling stopped for bot @WaifuHaremChatBot id=8508853940 - '𝑾𝒂𝒊𝒇𝒖 𝑯𝒂𝒓𝒆𝒎 𝑩𝒐𝒕'
2026-05-03 19:12:12,369 | INFO | __main__ | Bot is starting...
2026-05-03 19:12:12,977 | INFO | aiogram.dispatcher | Start polling
2026-05-03 19:12:13,013 | INFO | aiogram.dispatcher | Run polling for bot @WaifuHaremChatBot id=8508853940 - '𝑾𝒂𝒊𝒇𝒖 𝑯𝒂𝒓𝒆𝒎 𝑩𝒐𝒕'
2026-05-03 19:12:15,734 | INFO | aiogram.event | Update id=90779385 is handled. Duration 176 ms by bot id=8508853940
2026-05-03 19:12:19,166 | INFO | aiogram.event | Update id=90779386 is handled. Duration 148 ms by bot id=8508853940
2026-05-03 19:12:21,382 | INFO | aiogram.event | Update id=90779387 is handled. Duration 237 ms by bot id=8508853940
2026-05-03 19:12:24,989 | INFO | aiogram.event | Update id=90779388 is handled. Duration 210 ms by bot id=8508853940
2026-05-03 19:12:26,922 | INFO | aiogram.event | Update id=90779389 is handled. Duration 113 ms by bot id=8508853940
2026-05-03 19:12:30,041 | INFO | aiogram.event | Update id=90779390 is handled. Duration 87 ms by bot id=8508853940
2026-05-03 19:12:31,772 | INFO | aiogram.event | Update id=90779391 is handled. Duration 281 ms by bot id=8508853940
2026-05-03 19:12:36,204 | INFO | aiogram.event | Update id=90779392 is handled. Duration 151 ms by bot id=8508853940
2026-05-03 19:12:38,534 | INFO | aiogram.event | Update id=90779393 is handled. Duration 145 ms by bot id=8508853940
2026-05-03 19:12:41,255 | INFO | aiogram.event | Update id=90779394 is handled. Duration 158 ms by bot id=8508853940
2026-05-03 19:12:44,689 | INFO | aiogram.event | Update id=90779395 is handled. Duration 94 ms by bot id=8508853940
2026-05-03 19:12:45,700 | INFO | aiogram.event | Update id=90779396 is handled. Duration 144 ms by bot id=8508853940
2026-05-03 19:12:46,929 | INFO | aiogram.event | Update id=90779397 is handled. Duration 262 ms by bot id=8508853940
2026-05-03 19:12:58,365 | INFO | aiogram.event | Update id=90779398 is handled. Duration 72 ms by bot id=8508853940
2026-05-03 19:13:00,398 | INFO | aiogram.event | Update id=90779399 is handled. Duration 359 ms by bot id=8508853940
2026-05-03 19:15:13,111 | INFO | aiogram.event | Update id=90779400 is handled. Duration 60 ms by bot id=8508853940
2026-05-03 19:15:14,883 | INFO | aiogram.event | Update id=90779401 is handled. Duration 104 ms by bot id=8508853940
2026-05-03 19:15:16,025 | INFO | aiogram.event | Update id=90779402 is handled. Duration 107 ms by bot id=8508853940
2026-05-03 19:15:17,281 | INFO | aiogram.event | Update id=90779403 is handled. Duration 99 ms by bot id=8508853940
2026-05-03 19:15:22,916 | INFO | aiogram.event | Update id=90779404 is handled. Duration 61 ms by bot id=8508853940
2026-05-03 19:16:56,580 | INFO | aiogram.event | Update id=90779405 is handled. Duration 59 ms by bot id=8508853940
2026-05-03 19:17:01,252 | INFO | aiogram.event | Update id=90779406 is handled. Duration 71 ms by bot id=8508853940
2026-05-03 19:39:02,179 | INFO | aiogram.dispatcher | Polling stopped
2026-05-03 19:39:02,180 | ERROR | aiogram.dispatcher | Failed to fetch updates - TelegramNetworkError: HTTP Client says - ServerDisconnectedError: Server disconnected
2026-05-03 19:39:02,180 | WARNING | aiogram.dispatcher | Sleep for 1.000000 seconds and try again... (tryings = 0, bot id = 8508853940)
2026-05-03 19:39:02,446 | INFO | aiogram.dispatcher | Polling stopped for bot @WaifuHaremChatBot id=8508853940 - '𝑾𝒂𝒊𝒇𝒖 𝑯𝒂𝒓𝒆𝒎 𝑩𝒐𝒕'
2026-05-03 19:39:42,443 | INFO | __main__ | Bot is starting...
2026-05-03 19:39:43,022 | INFO | aiogram.dispatcher | Start polling
2026-05-03 19:39:43,062 | INFO | aiogram.dispatcher | Run polling for bot @WaifuHaremChatBot id=8508853940 - '𝑾𝒂𝒊𝒇𝒖 𝑯𝒂𝒓𝒆𝒎 𝑩𝒐𝒕'
2026-05-03 19:39:54,948 | INFO | aiogram.event | Update id=90779407 is handled. Duration 241 ms by bot id=8508853940
2026-05-03 19:39:56,321 | INFO | aiogram.event | Update id=90779408 is handled. Duration 157 ms by bot id=8508853940
2026-05-03 19:40:37,917 | INFO | aiogram.event | Update id=90779409 is handled. Duration 86 ms by bot id=8508853940
2026-05-03 19:44:25,749 | INFO | aiogram.event | Update id=90779410 is handled. Duration 70 ms by bot id=8508853940
2026-05-03 20:14:16,472 | INFO | aiogram.dispatcher | Polling stopped
2026-05-03 20:14:16,472 | ERROR | aiogram.dispatcher | Failed to fetch updates - TelegramNetworkError: HTTP Client says - ServerDisconnectedError: Server disconnected
2026-05-03 20:14:16,473 | WARNING | aiogram.dispatcher | Sleep for 1.000000 seconds and try again... (tryings = 0, bot id = 8508853940)
2026-05-03 20:14:16,735 | INFO | aiogram.dispatcher | Polling stopped for bot @WaifuHaremChatBot id=8508853940 - '𝑾𝒂𝒊𝒇𝒖 𝑯𝒂𝒓𝒆𝒎 𝑩𝒐𝒕'
2026-05-03 20:14:57,295 | INFO | __main__ | Bot is starting...
2026-05-03 20:14:58,245 | INFO | aiogram.dispatcher | Start polling
2026-05-03 20:14:58,279 | INFO | aiogram.dispatcher | Run polling for bot @WaifuHaremChatBot id=8508853940 - '𝑾𝒂𝒊𝒇𝒖 𝑯𝒂𝒓𝒆𝒎 𝑩𝒐𝒕'
2026-05-03 20:15:03,248 | INFO | aiogram.event | Update id=90779411 is handled. Duration 126 ms by bot id=8508853940
2026-05-03 20:15:24,968 | ERROR | app.middlewares.error_handler | Unhandled error while processing Update
Traceback (most recent call last):
  File "C:\Users\borod\OneDrive\Desktop\waifu_bot\app\middlewares\error_handler.py", line 21, in __call__
    return await handler(event, data)
           ^^^^^^^^^^^^^^^^^^^^^^^^^^
  File "C:\Users\borod\OneDrive\Desktop\waifu_bot\.venv\Lib\site-packages\aiogram\dispatcher\event\handler.py", line 71, in call
    return await wrapped()
           ^^^^^^^^^^^^^^^
  File "C:\Users\borod\OneDrive\Desktop\waifu_bot\.venv\Lib\site-packages\aiogram\dispatcher\dispatcher.py", line 283, in _listen_update
    return await self.propagate_event(update_type=update_type, event=event, **kwargs)
           ^^^^^^^^^^^^^^^^^^^^^^^^^^^^^^^^^^^^^^^^^^^^^^^^^^^^^^^^^^^^^^^^^^^^^^^^^^
  File "C:\Users\borod\OneDrive\Desktop\waifu_bot\.venv\Lib\site-packages\aiogram\dispatcher\router.py", line 161, in propagate_event
    return await observer.wrap_outer_middleware(_wrapped, event=event, data=kwargs)
           ^^^^^^^^^^^^^^^^^^^^^^^^^^^^^^^^^^^^^^^^^^^^^^^^^^^^^^^^^^^^^^^^^^^^^^^^
  File "C:\Users\borod\OneDrive\Desktop\waifu_bot\.venv\Lib\site-packages\aiogram\dispatcher\router.py", line 153, in _wrapped
    return await self._propagate_event(
           ^^^^^^^^^^^^^^^^^^^^^^^^^^^^
    ...<4 lines>...
    )
    ^
  File "C:\Users\borod\OneDrive\Desktop\waifu_bot\.venv\Lib\site-packages\aiogram\dispatcher\router.py", line 189, in _propagate_event
    response = await router.propagate_event(update_type=update_type, event=event, **kwargs)
               ^^^^^^^^^^^^^^^^^^^^^^^^^^^^^^^^^^^^^^^^^^^^^^^^^^^^^^^^^^^^^^^^^^^^^^^^^^^^
  File "C:\Users\borod\OneDrive\Desktop\waifu_bot\.venv\Lib\site-packages\aiogram\dispatcher\router.py", line 161, in propagate_event
    return await observer.wrap_outer_middleware(_wrapped, event=event, data=kwargs)
           ^^^^^^^^^^^^^^^^^^^^^^^^^^^^^^^^^^^^^^^^^^^^^^^^^^^^^^^^^^^^^^^^^^^^^^^^
  File "C:\Users\borod\OneDrive\Desktop\waifu_bot\.venv\Lib\site-packages\aiogram\dispatcher\router.py", line 153, in _wrapped
    return await self._propagate_event(
           ^^^^^^^^^^^^^^^^^^^^^^^^^^^^
    ...<4 lines>...
    )
    ^
  File "C:\Users\borod\OneDrive\Desktop\waifu_bot\.venv\Lib\site-packages\aiogram\dispatcher\router.py", line 181, in _propagate_event
    response = await observer.trigger(event, **kwargs)
               ^^^^^^^^^^^^^^^^^^^^^^^^^^^^^^^^^^^^^^^
  File "C:\Users\borod\OneDrive\Desktop\waifu_bot\.venv\Lib\site-packages\aiogram\dispatcher\event\telegram.py", line 126, in trigger
    return await wrapped_inner(event, kwargs)
           ^^^^^^^^^^^^^^^^^^^^^^^^^^^^^^^^^^
  File "C:\Users\borod\OneDrive\Desktop\waifu_bot\.venv\Lib\site-packages\aiogram\dispatcher\event\handler.py", line 71, in call
    return await wrapped()
           ^^^^^^^^^^^^^^^
  File "C:\Users\borod\OneDrive\Desktop\waifu_bot\app\handlers\search.py", line 74, in search_waifu
    waifus = await search_waifus(query)
             ^^^^^^^^^^^^^^^^^^^^^^^^^^
  File "C:\Users\borod\OneDrive\Desktop\waifu_bot\app\services\waifu_service.py", line 110, in search_waifus
    waifus = await get_all_waifus()
             ^^^^^^^^^^^^^^^^^^^^^^
  File "C:\Users\borod\OneDrive\Desktop\waifu_bot\app\services\waifu_service.py", line 70, in get_all_waifus
    await ensure_catalog_revision_current()
  File "C:\Users\borod\OneDrive\Desktop\waifu_bot\app\services\catalog_state_service.py", line 46, in ensure_catalog_revision_current
    latest_revision = await _fetch_catalog_revision(pool)
                      ^^^^^^^^^^^^^^^^^^^^^^^^^^^^^^^^^^^
  File "C:\Users\borod\OneDrive\Desktop\waifu_bot\app\services\catalog_state_service.py", line 12, in _fetch_catalog_revision
    await pool.execute(
    ...<5 lines>...
    )
  File "C:\Users\borod\OneDrive\Desktop\waifu_bot\.venv\Lib\site-packages\asyncpg\pool.py", line 592, in execute
    return await con.execute(query, *args, timeout=timeout)
           ^^^^^^^^^^^^^^^^^^^^^^^^^^^^^^^^^^^^^^^^^^^^^^^^
  File "C:\Users\borod\OneDrive\Desktop\waifu_bot\.venv\Lib\site-packages\asyncpg\connection.py", line 354, in execute
    result = await self._protocol.query(query, timeout)
             ^^^^^^^^^^^^^^^^^^^^^^^^^^^^^^^^^^^^^^^^^^
  File "asyncpg/protocol/protocol.pyx", line 369, in query
asyncpg.exceptions.UndefinedTableError: отношение "catalog_state" не существует
2026-05-03 20:15:24,973 | INFO | aiogram.event | Update id=90779412 is handled. Duration 16 ms by bot id=8508853940
2026-05-03 20:15:34,392 | ERROR | app.middlewares.error_handler | Unhandled error while processing Update
Traceback (most recent call last):
  File "C:\Users\borod\OneDrive\Desktop\waifu_bot\app\middlewares\error_handler.py", line 21, in __call__
    return await handler(event, data)
           ^^^^^^^^^^^^^^^^^^^^^^^^^^
  File "C:\Users\borod\OneDrive\Desktop\waifu_bot\.venv\Lib\site-packages\aiogram\dispatcher\event\handler.py", line 71, in call
    return await wrapped()
           ^^^^^^^^^^^^^^^
  File "C:\Users\borod\OneDrive\Desktop\waifu_bot\.venv\Lib\site-packages\aiogram\dispatcher\dispatcher.py", line 283, in _listen_update
    return await self.propagate_event(update_type=update_type, event=event, **kwargs)
           ^^^^^^^^^^^^^^^^^^^^^^^^^^^^^^^^^^^^^^^^^^^^^^^^^^^^^^^^^^^^^^^^^^^^^^^^^^
  File "C:\Users\borod\OneDrive\Desktop\waifu_bot\.venv\Lib\site-packages\aiogram\dispatcher\router.py", line 161, in propagate_event
    return await observer.wrap_outer_middleware(_wrapped, event=event, data=kwargs)
           ^^^^^^^^^^^^^^^^^^^^^^^^^^^^^^^^^^^^^^^^^^^^^^^^^^^^^^^^^^^^^^^^^^^^^^^^
  File "C:\Users\borod\OneDrive\Desktop\waifu_bot\.venv\Lib\site-packages\aiogram\dispatcher\router.py", line 153, in _wrapped
    return await self._propagate_event(
           ^^^^^^^^^^^^^^^^^^^^^^^^^^^^
    ...<4 lines>...
    )
    ^
  File "C:\Users\borod\OneDrive\Desktop\waifu_bot\.venv\Lib\site-packages\aiogram\dispatcher\router.py", line 189, in _propagate_event
    response = await router.propagate_event(update_type=update_type, event=event, **kwargs)
               ^^^^^^^^^^^^^^^^^^^^^^^^^^^^^^^^^^^^^^^^^^^^^^^^^^^^^^^^^^^^^^^^^^^^^^^^^^^^
  File "C:\Users\borod\OneDrive\Desktop\waifu_bot\.venv\Lib\site-packages\aiogram\dispatcher\router.py", line 161, in propagate_event
    return await observer.wrap_outer_middleware(_wrapped, event=event, data=kwargs)
           ^^^^^^^^^^^^^^^^^^^^^^^^^^^^^^^^^^^^^^^^^^^^^^^^^^^^^^^^^^^^^^^^^^^^^^^^
  File "C:\Users\borod\OneDrive\Desktop\waifu_bot\.venv\Lib\site-packages\aiogram\dispatcher\router.py", line 153, in _wrapped
    return await self._propagate_event(
           ^^^^^^^^^^^^^^^^^^^^^^^^^^^^
    ...<4 lines>...
    )
    ^
  File "C:\Users\borod\OneDrive\Desktop\waifu_bot\.venv\Lib\site-packages\aiogram\dispatcher\router.py", line 181, in _propagate_event
    response = await observer.trigger(event, **kwargs)
               ^^^^^^^^^^^^^^^^^^^^^^^^^^^^^^^^^^^^^^^
  File "C:\Users\borod\OneDrive\Desktop\waifu_bot\.venv\Lib\site-packages\aiogram\dispatcher\event\telegram.py", line 126, in trigger
    return await wrapped_inner(event, kwargs)
           ^^^^^^^^^^^^^^^^^^^^^^^^^^^^^^^^^^
  File "C:\Users\borod\OneDrive\Desktop\waifu_bot\.venv\Lib\site-packages\aiogram\dispatcher\event\handler.py", line 71, in call
    return await wrapped()
           ^^^^^^^^^^^^^^^
  File "C:\Users\borod\OneDrive\Desktop\waifu_bot\app\handlers\search.py", line 74, in search_waifu
    waifus = await search_waifus(query)
             ^^^^^^^^^^^^^^^^^^^^^^^^^^
  File "C:\Users\borod\OneDrive\Desktop\waifu_bot\app\services\waifu_service.py", line 110, in search_waifus
    waifus = await get_all_waifus()
             ^^^^^^^^^^^^^^^^^^^^^^
  File "C:\Users\borod\OneDrive\Desktop\waifu_bot\app\services\waifu_service.py", line 70, in get_all_waifus
    await ensure_catalog_revision_current()
  File "C:\Users\borod\OneDrive\Desktop\waifu_bot\app\services\catalog_state_service.py", line 46, in ensure_catalog_revision_current
    latest_revision = await _fetch_catalog_revision(pool)
                      ^^^^^^^^^^^^^^^^^^^^^^^^^^^^^^^^^^^
  File "C:\Users\borod\OneDrive\Desktop\waifu_bot\app\services\catalog_state_service.py", line 12, in _fetch_catalog_revision
    await pool.execute(
    ...<5 lines>...
    )
  File "C:\Users\borod\OneDrive\Desktop\waifu_bot\.venv\Lib\site-packages\asyncpg\pool.py", line 592, in execute
    return await con.execute(query, *args, timeout=timeout)
           ^^^^^^^^^^^^^^^^^^^^^^^^^^^^^^^^^^^^^^^^^^^^^^^^
  File "C:\Users\borod\OneDrive\Desktop\waifu_bot\.venv\Lib\site-packages\asyncpg\connection.py", line 354, in execute
    result = await self._protocol.query(query, timeout)
             ^^^^^^^^^^^^^^^^^^^^^^^^^^^^^^^^^^^^^^^^^^
  File "asyncpg/protocol/protocol.pyx", line 369, in query
asyncpg.exceptions.UndefinedTableError: отношение "catalog_state" не существует
2026-05-03 20:15:34,394 | INFO | aiogram.event | Update id=90779413 is handled. Duration 3 ms by bot id=8508853940
2026-05-03 20:15:37,154 | INFO | aiogram.event | Update id=90779414 is handled. Duration 59 ms by bot id=8508853940
2026-05-03 20:15:39,742 | ERROR | app.middlewares.error_handler | Unhandled error while processing Update
Traceback (most recent call last):
  File "C:\Users\borod\OneDrive\Desktop\waifu_bot\app\middlewares\error_handler.py", line 21, in __call__
    return await handler(event, data)
           ^^^^^^^^^^^^^^^^^^^^^^^^^^
  File "C:\Users\borod\OneDrive\Desktop\waifu_bot\.venv\Lib\site-packages\aiogram\dispatcher\event\handler.py", line 71, in call
    return await wrapped()
           ^^^^^^^^^^^^^^^
  File "C:\Users\borod\OneDrive\Desktop\waifu_bot\.venv\Lib\site-packages\aiogram\dispatcher\dispatcher.py", line 283, in _listen_update
    return await self.propagate_event(update_type=update_type, event=event, **kwargs)
           ^^^^^^^^^^^^^^^^^^^^^^^^^^^^^^^^^^^^^^^^^^^^^^^^^^^^^^^^^^^^^^^^^^^^^^^^^^
  File "C:\Users\borod\OneDrive\Desktop\waifu_bot\.venv\Lib\site-packages\aiogram\dispatcher\router.py", line 161, in propagate_event
    return await observer.wrap_outer_middleware(_wrapped, event=event, data=kwargs)
           ^^^^^^^^^^^^^^^^^^^^^^^^^^^^^^^^^^^^^^^^^^^^^^^^^^^^^^^^^^^^^^^^^^^^^^^^
  File "C:\Users\borod\OneDrive\Desktop\waifu_bot\.venv\Lib\site-packages\aiogram\dispatcher\router.py", line 153, in _wrapped
    return await self._propagate_event(
           ^^^^^^^^^^^^^^^^^^^^^^^^^^^^
    ...<4 lines>...
    )
    ^
  File "C:\Users\borod\OneDrive\Desktop\waifu_bot\.venv\Lib\site-packages\aiogram\dispatcher\router.py", line 189, in _propagate_event
    response = await router.propagate_event(update_type=update_type, event=event, **kwargs)
               ^^^^^^^^^^^^^^^^^^^^^^^^^^^^^^^^^^^^^^^^^^^^^^^^^^^^^^^^^^^^^^^^^^^^^^^^^^^^
  File "C:\Users\borod\OneDrive\Desktop\waifu_bot\.venv\Lib\site-packages\aiogram\dispatcher\router.py", line 161, in propagate_event
    return await observer.wrap_outer_middleware(_wrapped, event=event, data=kwargs)
           ^^^^^^^^^^^^^^^^^^^^^^^^^^^^^^^^^^^^^^^^^^^^^^^^^^^^^^^^^^^^^^^^^^^^^^^^
  File "C:\Users\borod\OneDrive\Desktop\waifu_bot\.venv\Lib\site-packages\aiogram\dispatcher\router.py", line 153, in _wrapped
    return await self._propagate_event(
           ^^^^^^^^^^^^^^^^^^^^^^^^^^^^
    ...<4 lines>...
    )
    ^
  File "C:\Users\borod\OneDrive\Desktop\waifu_bot\.venv\Lib\site-packages\aiogram\dispatcher\router.py", line 181, in _propagate_event
    response = await observer.trigger(event, **kwargs)
               ^^^^^^^^^^^^^^^^^^^^^^^^^^^^^^^^^^^^^^^
  File "C:\Users\borod\OneDrive\Desktop\waifu_bot\.venv\Lib\site-packages\aiogram\dispatcher\event\telegram.py", line 126, in trigger
    return await wrapped_inner(event, kwargs)
           ^^^^^^^^^^^^^^^^^^^^^^^^^^^^^^^^^^
  File "C:\Users\borod\OneDrive\Desktop\waifu_bot\.venv\Lib\site-packages\aiogram\dispatcher\event\handler.py", line 71, in call
    return await wrapped()
           ^^^^^^^^^^^^^^^
  File "C:\Users\borod\OneDrive\Desktop\waifu_bot\app\handlers\search.py", line 74, in search_waifu
    waifus = await search_waifus(query)
             ^^^^^^^^^^^^^^^^^^^^^^^^^^
  File "C:\Users\borod\OneDrive\Desktop\waifu_bot\app\services\waifu_service.py", line 110, in search_waifus
    waifus = await get_all_waifus()
             ^^^^^^^^^^^^^^^^^^^^^^
  File "C:\Users\borod\OneDrive\Desktop\waifu_bot\app\services\waifu_service.py", line 70, in get_all_waifus
    await ensure_catalog_revision_current()
  File "C:\Users\borod\OneDrive\Desktop\waifu_bot\app\services\catalog_state_service.py", line 46, in ensure_catalog_revision_current
    latest_revision = await _fetch_catalog_revision(pool)
                      ^^^^^^^^^^^^^^^^^^^^^^^^^^^^^^^^^^^
  File "C:\Users\borod\OneDrive\Desktop\waifu_bot\app\services\catalog_state_service.py", line 12, in _fetch_catalog_revision
    await pool.execute(
    ...<5 lines>...
    )
  File "C:\Users\borod\OneDrive\Desktop\waifu_bot\.venv\Lib\site-packages\asyncpg\pool.py", line 592, in execute
    return await con.execute(query, *args, timeout=timeout)
           ^^^^^^^^^^^^^^^^^^^^^^^^^^^^^^^^^^^^^^^^^^^^^^^^
  File "C:\Users\borod\OneDrive\Desktop\waifu_bot\.venv\Lib\site-packages\asyncpg\connection.py", line 354, in execute
    result = await self._protocol.query(query, timeout)
             ^^^^^^^^^^^^^^^^^^^^^^^^^^^^^^^^^^^^^^^^^^
  File "asyncpg/protocol/protocol.pyx", line 369, in query
asyncpg.exceptions.UndefinedTableError: отношение "catalog_state" не существует
2026-05-03 20:15:39,744 | INFO | aiogram.event | Update id=90779415 is handled. Duration 3 ms by bot id=8508853940
2026-05-03 20:21:58,522 | INFO | aiogram.dispatcher | Polling stopped
2026-05-03 20:21:58,524 | ERROR | aiogram.dispatcher | Failed to fetch updates - TelegramNetworkError: HTTP Client says - ServerDisconnectedError: Server disconnected
2026-05-03 20:21:58,524 | WARNING | aiogram.dispatcher | Sleep for 1.000000 seconds and try again... (tryings = 0, bot id = 8508853940)
2026-05-03 20:21:58,778 | INFO | aiogram.dispatcher | Polling stopped for bot @WaifuHaremChatBot id=8508853940 - '𝑾𝒂𝒊𝒇𝒖 𝑯𝒂𝒓𝒆𝒎 𝑩𝒐𝒕'
2026-05-03 20:22:32,433 | INFO | __main__ | Bot is starting...
2026-05-03 20:22:33,123 | INFO | aiogram.dispatcher | Start polling
2026-05-03 20:22:33,175 | INFO | aiogram.dispatcher | Run polling for bot @WaifuHaremChatBot id=8508853940 - '𝑾𝒂𝒊𝒇𝒖 𝑯𝒂𝒓𝒆𝒎 𝑩𝒐𝒕'
2026-05-03 20:22:38,741 | INFO | aiogram.event | Update id=90779416 is handled. Duration 212 ms by bot id=8508853940
2026-05-03 20:23:32,417 | INFO | aiogram.event | Update id=90779417 is handled. Duration 73 ms by bot id=8508853940
2026-05-03 20:23:40,243 | INFO | aiogram.event | Update id=90779418 is handled. Duration 77 ms by bot id=8508853940
2026-05-03 20:23:43,535 | INFO | aiogram.event | Update id=90779419 is handled. Duration 132 ms by bot id=8508853940
2026-05-03 20:23:45,648 | INFO | aiogram.event | Update id=90779420 is handled. Duration 184 ms by bot id=8508853940
2026-05-03 20:23:47,027 | INFO | aiogram.event | Update id=90779421 is handled. Duration 82 ms by bot id=8508853940
2026-05-03 20:23:48,021 | INFO | aiogram.event | Update id=90779422 is handled. Duration 228 ms by bot id=8508853940
2026-05-03 20:23:55,825 | INFO | aiogram.dispatcher | Polling stopped
2026-05-03 20:23:55,826 | ERROR | aiogram.dispatcher | Failed to fetch updates - TelegramNetworkError: HTTP Client says - ServerDisconnectedError: Server disconnected
2026-05-03 20:23:55,826 | WARNING | aiogram.dispatcher | Sleep for 1.000000 seconds and try again... (tryings = 0, bot id = 8508853940)
2026-05-03 20:23:56,080 | INFO | aiogram.dispatcher | Polling stopped for bot @WaifuHaremChatBot id=8508853940 - '𝑾𝒂𝒊𝒇𝒖 𝑯𝒂𝒓𝒆𝒎 𝑩𝒐𝒕'
2026-05-05 15:08:36,352 | INFO | __main__ | Bot is starting...
2026-05-05 15:08:36,960 | INFO | aiogram.dispatcher | Start polling
2026-05-05 15:08:36,996 | INFO | aiogram.dispatcher | Run polling for bot @WaifuHaremChatBot id=8508853940 - '𝑾𝒂𝒊𝒇𝒖 𝑯𝒂𝒓𝒆𝒎 𝑩𝒐𝒕'
2026-05-05 15:16:25,445 | INFO | aiogram.event | Update id=90779423 is handled. Duration 228 ms by bot id=8508853940
2026-05-05 15:16:27,214 | INFO | aiogram.event | Update id=90779424 is handled. Duration 195 ms by bot id=8508853940
2026-05-05 15:16:31,604 | INFO | aiogram.event | Update id=90779425 is handled. Duration 3 ms by bot id=8508853940
2026-05-05 15:16:32,225 | INFO | aiogram.event | Update id=90779426 is handled. Duration 0 ms by bot id=8508853940
2026-05-05 15:16:32,721 | INFO | aiogram.event | Update id=90779427 is handled. Duration 0 ms by bot id=8508853940
2026-05-05 15:16:33,194 | INFO | aiogram.event | Update id=90779428 is handled. Duration 0 ms by bot id=8508853940
2026-05-05 15:16:33,605 | INFO | aiogram.event | Update id=90779429 is handled. Duration 0 ms by bot id=8508853940
2026-05-05 15:17:02,030 | INFO | aiogram.event | Update id=90779430 is handled. Duration 0 ms by bot id=8508853940
2026-05-05 15:17:02,490 | INFO | aiogram.event | Update id=90779431 is handled. Duration 0 ms by bot id=8508853940
2026-05-05 15:17:03,044 | INFO | aiogram.event | Update id=90779432 is handled. Duration 0 ms by bot id=8508853940
2026-05-05 15:17:03,586 | INFO | aiogram.event | Update id=90779433 is handled. Duration 0 ms by bot id=8508853940
2026-05-05 15:17:04,190 | INFO | aiogram.event | Update id=90779434 is handled. Duration 0 ms by bot id=8508853940
2026-05-05 15:17:04,974 | INFO | aiogram.event | Update id=90779435 is handled. Duration 0 ms by bot id=8508853940
2026-05-05 15:17:05,764 | INFO | aiogram.event | Update id=90779436 is handled. Duration 0 ms by bot id=8508853940
2026-05-05 15:17:06,302 | INFO | aiogram.event | Update id=90779437 is handled. Duration 0 ms by bot id=8508853940
2026-05-05 15:17:06,845 | INFO | aiogram.event | Update id=90779438 is handled. Duration 0 ms by bot id=8508853940
2026-05-05 15:17:07,379 | INFO | aiogram.event | Update id=90779439 is handled. Duration 0 ms by bot id=8508853940
2026-05-05 15:17:08,923 | INFO | aiogram.event | Update id=90779440 is handled. Duration 0 ms by bot id=8508853940
2026-05-05 15:17:09,704 | INFO | aiogram.event | Update id=90779441 is handled. Duration 0 ms by bot id=8508853940
2026-05-05 15:17:10,646 | INFO | aiogram.event | Update id=90779442 is handled. Duration 0 ms by bot id=8508853940
2026-05-05 15:17:11,483 | INFO | aiogram.event | Update id=90779443 is handled. Duration 0 ms by bot id=8508853940
2026-05-05 15:17:12,208 | INFO | aiogram.event | Update id=90779444 is handled. Duration 0 ms by bot id=8508853940
2026-05-05 15:17:12,704 | INFO | aiogram.event | Update id=90779445 is handled. Duration 0 ms by bot id=8508853940
2026-05-05 15:17:13,300 | INFO | aiogram.event | Update id=90779446 is handled. Duration 0 ms by bot id=8508853940
2026-05-05 15:17:13,864 | INFO | aiogram.event | Update id=90779447 is handled. Duration 0 ms by bot id=8508853940
2026-05-05 15:17:14,407 | INFO | aiogram.event | Update id=90779448 is handled. Duration 0 ms by bot id=8508853940
2026-05-05 15:17:15,035 | INFO | aiogram.event | Update id=90779449 is handled. Duration 0 ms by bot id=8508853940
2026-05-05 15:17:15,606 | INFO | aiogram.event | Update id=90779450 is handled. Duration 0 ms by bot id=8508853940
2026-05-05 15:17:16,214 | INFO | aiogram.event | Update id=90779451 is handled. Duration 0 ms by bot id=8508853940
2026-05-05 15:17:16,941 | INFO | aiogram.event | Update id=90779452 is handled. Duration 0 ms by bot id=8508853940
2026-05-05 15:17:17,497 | INFO | aiogram.event | Update id=90779453 is handled. Duration 0 ms by bot id=8508853940
2026-05-05 15:17:18,449 | INFO | aiogram.event | Update id=90779454 is handled. Duration 0 ms by bot id=8508853940
2026-05-05 15:17:20,024 | INFO | aiogram.event | Update id=90779455 is handled. Duration 0 ms by bot id=8508853940
2026-05-05 15:17:20,755 | INFO | aiogram.event | Update id=90779456 is handled. Duration 0 ms by bot id=8508853940
2026-05-05 15:17:21,437 | INFO | aiogram.event | Update id=90779457 is handled. Duration 0 ms by bot id=8508853940
2026-05-05 15:17:21,709 | INFO | aiogram.event | Update id=90779458 is handled. Duration 0 ms by bot id=8508853940
2026-05-05 15:17:22,498 | INFO | aiogram.event | Update id=90779459 is handled. Duration 0 ms by bot id=8508853940
2026-05-05 15:17:22,864 | INFO | aiogram.event | Update id=90779460 is handled. Duration 0 ms by bot id=8508853940
2026-05-05 15:17:24,869 | INFO | aiogram.event | Update id=90779461 is handled. Duration 0 ms by bot id=8508853940
2026-05-05 15:17:25,698 | INFO | aiogram.event | Update id=90779462 is handled. Duration 0 ms by bot id=8508853940
2026-05-05 15:17:26,672 | INFO | aiogram.event | Update id=90779463 is handled. Duration 0 ms by bot id=8508853940
2026-05-05 15:17:27,089 | INFO | aiogram.event | Update id=90779464 is handled. Duration 0 ms by bot id=8508853940
2026-05-05 15:17:27,842 | INFO | aiogram.event | Update id=90779465 is handled. Duration 0 ms by bot id=8508853940
2026-05-05 15:17:28,659 | INFO | aiogram.event | Update id=90779466 is handled. Duration 0 ms by bot id=8508853940
2026-05-05 15:17:29,368 | INFO | aiogram.event | Update id=90779467 is handled. Duration 0 ms by bot id=8508853940
2026-05-05 15:17:30,204 | INFO | aiogram.event | Update id=90779468 is handled. Duration 0 ms by bot id=8508853940
2026-05-05 15:17:30,665 | INFO | aiogram.event | Update id=90779469 is handled. Duration 0 ms by bot id=8508853940
2026-05-05 15:17:31,543 | INFO | aiogram.event | Update id=90779470 is handled. Duration 0 ms by bot id=8508853940
2026-05-05 15:17:32,451 | INFO | aiogram.event | Update id=90779471 is handled. Duration 0 ms by bot id=8508853940
2026-05-05 15:17:33,236 | INFO | aiogram.event | Update id=90779472 is handled. Duration 0 ms by bot id=8508853940
2026-05-05 15:17:34,012 | INFO | aiogram.event | Update id=90779473 is handled. Duration 0 ms by bot id=8508853940
2026-05-05 15:17:34,954 | INFO | aiogram.event | Update id=90779474 is handled. Duration 0 ms by bot id=8508853940
2026-05-05 15:17:36,102 | INFO | aiogram.event | Update id=90779475 is handled. Duration 0 ms by bot id=8508853940
2026-05-05 15:17:36,512 | INFO | aiogram.event | Update id=90779476 is handled. Duration 0 ms by bot id=8508853940
2026-05-05 15:17:37,469 | INFO | aiogram.event | Update id=90779477 is handled. Duration 0 ms by bot id=8508853940
2026-05-05 15:17:37,862 | INFO | aiogram.event | Update id=90779478 is handled. Duration 0 ms by bot id=8508853940
2026-05-05 15:17:39,065 | INFO | aiogram.event | Update id=90779479 is handled. Duration 0 ms by bot id=8508853940
2026-05-05 15:17:55,654 | INFO | aiogram.event | Update id=90779480 is handled. Duration 0 ms by bot id=8508853940
2026-05-05 15:17:57,358 | INFO | aiogram.event | Update id=90779481 is handled. Duration 0 ms by bot id=8508853940
2026-05-05 15:17:57,844 | INFO | aiogram.event | Update id=90779482 is handled. Duration 0 ms by bot id=8508853940
2026-05-05 15:17:58,136 | INFO | aiogram.event | Update id=90779483 is handled. Duration 0 ms by bot id=8508853940
2026-05-05 15:17:58,704 | INFO | aiogram.event | Update id=90779484 is handled. Duration 0 ms by bot id=8508853940
2026-05-05 15:17:59,215 | INFO | aiogram.event | Update id=90779485 is handled. Duration 0 ms by bot id=8508853940
2026-05-05 15:17:59,767 | INFO | aiogram.event | Update id=90779486 is handled. Duration 0 ms by bot id=8508853940
2026-05-05 15:18:00,654 | INFO | aiogram.event | Update id=90779487 is handled. Duration 0 ms by bot id=8508853940
2026-05-05 15:18:01,356 | INFO | aiogram.event | Update id=90779488 is handled. Duration 0 ms by bot id=8508853940
2026-05-05 15:18:02,184 | INFO | aiogram.event | Update id=90779489 is handled. Duration 0 ms by bot id=8508853940
2026-05-05 15:18:03,076 | INFO | aiogram.event | Update id=90779490 is handled. Duration 0 ms by bot id=8508853940
2026-05-05 15:18:03,873 | INFO | aiogram.event | Update id=90779491 is handled. Duration 0 ms by bot id=8508853940
2026-05-05 15:18:04,908 | INFO | aiogram.event | Update id=90779492 is handled. Duration 0 ms by bot id=8508853940
2026-05-05 15:18:05,446 | INFO | aiogram.event | Update id=90779493 is handled. Duration 0 ms by bot id=8508853940
2026-05-05 15:18:06,003 | INFO | aiogram.event | Update id=90779494 is handled. Duration 0 ms by bot id=8508853940
2026-05-05 15:18:07,048 | INFO | aiogram.event | Update id=90779495 is handled. Duration 0 ms by bot id=8508853940
2026-05-05 15:18:07,538 | INFO | aiogram.event | Update id=90779496 is handled. Duration 0 ms by bot id=8508853940
2026-05-05 15:18:10,192 | INFO | aiogram.event | Update id=90779497 is handled. Duration 0 ms by bot id=8508853940
2026-05-05 15:18:10,684 | INFO | aiogram.event | Update id=90779498 is handled. Duration 0 ms by bot id=8508853940
2026-05-05 15:18:11,525 | INFO | aiogram.event | Update id=90779499 is handled. Duration 0 ms by bot id=8508853940
2026-05-05 15:18:12,451 | INFO | aiogram.event | Update id=90779500 is handled. Duration 0 ms by bot id=8508853940
2026-05-05 15:18:13,314 | INFO | aiogram.event | Update id=90779501 is handled. Duration 0 ms by bot id=8508853940
2026-05-05 15:18:14,299 | INFO | aiogram.event | Update id=90779502 is handled. Duration 0 ms by bot id=8508853940
2026-05-05 15:18:14,770 | INFO | aiogram.event | Update id=90779503 is handled. Duration 0 ms by bot id=8508853940
2026-05-05 15:18:15,864 | INFO | aiogram.event | Update id=90779504 is handled. Duration 0 ms by bot id=8508853940
2026-05-05 15:18:16,355 | INFO | aiogram.event | Update id=90779505 is handled. Duration 0 ms by bot id=8508853940
2026-05-05 15:18:17,321 | INFO | aiogram.event | Update id=90779506 is handled. Duration 0 ms by bot id=8508853940
2026-05-05 15:18:17,674 | INFO | aiogram.event | Update id=90779507 is handled. Duration 1 ms by bot id=8508853940
2026-05-05 15:18:18,606 | INFO | aiogram.event | Update id=90779508 is handled. Duration 0 ms by bot id=8508853940
2026-05-05 15:18:18,930 | INFO | aiogram.event | Update id=90779509 is handled. Duration 0 ms by bot id=8508853940
2026-05-05 15:18:19,997 | INFO | aiogram.event | Update id=90779510 is handled. Duration 0 ms by bot id=8508853940
2026-05-05 15:18:20,377 | INFO | aiogram.event | Update id=90779511 is handled. Duration 0 ms by bot id=8508853940
2026-05-05 15:18:21,366 | INFO | aiogram.event | Update id=90779512 is handled. Duration 0 ms by bot id=8508853940
2026-05-05 15:18:21,703 | INFO | aiogram.event | Update id=90779513 is handled. Duration 0 ms by bot id=8508853940
2026-05-05 15:18:22,551 | INFO | aiogram.event | Update id=90779514 is handled. Duration 0 ms by bot id=8508853940
2026-05-05 15:18:23,180 | INFO | aiogram.event | Update id=90779515 is handled. Duration 0 ms by bot id=8508853940
2026-05-05 15:18:24,031 | INFO | aiogram.event | Update id=90779516 is handled. Duration 0 ms by bot id=8508853940
2026-05-05 15:18:24,962 | INFO | aiogram.event | Update id=90779517 is handled. Duration 0 ms by bot id=8508853940
2026-05-05 15:18:25,758 | INFO | aiogram.event | Update id=90779518 is handled. Duration 0 ms by bot id=8508853940
2026-05-05 15:18:26,702 | INFO | aiogram.event | Update id=90779519 is handled. Duration 0 ms by bot id=8508853940
2026-05-05 15:18:27,532 | INFO | aiogram.event | Update id=90779520 is handled. Duration 0 ms by bot id=8508853940
2026-05-05 15:18:28,500 | INFO | aiogram.event | Update id=90779521 is handled. Duration 0 ms by bot id=8508853940
2026-05-05 15:18:29,495 | INFO | aiogram.event | Update id=90779522 is handled. Duration 0 ms by bot id=8508853940
2026-05-05 15:18:29,849 | INFO | aiogram.event | Update id=90779523 is handled. Duration 0 ms by bot id=8508853940
2026-05-05 15:18:30,834 | INFO | aiogram.event | Update id=90779524 is handled. Duration 0 ms by bot id=8508853940
2026-05-05 15:18:31,839 | INFO | aiogram.event | Update id=90779525 is handled. Duration 0 ms by bot id=8508853940
2026-05-05 15:18:32,254 | INFO | aiogram.event | Update id=90779526 is handled. Duration 0 ms by bot id=8508853940
2026-05-05 15:18:33,252 | INFO | aiogram.event | Update id=90779527 is handled. Duration 0 ms by bot id=8508853940
2026-05-05 15:18:33,697 | INFO | aiogram.event | Update id=90779528 is handled. Duration 0 ms by bot id=8508853940
2026-05-05 15:18:34,628 | INFO | aiogram.event | Update id=90779529 is handled. Duration 0 ms by bot id=8508853940
2026-05-05 15:18:35,020 | INFO | aiogram.event | Update id=90779530 is handled. Duration 0 ms by bot id=8508853940
2026-05-05 15:18:36,182 | INFO | aiogram.event | Update id=90779531 is handled. Duration 0 ms by bot id=8508853940
2026-05-05 15:18:37,196 | INFO | aiogram.event | Update id=90779532 is handled. Duration 0 ms by bot id=8508853940
2026-05-05 15:18:38,082 | INFO | aiogram.event | Update id=90779533 is handled. Duration 0 ms by bot id=8508853940
2026-05-05 15:18:39,153 | INFO | aiogram.event | Update id=90779534 is handled. Duration 0 ms by bot id=8508853940
2026-05-05 15:18:39,629 | INFO | aiogram.event | Update id=90779535 is handled. Duration 0 ms by bot id=8508853940
2026-05-05 15:18:40,653 | INFO | aiogram.event | Update id=90779536 is handled. Duration 0 ms by bot id=8508853940
2026-05-05 15:18:41,680 | INFO | aiogram.event | Update id=90779537 is handled. Duration 0 ms by bot id=8508853940
2026-05-05 15:18:42,670 | INFO | aiogram.event | Update id=90779538 is handled. Duration 0 ms by bot id=8508853940
2026-05-05 15:18:43,707 | INFO | aiogram.event | Update id=90779539 is handled. Duration 0 ms by bot id=8508853940
2026-05-05 15:18:44,211 | INFO | aiogram.event | Update id=90779540 is handled. Duration 0 ms by bot id=8508853940
2026-05-05 15:18:44,828 | INFO | aiogram.event | Update id=90779541 is handled. Duration 0 ms by bot id=8508853940
2026-05-05 15:18:45,352 | INFO | aiogram.event | Update id=90779542 is handled. Duration 0 ms by bot id=8508853940
2026-05-05 15:18:46,079 | INFO | aiogram.event | Update id=90779543 is handled. Duration 0 ms by bot id=8508853940
2026-05-05 15:18:47,177 | INFO | aiogram.event | Update id=90779544 is handled. Duration 0 ms by bot id=8508853940
2026-05-05 15:18:48,418 | INFO | aiogram.event | Update id=90779545 is handled. Duration 0 ms by bot id=8508853940
2026-05-05 15:18:49,098 | INFO | aiogram.event | Update id=90779546 is handled. Duration 0 ms by bot id=8508853940
2026-05-05 15:18:49,680 | INFO | aiogram.event | Update id=90779547 is handled. Duration 0 ms by bot id=8508853940
2026-05-05 15:18:50,274 | INFO | aiogram.event | Update id=90779548 is handled. Duration 0 ms by bot id=8508853940
2026-05-05 15:18:51,441 | INFO | aiogram.event | Update id=90779549 is handled. Duration 0 ms by bot id=8508853940
2026-05-05 15:18:52,490 | INFO | aiogram.event | Update id=90779550 is handled. Duration 0 ms by bot id=8508853940
2026-05-05 15:18:52,983 | INFO | aiogram.event | Update id=90779551 is handled. Duration 0 ms by bot id=8508853940
2026-05-05 15:18:54,075 | INFO | aiogram.event | Update id=90779552 is handled. Duration 0 ms by bot id=8508853940
2026-05-05 15:18:55,349 | INFO | aiogram.event | Update id=90779553 is handled. Duration 0 ms by bot id=8508853940
2026-05-05 15:18:56,487 | INFO | aiogram.event | Update id=90779554 is handled. Duration 0 ms by bot id=8508853940
2026-05-05 15:18:57,147 | INFO | aiogram.event | Update id=90779555 is handled. Duration 0 ms by bot id=8508853940
2026-05-05 15:18:57,747 | INFO | aiogram.event | Update id=90779556 is handled. Duration 0 ms by bot id=8508853940
2026-05-05 15:18:58,399 | INFO | aiogram.event | Update id=90779557 is handled. Duration 0 ms by bot id=8508853940
2026-05-05 15:18:58,951 | INFO | aiogram.event | Update id=90779558 is handled. Duration 0 ms by bot id=8508853940
2026-05-05 15:18:59,548 | INFO | aiogram.event | Update id=90779559 is handled. Duration 0 ms by bot id=8508853940
2026-05-05 15:19:00,691 | INFO | aiogram.event | Update id=90779560 is handled. Duration 0 ms by bot id=8508853940
2026-05-05 15:19:01,841 | INFO | aiogram.event | Update id=90779561 is handled. Duration 0 ms by bot id=8508853940
2026-05-05 15:19:02,382 | INFO | aiogram.event | Update id=90779562 is handled. Duration 0 ms by bot id=8508853940
2026-05-05 15:19:03,092 | INFO | aiogram.event | Update id=90779563 is handled. Duration 0 ms by bot id=8508853940
2026-05-05 15:19:03,654 | INFO | aiogram.event | Update id=90779564 is handled. Duration 0 ms by bot id=8508853940
2026-05-05 15:19:04,834 | INFO | aiogram.event | Update id=90779565 is handled. Duration 0 ms by bot id=8508853940
2026-05-05 15:19:05,731 | INFO | aiogram.event | Update id=90779566 is handled. Duration 0 ms by bot id=8508853940
2026-05-05 15:19:06,297 | INFO | aiogram.event | Update id=90779567 is handled. Duration 0 ms by bot id=8508853940
2026-05-05 15:19:06,869 | INFO | aiogram.event | Update id=90779568 is handled. Duration 0 ms by bot id=8508853940
2026-05-05 15:19:07,949 | INFO | aiogram.event | Update id=90779569 is handled. Duration 0 ms by bot id=8508853940
2026-05-05 15:19:09,071 | INFO | aiogram.event | Update id=90779570 is handled. Duration 0 ms by bot id=8508853940
2026-05-05 15:19:09,600 | INFO | aiogram.event | Update id=90779571 is handled. Duration 0 ms by bot id=8508853940
2026-05-05 15:19:10,142 | INFO | aiogram.event | Update id=90779572 is handled. Duration 0 ms by bot id=8508853940
2026-05-05 15:19:10,788 | INFO | aiogram.event | Update id=90779573 is handled. Duration 0 ms by bot id=8508853940
2026-05-05 15:19:11,928 | INFO | aiogram.event | Update id=90779574 is handled. Duration 0 ms by bot id=8508853940
2026-05-05 15:19:12,859 | INFO | aiogram.event | Update id=90779575 is handled. Duration 0 ms by bot id=8508853940
2026-05-05 15:19:13,927 | INFO | aiogram.event | Update id=90779576 is handled. Duration 0 ms by bot id=8508853940
2026-05-05 15:19:14,388 | INFO | aiogram.event | Update id=90779577 is handled. Duration 0 ms by bot id=8508853940
2026-05-05 15:19:15,411 | INFO | aiogram.event | Update id=90779578 is handled. Duration 0 ms by bot id=8508853940
2026-05-05 15:19:16,413 | INFO | aiogram.event | Update id=90779579 is handled. Duration 0 ms by bot id=8508853940
2026-05-05 15:19:32,372 | INFO | aiogram.event | Update id=90779580 is handled. Duration 0 ms by bot id=8508853940
2026-05-05 15:19:33,269 | INFO | aiogram.event | Update id=90779581 is handled. Duration 0 ms by bot id=8508853940
2026-05-05 15:19:33,843 | INFO | aiogram.event | Update id=90779582 is handled. Duration 0 ms by bot id=8508853940
2026-05-05 15:19:35,014 | INFO | aiogram.event | Update id=90779583 is handled. Duration 0 ms by bot id=8508853940
2026-05-05 15:19:35,971 | INFO | aiogram.event | Update id=90779584 is handled. Duration 0 ms by bot id=8508853940
2026-05-05 15:19:37,247 | INFO | aiogram.event | Update id=90779585 is handled. Duration 0 ms by bot id=8508853940
2026-05-05 15:19:38,228 | INFO | aiogram.event | Update id=90779586 is handled. Duration 0 ms by bot id=8508853940
2026-05-05 15:19:38,799 | INFO | aiogram.event | Update id=90779587 is handled. Duration 0 ms by bot id=8508853940
2026-05-05 15:19:39,779 | INFO | aiogram.event | Update id=90779588 is handled. Duration 0 ms by bot id=8508853940
2026-05-05 15:19:40,270 | INFO | aiogram.event | Update id=90779589 is handled. Duration 0 ms by bot id=8508853940
2026-05-05 15:19:41,226 | INFO | aiogram.event | Update id=90779590 is handled. Duration 0 ms by bot id=8508853940
2026-05-05 15:19:42,314 | INFO | aiogram.event | Update id=90779591 is handled. Duration 0 ms by bot id=8508853940
2026-05-05 15:19:42,756 | INFO | aiogram.event | Update id=90779592 is handled. Duration 0 ms by bot id=8508853940
2026-05-05 15:19:43,853 | INFO | aiogram.event | Update id=90779593 is handled. Duration 0 ms by bot id=8508853940
2026-05-05 15:19:44,850 | INFO | aiogram.event | Update id=90779594 is handled. Duration 0 ms by bot id=8508853940
2026-05-05 15:19:45,968 | INFO | aiogram.event | Update id=90779595 is handled. Duration 0 ms by bot id=8508853940
2026-05-05 15:19:47,162 | INFO | aiogram.event | Update id=90779596 is handled. Duration 0 ms by bot id=8508853940
2026-05-05 15:19:48,284 | INFO | aiogram.event | Update id=90779597 is handled. Duration 0 ms by bot id=8508853940
2026-05-05 15:19:48,826 | INFO | aiogram.event | Update id=90779598 is handled. Duration 0 ms by bot id=8508853940
2026-05-05 15:19:49,433 | INFO | aiogram.event | Update id=90779599 is handled. Duration 0 ms by bot id=8508853940
2026-05-05 15:19:50,620 | INFO | aiogram.event | Update id=90779600 is handled. Duration 0 ms by bot id=8508853940
2026-05-05 15:19:51,843 | INFO | aiogram.event | Update id=90779601 is handled. Duration 0 ms by bot id=8508853940
2026-05-05 15:19:52,795 | INFO | aiogram.event | Update id=90779602 is handled. Duration 0 ms by bot id=8508853940
2026-05-05 15:19:57,499 | INFO | aiogram.event | Update id=90779603 is handled. Duration 213 ms by bot id=8508853940
2026-05-05 15:20:00,622 | INFO | aiogram.event | Update id=90779604 is handled. Duration 157 ms by bot id=8508853940
2026-05-05 15:20:04,725 | ERROR | app.middlewares.error_handler | Unhandled error while processing Update
Traceback (most recent call last):
  File "C:\Users\borod\OneDrive\Desktop\waifu_bot\app\middlewares\error_handler.py", line 21, in __call__
    return await handler(event, data)
           ^^^^^^^^^^^^^^^^^^^^^^^^^^
  File "C:\Users\borod\OneDrive\Desktop\waifu_bot\.venv\Lib\site-packages\aiogram\dispatcher\event\handler.py", line 71, in call
    return await wrapped()
           ^^^^^^^^^^^^^^^
  File "C:\Users\borod\OneDrive\Desktop\waifu_bot\.venv\Lib\site-packages\aiogram\dispatcher\dispatcher.py", line 283, in _listen_update
    return await self.propagate_event(update_type=update_type, event=event, **kwargs)
           ^^^^^^^^^^^^^^^^^^^^^^^^^^^^^^^^^^^^^^^^^^^^^^^^^^^^^^^^^^^^^^^^^^^^^^^^^^
  File "C:\Users\borod\OneDrive\Desktop\waifu_bot\.venv\Lib\site-packages\aiogram\dispatcher\router.py", line 161, in propagate_event
    return await observer.wrap_outer_middleware(_wrapped, event=event, data=kwargs)
           ^^^^^^^^^^^^^^^^^^^^^^^^^^^^^^^^^^^^^^^^^^^^^^^^^^^^^^^^^^^^^^^^^^^^^^^^
  File "C:\Users\borod\OneDrive\Desktop\waifu_bot\.venv\Lib\site-packages\aiogram\dispatcher\router.py", line 153, in _wrapped
    return await self._propagate_event(
           ^^^^^^^^^^^^^^^^^^^^^^^^^^^^
    ...<4 lines>...
    )
    ^
  File "C:\Users\borod\OneDrive\Desktop\waifu_bot\.venv\Lib\site-packages\aiogram\dispatcher\router.py", line 189, in _propagate_event
    response = await router.propagate_event(update_type=update_type, event=event, **kwargs)
               ^^^^^^^^^^^^^^^^^^^^^^^^^^^^^^^^^^^^^^^^^^^^^^^^^^^^^^^^^^^^^^^^^^^^^^^^^^^^
  File "C:\Users\borod\OneDrive\Desktop\waifu_bot\.venv\Lib\site-packages\aiogram\dispatcher\router.py", line 161, in propagate_event
    return await observer.wrap_outer_middleware(_wrapped, event=event, data=kwargs)
           ^^^^^^^^^^^^^^^^^^^^^^^^^^^^^^^^^^^^^^^^^^^^^^^^^^^^^^^^^^^^^^^^^^^^^^^^
  File "C:\Users\borod\OneDrive\Desktop\waifu_bot\.venv\Lib\site-packages\aiogram\dispatcher\router.py", line 153, in _wrapped
    return await self._propagate_event(
           ^^^^^^^^^^^^^^^^^^^^^^^^^^^^
    ...<4 lines>...
    )
    ^
  File "C:\Users\borod\OneDrive\Desktop\waifu_bot\.venv\Lib\site-packages\aiogram\dispatcher\router.py", line 181, in _propagate_event
    response = await observer.trigger(event, **kwargs)
               ^^^^^^^^^^^^^^^^^^^^^^^^^^^^^^^^^^^^^^^
  File "C:\Users\borod\OneDrive\Desktop\waifu_bot\.venv\Lib\site-packages\aiogram\dispatcher\event\telegram.py", line 126, in trigger
    return await wrapped_inner(event, kwargs)
           ^^^^^^^^^^^^^^^^^^^^^^^^^^^^^^^^^^
  File "C:\Users\borod\OneDrive\Desktop\waifu_bot\app\middlewares\antispam.py", line 33, in __call__
    return await handler(event, data)
           ^^^^^^^^^^^^^^^^^^^^^^^^^^
  File "C:\Users\borod\OneDrive\Desktop\waifu_bot\.venv\Lib\site-packages\aiogram\dispatcher\event\handler.py", line 71, in call
    return await wrapped()
           ^^^^^^^^^^^^^^^
  File "C:\Users\borod\OneDrive\Desktop\waifu_bot\app\handlers\messages.py", line 143, in all_messages_handler
    await message.answer_photo(media["file_id"], caption=spawn_text)
  File "C:\Users\borod\OneDrive\Desktop\waifu_bot\.venv\Lib\site-packages\aiogram\methods\base.py", line 82, in emit
    return await bot(self)
           ^^^^^^^^^^^^^^^
  File "C:\Users\borod\OneDrive\Desktop\waifu_bot\.venv\Lib\site-packages\aiogram\client\bot.py", line 487, in __call__
    return await self.session(self, method, timeout=request_timeout)
           ^^^^^^^^^^^^^^^^^^^^^^^^^^^^^^^^^^^^^^^^^^^^^^^^^^^^^^^^^
  File "C:\Users\borod\OneDrive\Desktop\waifu_bot\.venv\Lib\site-packages\aiogram\client\session\base.py", line 259, in __call__
    return cast(TelegramType, await middleware(bot, method))
                              ^^^^^^^^^^^^^^^^^^^^^^^^^^^^^
  File "C:\Users\borod\OneDrive\Desktop\waifu_bot\.venv\Lib\site-packages\aiogram\client\session\aiohttp.py", line 177, in make_request
    response = self.check_response(
        bot=bot,
    ...<2 lines>...
        content=raw_result,
    )
  File "C:\Users\borod\OneDrive\Desktop\waifu_bot\.venv\Lib\site-packages\aiogram\client\session\base.py", line 121, in check_response
    raise TelegramBadRequest(method=method, message=description)
aiogram.exceptions.TelegramBadRequest: Telegram server says - Bad Request: wrong file identifier/HTTP URL specified
2026-05-05 15:20:04,824 | INFO | aiogram.event | Update id=90779605 is handled. Duration 159 ms by bot id=8508853940
2026-05-05 15:20:05,204 | INFO | aiogram.event | Update id=90779606 is handled. Duration 0 ms by bot id=8508853940
2026-05-05 15:20:07,191 | INFO | aiogram.event | Update id=90779607 is handled. Duration 0 ms by bot id=8508853940
2026-05-05 15:20:20,575 | INFO | aiogram.event | Update id=90779608 is handled. Duration 85 ms by bot id=8508853940
2026-05-05 15:20:27,715 | INFO | aiogram.event | Update id=90779609 is handled. Duration 193 ms by bot id=8508853940
2026-05-05 15:20:31,011 | INFO | aiogram.event | Update id=90779610 is handled. Duration 66 ms by bot id=8508853940
2026-05-05 15:20:33,692 | ERROR | app.middlewares.error_handler | Unhandled error while processing Update
Traceback (most recent call last):
  File "C:\Users\borod\OneDrive\Desktop\waifu_bot\app\middlewares\error_handler.py", line 21, in __call__
    return await handler(event, data)
           ^^^^^^^^^^^^^^^^^^^^^^^^^^
  File "C:\Users\borod\OneDrive\Desktop\waifu_bot\.venv\Lib\site-packages\aiogram\dispatcher\event\handler.py", line 71, in call
    return await wrapped()
           ^^^^^^^^^^^^^^^
  File "C:\Users\borod\OneDrive\Desktop\waifu_bot\.venv\Lib\site-packages\aiogram\dispatcher\dispatcher.py", line 283, in _listen_update
    return await self.propagate_event(update_type=update_type, event=event, **kwargs)
           ^^^^^^^^^^^^^^^^^^^^^^^^^^^^^^^^^^^^^^^^^^^^^^^^^^^^^^^^^^^^^^^^^^^^^^^^^^
  File "C:\Users\borod\OneDrive\Desktop\waifu_bot\.venv\Lib\site-packages\aiogram\dispatcher\router.py", line 161, in propagate_event
    return await observer.wrap_outer_middleware(_wrapped, event=event, data=kwargs)
           ^^^^^^^^^^^^^^^^^^^^^^^^^^^^^^^^^^^^^^^^^^^^^^^^^^^^^^^^^^^^^^^^^^^^^^^^
  File "C:\Users\borod\OneDrive\Desktop\waifu_bot\.venv\Lib\site-packages\aiogram\dispatcher\router.py", line 153, in _wrapped
    return await self._propagate_event(
           ^^^^^^^^^^^^^^^^^^^^^^^^^^^^
    ...<4 lines>...
    )
    ^
  File "C:\Users\borod\OneDrive\Desktop\waifu_bot\.venv\Lib\site-packages\aiogram\dispatcher\router.py", line 189, in _propagate_event
    response = await router.propagate_event(update_type=update_type, event=event, **kwargs)
               ^^^^^^^^^^^^^^^^^^^^^^^^^^^^^^^^^^^^^^^^^^^^^^^^^^^^^^^^^^^^^^^^^^^^^^^^^^^^
  File "C:\Users\borod\OneDrive\Desktop\waifu_bot\.venv\Lib\site-packages\aiogram\dispatcher\router.py", line 161, in propagate_event
    return await observer.wrap_outer_middleware(_wrapped, event=event, data=kwargs)
           ^^^^^^^^^^^^^^^^^^^^^^^^^^^^^^^^^^^^^^^^^^^^^^^^^^^^^^^^^^^^^^^^^^^^^^^^
  File "C:\Users\borod\OneDrive\Desktop\waifu_bot\.venv\Lib\site-packages\aiogram\dispatcher\router.py", line 153, in _wrapped
    return await self._propagate_event(
           ^^^^^^^^^^^^^^^^^^^^^^^^^^^^
    ...<4 lines>...
    )
    ^
  File "C:\Users\borod\OneDrive\Desktop\waifu_bot\.venv\Lib\site-packages\aiogram\dispatcher\router.py", line 181, in _propagate_event
    response = await observer.trigger(event, **kwargs)
               ^^^^^^^^^^^^^^^^^^^^^^^^^^^^^^^^^^^^^^^
  File "C:\Users\borod\OneDrive\Desktop\waifu_bot\.venv\Lib\site-packages\aiogram\dispatcher\event\telegram.py", line 126, in trigger
    return await wrapped_inner(event, kwargs)
           ^^^^^^^^^^^^^^^^^^^^^^^^^^^^^^^^^^
  File "C:\Users\borod\OneDrive\Desktop\waifu_bot\.venv\Lib\site-packages\aiogram\dispatcher\event\handler.py", line 71, in call
    return await wrapped()
           ^^^^^^^^^^^^^^^
  File "C:\Users\borod\OneDrive\Desktop\waifu_bot\app\handlers\profile.py", line 106, in profile
    await message.answer_video(
    ...<4 lines>...
    )
  File "C:\Users\borod\OneDrive\Desktop\waifu_bot\.venv\Lib\site-packages\aiogram\methods\base.py", line 82, in emit
    return await bot(self)
           ^^^^^^^^^^^^^^^
  File "C:\Users\borod\OneDrive\Desktop\waifu_bot\.venv\Lib\site-packages\aiogram\client\bot.py", line 487, in __call__
    return await self.session(self, method, timeout=request_timeout)
           ^^^^^^^^^^^^^^^^^^^^^^^^^^^^^^^^^^^^^^^^^^^^^^^^^^^^^^^^^
  File "C:\Users\borod\OneDrive\Desktop\waifu_bot\.venv\Lib\site-packages\aiogram\client\session\base.py", line 259, in __call__
    return cast(TelegramType, await middleware(bot, method))
                              ^^^^^^^^^^^^^^^^^^^^^^^^^^^^^
  File "C:\Users\borod\OneDrive\Desktop\waifu_bot\.venv\Lib\site-packages\aiogram\client\session\aiohttp.py", line 177, in make_request
    response = self.check_response(
        bot=bot,
    ...<2 lines>...
        content=raw_result,
    )
  File "C:\Users\borod\OneDrive\Desktop\waifu_bot\.venv\Lib\site-packages\aiogram\client\session\base.py", line 121, in check_response
    raise TelegramBadRequest(method=method, message=description)
aiogram.exceptions.TelegramBadRequest: Telegram server says - Bad Request: wrong file identifier/HTTP URL specified
2026-05-05 15:20:33,702 | INFO | aiogram.event | Update id=90779611 is handled. Duration 68 ms by bot id=8508853940
2026-05-05 15:20:39,582 | ERROR | app.middlewares.error_handler | Unhandled error while processing Update
Traceback (most recent call last):
  File "C:\Users\borod\OneDrive\Desktop\waifu_bot\app\middlewares\error_handler.py", line 21, in __call__
    return await handler(event, data)
           ^^^^^^^^^^^^^^^^^^^^^^^^^^
  File "C:\Users\borod\OneDrive\Desktop\waifu_bot\.venv\Lib\site-packages\aiogram\dispatcher\event\handler.py", line 71, in call
    return await wrapped()
           ^^^^^^^^^^^^^^^
  File "C:\Users\borod\OneDrive\Desktop\waifu_bot\.venv\Lib\site-packages\aiogram\dispatcher\dispatcher.py", line 283, in _listen_update
    return await self.propagate_event(update_type=update_type, event=event, **kwargs)
           ^^^^^^^^^^^^^^^^^^^^^^^^^^^^^^^^^^^^^^^^^^^^^^^^^^^^^^^^^^^^^^^^^^^^^^^^^^
  File "C:\Users\borod\OneDrive\Desktop\waifu_bot\.venv\Lib\site-packages\aiogram\dispatcher\router.py", line 161, in propagate_event
    return await observer.wrap_outer_middleware(_wrapped, event=event, data=kwargs)
           ^^^^^^^^^^^^^^^^^^^^^^^^^^^^^^^^^^^^^^^^^^^^^^^^^^^^^^^^^^^^^^^^^^^^^^^^
  File "C:\Users\borod\OneDrive\Desktop\waifu_bot\.venv\Lib\site-packages\aiogram\dispatcher\router.py", line 153, in _wrapped
    return await self._propagate_event(
           ^^^^^^^^^^^^^^^^^^^^^^^^^^^^
    ...<4 lines>...
    )
    ^
  File "C:\Users\borod\OneDrive\Desktop\waifu_bot\.venv\Lib\site-packages\aiogram\dispatcher\router.py", line 189, in _propagate_event
    response = await router.propagate_event(update_type=update_type, event=event, **kwargs)
               ^^^^^^^^^^^^^^^^^^^^^^^^^^^^^^^^^^^^^^^^^^^^^^^^^^^^^^^^^^^^^^^^^^^^^^^^^^^^
  File "C:\Users\borod\OneDrive\Desktop\waifu_bot\.venv\Lib\site-packages\aiogram\dispatcher\router.py", line 161, in propagate_event
    return await observer.wrap_outer_middleware(_wrapped, event=event, data=kwargs)
           ^^^^^^^^^^^^^^^^^^^^^^^^^^^^^^^^^^^^^^^^^^^^^^^^^^^^^^^^^^^^^^^^^^^^^^^^
  File "C:\Users\borod\OneDrive\Desktop\waifu_bot\.venv\Lib\site-packages\aiogram\dispatcher\router.py", line 153, in _wrapped
    return await self._propagate_event(
           ^^^^^^^^^^^^^^^^^^^^^^^^^^^^
    ...<4 lines>...
    )
    ^
  File "C:\Users\borod\OneDrive\Desktop\waifu_bot\.venv\Lib\site-packages\aiogram\dispatcher\router.py", line 181, in _propagate_event
    response = await observer.trigger(event, **kwargs)
               ^^^^^^^^^^^^^^^^^^^^^^^^^^^^^^^^^^^^^^^
  File "C:\Users\borod\OneDrive\Desktop\waifu_bot\.venv\Lib\site-packages\aiogram\dispatcher\event\telegram.py", line 126, in trigger
    return await wrapped_inner(event, kwargs)
           ^^^^^^^^^^^^^^^^^^^^^^^^^^^^^^^^^^
  File "C:\Users\borod\OneDrive\Desktop\waifu_bot\.venv\Lib\site-packages\aiogram\dispatcher\event\handler.py", line 71, in call
    return await wrapped()
           ^^^^^^^^^^^^^^^
  File "C:\Users\borod\OneDrive\Desktop\waifu_bot\app\handlers\profile.py", line 106, in profile
    await message.answer_video(
    ...<4 lines>...
    )
  File "C:\Users\borod\OneDrive\Desktop\waifu_bot\.venv\Lib\site-packages\aiogram\methods\base.py", line 82, in emit
    return await bot(self)
           ^^^^^^^^^^^^^^^
  File "C:\Users\borod\OneDrive\Desktop\waifu_bot\.venv\Lib\site-packages\aiogram\client\bot.py", line 487, in __call__
    return await self.session(self, method, timeout=request_timeout)
           ^^^^^^^^^^^^^^^^^^^^^^^^^^^^^^^^^^^^^^^^^^^^^^^^^^^^^^^^^
  File "C:\Users\borod\OneDrive\Desktop\waifu_bot\.venv\Lib\site-packages\aiogram\client\session\base.py", line 259, in __call__
    return cast(TelegramType, await middleware(bot, method))
                              ^^^^^^^^^^^^^^^^^^^^^^^^^^^^^
  File "C:\Users\borod\OneDrive\Desktop\waifu_bot\.venv\Lib\site-packages\aiogram\client\session\aiohttp.py", line 177, in make_request
    response = self.check_response(
        bot=bot,
    ...<2 lines>...
        content=raw_result,
    )
  File "C:\Users\borod\OneDrive\Desktop\waifu_bot\.venv\Lib\site-packages\aiogram\client\session\base.py", line 121, in check_response
    raise TelegramBadRequest(method=method, message=description)
aiogram.exceptions.TelegramBadRequest: Telegram server says - Bad Request: wrong file identifier/HTTP URL specified
2026-05-05 15:20:39,584 | INFO | aiogram.event | Update id=90779612 is handled. Duration 52 ms by bot id=8508853940
2026-05-05 15:24:48,164 | INFO | aiogram.event | Update id=90779613 is handled. Duration 77 ms by bot id=8508853940
2026-05-05 15:24:50,130 | INFO | aiogram.event | Update id=90779614 is handled. Duration 172 ms by bot id=8508853940
2026-05-05 15:24:53,641 | INFO | aiogram.event | Update id=90779615 is handled. Duration 121 ms by bot id=8508853940
2026-05-05 15:24:55,593 | INFO | aiogram.event | Update id=90779616 is handled. Duration 111 ms by bot id=8508853940
2026-05-05 15:25:23,435 | INFO | aiogram.event | Update id=90779617 is handled. Duration 75 ms by bot id=8508853940
2026-05-05 15:26:37,096 | INFO | aiogram.event | Update id=90779618 is handled. Duration 119 ms by bot id=8508853940
2026-05-05 15:26:39,745 | INFO | aiogram.event | Update id=90779619 is handled. Duration 379 ms by bot id=8508853940
2026-05-05 15:35:36,800 | INFO | aiogram.dispatcher | Polling stopped
2026-05-05 15:35:36,800 | ERROR | aiogram.dispatcher | Failed to fetch updates - TelegramNetworkError: HTTP Client says - ServerDisconnectedError: Server disconnected
2026-05-05 15:35:36,801 | WARNING | aiogram.dispatcher | Sleep for 1.000000 seconds and try again... (tryings = 0, bot id = 8508853940)
2026-05-05 15:35:37,053 | INFO | aiogram.dispatcher | Polling stopped for bot @WaifuHaremChatBot id=8508853940 - '𝑾𝒂𝒊𝒇𝒖 𝑯𝒂𝒓𝒆𝒎 𝑩𝒐𝒕'
2026-05-05 15:36:17,386 | INFO | __main__ | Bot is starting...
2026-05-05 15:36:18,091 | INFO | aiogram.dispatcher | Start polling
2026-05-05 15:36:18,126 | INFO | aiogram.dispatcher | Run polling for bot @WaifuHaremChatBot id=8508853940 - '𝑾𝒂𝒊𝒇𝒖 𝑯𝒂𝒓𝒆𝒎 𝑩𝒐𝒕'
2026-05-05 15:36:25,358 | INFO | aiogram.event | Update id=90779620 is handled. Duration 200 ms by bot id=8508853940
2026-05-05 15:36:28,098 | INFO | aiogram.event | Update id=90779621 is handled. Duration 85 ms by bot id=8508853940
2026-05-05 15:36:39,742 | INFO | aiogram.event | Update id=90779622 is handled. Duration 68 ms by bot id=8508853940
2026-05-05 15:36:43,295 | INFO | aiogram.event | Update id=90779623 is handled. Duration 72 ms by bot id=8508853940
2026-05-05 15:36:44,825 | INFO | aiogram.event | Update id=90779624 is handled. Duration 219 ms by bot id=8508853940
2026-05-05 15:37:04,841 | INFO | aiogram.event | Update id=90779625 is handled. Duration 66 ms by bot id=8508853940
2026-05-05 15:37:07,156 | INFO | aiogram.event | Update id=90779626 is handled. Duration 160 ms by bot id=8508853940
2026-05-05 15:37:52,012 | INFO | aiogram.event | Update id=90779627 is handled. Duration 6 ms by bot id=8508853940
2026-05-05 15:37:52,750 | INFO | aiogram.event | Update id=90779628 is handled. Duration 0 ms by bot id=8508853940
2026-05-05 15:37:53,218 | INFO | aiogram.event | Update id=90779629 is handled. Duration 0 ms by bot id=8508853940
2026-05-05 15:37:53,786 | INFO | aiogram.event | Update id=90779630 is handled. Duration 0 ms by bot id=8508853940
2026-05-05 15:37:54,849 | INFO | aiogram.event | Update id=90779631 is handled. Duration 0 ms by bot id=8508853940
2026-05-05 15:37:57,825 | INFO | aiogram.event | Update id=90779632 is handled. Duration 97 ms by bot id=8508853940
2026-05-05 15:37:59,198 | INFO | aiogram.event | Update id=90779633 is handled. Duration 0 ms by bot id=8508853940
2026-05-05 15:38:00,203 | INFO | aiogram.event | Update id=90779634 is handled. Duration 0 ms by bot id=8508853940
2026-05-05 15:38:01,876 | INFO | aiogram.event | Update id=90779635 is handled. Duration 0 ms by bot id=8508853940
2026-05-05 15:38:02,521 | INFO | aiogram.event | Update id=90779636 is handled. Duration 0 ms by bot id=8508853940
2026-05-05 15:38:02,752 | INFO | aiogram.event | Update id=90779637 is handled. Duration 0 ms by bot id=8508853940
2026-05-05 15:38:03,333 | INFO | aiogram.event | Update id=90779638 is handled. Duration 0 ms by bot id=8508853940
2026-05-05 15:38:03,898 | INFO | aiogram.event | Update id=90779639 is handled. Duration 0 ms by bot id=8508853940
2026-05-05 15:38:04,461 | INFO | aiogram.event | Update id=90779640 is handled. Duration 0 ms by bot id=8508853940
2026-05-05 15:38:06,255 | INFO | aiogram.event | Update id=90779641 is handled. Duration 0 ms by bot id=8508853940
2026-05-05 15:38:06,748 | INFO | aiogram.event | Update id=90779642 is handled. Duration 0 ms by bot id=8508853940
2026-05-05 15:38:07,531 | INFO | aiogram.event | Update id=90779643 is handled. Duration 0 ms by bot id=8508853940
2026-05-05 15:38:08,065 | INFO | aiogram.event | Update id=90779644 is handled. Duration 0 ms by bot id=8508853940
2026-05-05 15:38:08,933 | INFO | aiogram.event | Update id=90779645 is handled. Duration 0 ms by bot id=8508853940
2026-05-05 15:38:09,770 | INFO | aiogram.event | Update id=90779646 is handled. Duration 0 ms by bot id=8508853940
2026-05-05 15:38:10,843 | INFO | aiogram.event | Update id=90779647 is handled. Duration 0 ms by bot id=8508853940
2026-05-05 15:38:11,252 | INFO | aiogram.event | Update id=90779648 is handled. Duration 0 ms by bot id=8508853940
2026-05-05 15:38:12,234 | INFO | aiogram.event | Update id=90779649 is handled. Duration 0 ms by bot id=8508853940
2026-05-05 15:38:13,243 | INFO | aiogram.event | Update id=90779650 is handled. Duration 0 ms by bot id=8508853940
2026-05-05 15:38:14,090 | INFO | aiogram.event | Update id=90779651 is handled. Duration 0 ms by bot id=8508853940
2026-05-05 15:38:15,088 | INFO | aiogram.event | Update id=90779652 is handled. Duration 0 ms by bot id=8508853940
2026-05-05 15:38:16,043 | INFO | aiogram.event | Update id=90779653 is handled. Duration 0 ms by bot id=8508853940
2026-05-05 15:38:20,345 | INFO | aiogram.event | Update id=90779654 is handled. Duration 0 ms by bot id=8508853940
2026-05-05 15:38:20,826 | INFO | aiogram.event | Update id=90779655 is handled. Duration 0 ms by bot id=8508853940
2026-05-05 15:38:21,907 | INFO | aiogram.event | Update id=90779656 is handled. Duration 0 ms by bot id=8508853940
2026-05-05 15:38:22,411 | INFO | aiogram.event | Update id=90779657 is handled. Duration 0 ms by bot id=8508853940
2026-05-05 15:38:22,937 | INFO | aiogram.event | Update id=90779658 is handled. Duration 0 ms by bot id=8508853940
2026-05-05 15:38:23,815 | INFO | aiogram.event | Update id=90779659 is handled. Duration 0 ms by bot id=8508853940
2026-05-05 15:38:24,095 | INFO | aiogram.event | Update id=90779660 is handled. Duration 0 ms by bot id=8508853940
2026-05-05 15:38:24,737 | INFO | aiogram.event | Update id=90779661 is handled. Duration 0 ms by bot id=8508853940
2026-05-05 15:38:25,279 | INFO | aiogram.event | Update id=90779662 is handled. Duration 0 ms by bot id=8508853940
2026-05-05 15:38:26,186 | INFO | aiogram.event | Update id=90779663 is handled. Duration 0 ms by bot id=8508853940
2026-05-05 15:38:28,382 | INFO | aiogram.event | Update id=90779664 is handled. Duration 0 ms by bot id=8508853940
2026-05-05 15:38:28,835 | INFO | aiogram.event | Update id=90779665 is handled. Duration 0 ms by bot id=8508853940
2026-05-05 15:38:29,695 | INFO | aiogram.event | Update id=90779666 is handled. Duration 0 ms by bot id=8508853940
2026-05-05 15:38:30,746 | INFO | aiogram.event | Update id=90779667 is handled. Duration 0 ms by bot id=8508853940
2026-05-05 15:38:33,365 | INFO | aiogram.event | Update id=90779668 is handled. Duration 0 ms by bot id=8508853940
2026-05-05 15:38:33,933 | INFO | aiogram.event | Update id=90779669 is handled. Duration 0 ms by bot id=8508853940
2026-05-05 15:38:34,497 | INFO | aiogram.event | Update id=90779670 is handled. Duration 0 ms by bot id=8508853940
2026-05-05 15:38:35,608 | INFO | aiogram.event | Update id=90779671 is handled. Duration 0 ms by bot id=8508853940
2026-05-05 15:38:35,866 | INFO | aiogram.event | Update id=90779672 is handled. Duration 0 ms by bot id=8508853940
2026-05-05 15:38:36,455 | INFO | aiogram.event | Update id=90779673 is handled. Duration 0 ms by bot id=8508853940
2026-05-05 15:38:37,242 | INFO | aiogram.event | Update id=90779674 is handled. Duration 0 ms by bot id=8508853940
2026-05-05 15:38:37,697 | INFO | aiogram.event | Update id=90779675 is handled. Duration 0 ms by bot id=8508853940
2026-05-05 15:38:38,573 | INFO | aiogram.event | Update id=90779676 is handled. Duration 0 ms by bot id=8508853940
2026-05-05 15:38:39,394 | INFO | aiogram.event | Update id=90779677 is handled. Duration 0 ms by bot id=8508853940
2026-05-05 15:38:40,193 | INFO | aiogram.event | Update id=90779678 is handled. Duration 0 ms by bot id=8508853940
2026-05-05 15:38:41,023 | INFO | aiogram.event | Update id=90779679 is handled. Duration 0 ms by bot id=8508853940
2026-05-05 15:38:41,405 | INFO | aiogram.event | Update id=90779680 is handled. Duration 0 ms by bot id=8508853940
2026-05-05 15:38:42,263 | INFO | aiogram.event | Update id=90779681 is handled. Duration 0 ms by bot id=8508853940
2026-05-05 15:38:43,081 | INFO | aiogram.event | Update id=90779682 is handled. Duration 0 ms by bot id=8508853940
2026-05-05 15:38:44,076 | INFO | aiogram.event | Update id=90779683 is handled. Duration 0 ms by bot id=8508853940
2026-05-05 15:38:44,814 | INFO | aiogram.event | Update id=90779684 is handled. Duration 0 ms by bot id=8508853940
2026-05-05 15:38:45,522 | INFO | aiogram.event | Update id=90779685 is handled. Duration 0 ms by bot id=8508853940
2026-05-05 15:38:45,851 | INFO | aiogram.event | Update id=90779686 is handled. Duration 0 ms by bot id=8508853940
2026-05-05 15:38:46,199 | INFO | aiogram.event | Update id=90779687 is handled. Duration 0 ms by bot id=8508853940
2026-05-05 15:38:47,069 | INFO | aiogram.event | Update id=90779688 is handled. Duration 0 ms by bot id=8508853940
2026-05-05 15:38:47,433 | INFO | aiogram.event | Update id=90779689 is handled. Duration 0 ms by bot id=8508853940
2026-05-05 15:38:47,932 | INFO | aiogram.event | Update id=90779690 is handled. Duration 0 ms by bot id=8508853940
2026-05-05 15:38:48,811 | INFO | aiogram.event | Update id=90779691 is handled. Duration 0 ms by bot id=8508853940
2026-05-05 15:38:49,763 | INFO | aiogram.event | Update id=90779692 is handled. Duration 0 ms by bot id=8508853940
2026-05-05 15:38:50,629 | INFO | aiogram.event | Update id=90779693 is handled. Duration 0 ms by bot id=8508853940
2026-05-05 15:38:51,079 | INFO | aiogram.event | Update id=90779694 is handled. Duration 0 ms by bot id=8508853940
2026-05-05 15:38:52,091 | INFO | aiogram.event | Update id=90779695 is handled. Duration 0 ms by bot id=8508853940
2026-05-05 15:38:52,911 | INFO | aiogram.event | Update id=90779696 is handled. Duration 0 ms by bot id=8508853940
2026-05-05 15:38:53,847 | INFO | aiogram.event | Update id=90779697 is handled. Duration 0 ms by bot id=8508853940
2026-05-05 15:38:54,732 | INFO | aiogram.event | Update id=90779698 is handled. Duration 0 ms by bot id=8508853940
2026-05-05 15:38:55,209 | INFO | aiogram.event | Update id=90779699 is handled. Duration 0 ms by bot id=8508853940
2026-05-05 15:38:56,292 | INFO | aiogram.event | Update id=90779700 is handled. Duration 0 ms by bot id=8508853940
2026-05-05 15:38:57,149 | INFO | aiogram.event | Update id=90779701 is handled. Duration 1 ms by bot id=8508853940
2026-05-05 15:38:58,227 | INFO | aiogram.event | Update id=90779702 is handled. Duration 0 ms by bot id=8508853940
2026-05-05 15:38:58,945 | INFO | aiogram.event | Update id=90779703 is handled. Duration 0 ms by bot id=8508853940
2026-05-05 15:38:59,967 | INFO | aiogram.event | Update id=90779704 is handled. Duration 0 ms by bot id=8508853940
2026-05-05 15:39:00,596 | INFO | aiogram.event | Update id=90779705 is handled. Duration 0 ms by bot id=8508853940
2026-05-05 15:39:01,165 | INFO | aiogram.event | Update id=90779706 is handled. Duration 0 ms by bot id=8508853940
2026-05-05 15:39:02,370 | INFO | aiogram.event | Update id=90779707 is handled. Duration 0 ms by bot id=8508853940
2026-05-05 15:39:02,729 | INFO | aiogram.event | Update id=90779708 is handled. Duration 0 ms by bot id=8508853940
2026-05-05 15:39:03,865 | INFO | aiogram.event | Update id=90779709 is handled. Duration 0 ms by bot id=8508853940
2026-05-05 15:39:04,431 | INFO | aiogram.event | Update id=90779710 is handled. Duration 0 ms by bot id=8508853940
2026-05-05 15:39:05,307 | INFO | aiogram.event | Update id=90779711 is handled. Duration 0 ms by bot id=8508853940
2026-05-05 15:39:06,265 | INFO | aiogram.event | Update id=90779712 is handled. Duration 0 ms by bot id=8508853940
2026-05-05 15:39:07,287 | INFO | aiogram.event | Update id=90779713 is handled. Duration 0 ms by bot id=8508853940
2026-05-05 15:39:07,831 | INFO | aiogram.event | Update id=90779714 is handled. Duration 0 ms by bot id=8508853940
2026-05-05 15:39:08,804 | INFO | aiogram.event | Update id=90779715 is handled. Duration 0 ms by bot id=8508853940
2026-05-05 15:39:09,330 | INFO | aiogram.event | Update id=90779716 is handled. Duration 0 ms by bot id=8508853940
2026-05-05 15:39:10,538 | INFO | aiogram.event | Update id=90779717 is handled. Duration 0 ms by bot id=8508853940
2026-05-05 15:39:11,039 | INFO | aiogram.event | Update id=90779718 is handled. Duration 0 ms by bot id=8508853940
2026-05-05 15:39:11,996 | INFO | aiogram.event | Update id=90779719 is handled. Duration 0 ms by bot id=8508853940
2026-05-05 15:39:13,056 | INFO | aiogram.event | Update id=90779720 is handled. Duration 0 ms by bot id=8508853940
2026-05-05 15:39:13,483 | INFO | aiogram.event | Update id=90779721 is handled. Duration 0 ms by bot id=8508853940
2026-05-05 15:39:14,661 | INFO | aiogram.event | Update id=90779722 is handled. Duration 0 ms by bot id=8508853940
2026-05-05 15:39:15,738 | INFO | aiogram.event | Update id=90779723 is handled. Duration 0 ms by bot id=8508853940
2026-05-05 15:39:16,878 | INFO | aiogram.event | Update id=90779724 is handled. Duration 0 ms by bot id=8508853940
2026-05-05 15:39:18,167 | INFO | aiogram.event | Update id=90779725 is handled. Duration 0 ms by bot id=8508853940
2026-05-05 15:39:18,826 | INFO | aiogram.event | Update id=90779726 is handled. Duration 0 ms by bot id=8508853940
2026-05-05 15:39:19,628 | INFO | aiogram.event | Update id=90779727 is handled. Duration 0 ms by bot id=8508853940
2026-05-05 15:39:20,745 | INFO | aiogram.event | Update id=90779728 is handled. Duration 0 ms by bot id=8508853940
2026-05-05 15:39:22,009 | INFO | aiogram.event | Update id=90779729 is handled. Duration 0 ms by bot id=8508853940
2026-05-05 15:39:22,645 | INFO | aiogram.event | Update id=90779730 is handled. Duration 0 ms by bot id=8508853940
2026-05-05 15:39:23,622 | INFO | aiogram.event | Update id=90779731 is handled. Duration 0 ms by bot id=8508853940
2026-05-05 15:39:24,638 | INFO | aiogram.event | Update id=90779732 is handled. Duration 0 ms by bot id=8508853940
2026-05-05 15:39:25,140 | INFO | aiogram.event | Update id=90779733 is handled. Duration 0 ms by bot id=8508853940
2026-05-05 15:39:27,020 | INFO | aiogram.event | Update id=90779734 is handled. Duration 0 ms by bot id=8508853940
2026-05-05 15:39:27,671 | INFO | aiogram.event | Update id=90779735 is handled. Duration 0 ms by bot id=8508853940
2026-05-05 15:39:28,122 | INFO | aiogram.event | Update id=90779736 is handled. Duration 0 ms by bot id=8508853940
2026-05-05 15:39:29,383 | INFO | aiogram.event | Update id=90779737 is handled. Duration 0 ms by bot id=8508853940
2026-05-05 15:39:29,801 | INFO | aiogram.event | Update id=90779738 is handled. Duration 0 ms by bot id=8508853940
2026-05-05 15:39:30,362 | INFO | aiogram.event | Update id=90779739 is handled. Duration 0 ms by bot id=8508853940
2026-05-05 15:39:31,447 | INFO | aiogram.event | Update id=90779740 is handled. Duration 0 ms by bot id=8508853940
2026-05-05 15:39:32,393 | INFO | aiogram.event | Update id=90779741 is handled. Duration 0 ms by bot id=8508853940
2026-05-05 15:39:33,488 | INFO | aiogram.event | Update id=90779742 is handled. Duration 0 ms by bot id=8508853940
2026-05-05 15:39:33,995 | INFO | aiogram.event | Update id=90779743 is handled. Duration 0 ms by bot id=8508853940
2026-05-05 15:39:34,640 | INFO | aiogram.event | Update id=90779744 is handled. Duration 0 ms by bot id=8508853940
2026-05-05 15:39:35,312 | INFO | aiogram.event | Update id=90779745 is handled. Duration 0 ms by bot id=8508853940
2026-05-05 15:39:36,318 | INFO | aiogram.event | Update id=90779746 is handled. Duration 0 ms by bot id=8508853940
2026-05-05 15:39:36,806 | INFO | aiogram.event | Update id=90779747 is handled. Duration 0 ms by bot id=8508853940
2026-05-05 15:39:38,030 | INFO | aiogram.event | Update id=90779748 is handled. Duration 0 ms by bot id=8508853940
2026-05-05 15:39:39,245 | INFO | aiogram.event | Update id=90779749 is handled. Duration 0 ms by bot id=8508853940
2026-05-05 15:39:42,063 | INFO | aiogram.event | Update id=90779750 is handled. Duration 0 ms by bot id=8508853940
2026-05-05 15:39:43,088 | INFO | aiogram.event | Update id=90779751 is handled. Duration 0 ms by bot id=8508853940
2026-05-05 15:39:43,663 | INFO | aiogram.event | Update id=90779752 is handled. Duration 0 ms by bot id=8508853940
2026-05-05 15:39:44,749 | INFO | aiogram.event | Update id=90779753 is handled. Duration 0 ms by bot id=8508853940
2026-05-05 15:39:46,029 | INFO | aiogram.event | Update id=90779754 is handled. Duration 0 ms by bot id=8508853940
2026-05-05 15:39:46,727 | INFO | aiogram.event | Update id=90779755 is handled. Duration 0 ms by bot id=8508853940
2026-05-05 15:39:47,796 | INFO | aiogram.event | Update id=90779756 is handled. Duration 0 ms by bot id=8508853940
2026-05-05 15:39:48,366 | INFO | aiogram.event | Update id=90779757 is handled. Duration 0 ms by bot id=8508853940
2026-05-05 15:39:48,943 | INFO | aiogram.event | Update id=90779758 is handled. Duration 0 ms by bot id=8508853940
2026-05-05 15:39:50,095 | INFO | aiogram.event | Update id=90779759 is handled. Duration 0 ms by bot id=8508853940
2026-05-05 15:39:50,787 | INFO | aiogram.event | Update id=90779760 is handled. Duration 0 ms by bot id=8508853940
2026-05-05 15:39:51,227 | INFO | aiogram.event | Update id=90779761 is handled. Duration 0 ms by bot id=8508853940
2026-05-05 15:39:52,233 | INFO | aiogram.event | Update id=90779762 is handled. Duration 0 ms by bot id=8508853940
2026-05-05 15:39:52,808 | INFO | aiogram.event | Update id=90779763 is handled. Duration 0 ms by bot id=8508853940
2026-05-05 15:39:53,498 | INFO | aiogram.event | Update id=90779764 is handled. Duration 0 ms by bot id=8508853940
2026-05-05 15:39:54,093 | INFO | aiogram.event | Update id=90779765 is handled. Duration 0 ms by bot id=8508853940
2026-05-05 15:39:54,662 | INFO | aiogram.event | Update id=90779766 is handled. Duration 0 ms by bot id=8508853940
2026-05-05 15:39:55,730 | INFO | aiogram.event | Update id=90779767 is handled. Duration 0 ms by bot id=8508853940
2026-05-05 15:39:56,834 | INFO | aiogram.event | Update id=90779768 is handled. Duration 0 ms by bot id=8508853940
2026-05-05 15:39:57,447 | INFO | aiogram.event | Update id=90779769 is handled. Duration 0 ms by bot id=8508853940
2026-05-05 15:39:58,062 | INFO | aiogram.event | Update id=90779770 is handled. Duration 0 ms by bot id=8508853940
2026-05-05 15:39:58,865 | INFO | aiogram.event | Update id=90779771 is handled. Duration 0 ms by bot id=8508853940
2026-05-05 15:39:59,525 | INFO | aiogram.event | Update id=90779772 is handled. Duration 0 ms by bot id=8508853940
2026-05-05 15:40:00,831 | INFO | aiogram.event | Update id=90779773 is handled. Duration 0 ms by bot id=8508853940
2026-05-05 15:40:01,640 | INFO | aiogram.event | Update id=90779774 is handled. Duration 0 ms by bot id=8508853940
2026-05-05 15:40:02,217 | INFO | aiogram.event | Update id=90779775 is handled. Duration 0 ms by bot id=8508853940
2026-05-05 15:40:02,824 | INFO | aiogram.event | Update id=90779776 is handled. Duration 0 ms by bot id=8508853940
2026-05-05 15:40:03,331 | INFO | aiogram.event | Update id=90779777 is handled. Duration 0 ms by bot id=8508853940
2026-05-05 15:40:04,013 | INFO | aiogram.event | Update id=90779778 is handled. Duration 0 ms by bot id=8508853940
2026-05-05 15:40:07,043 | INFO | aiogram.event | Update id=90779779 is handled. Duration 0 ms by bot id=8508853940
2026-05-05 15:40:07,676 | INFO | aiogram.event | Update id=90779780 is handled. Duration 0 ms by bot id=8508853940
2026-05-05 15:40:08,802 | INFO | aiogram.event | Update id=90779781 is handled. Duration 0 ms by bot id=8508853940
2026-05-05 15:40:09,369 | INFO | aiogram.event | Update id=90779782 is handled. Duration 0 ms by bot id=8508853940
2026-05-05 15:40:10,351 | INFO | aiogram.event | Update id=90779783 is handled. Duration 0 ms by bot id=8508853940
2026-05-05 15:40:11,007 | INFO | aiogram.event | Update id=90779784 is handled. Duration 0 ms by bot id=8508853940
2026-05-05 15:40:11,566 | INFO | aiogram.event | Update id=90779785 is handled. Duration 0 ms by bot id=8508853940
2026-05-05 15:40:12,755 | INFO | aiogram.event | Update id=90779786 is handled. Duration 0 ms by bot id=8508853940
2026-05-05 15:40:13,369 | INFO | aiogram.event | Update id=90779787 is handled. Duration 0 ms by bot id=8508853940
2026-05-05 15:40:13,970 | INFO | aiogram.event | Update id=90779788 is handled. Duration 0 ms by bot id=8508853940
2026-05-05 15:40:15,296 | INFO | aiogram.event | Update id=90779789 is handled. Duration 0 ms by bot id=8508853940
2026-05-05 15:40:16,288 | INFO | aiogram.event | Update id=90779790 is handled. Duration 0 ms by bot id=8508853940
2026-05-05 15:40:16,781 | INFO | aiogram.event | Update id=90779791 is handled. Duration 0 ms by bot id=8508853940
2026-05-05 15:40:17,988 | INFO | aiogram.event | Update id=90779792 is handled. Duration 0 ms by bot id=8508853940
2026-05-05 15:40:19,357 | INFO | aiogram.event | Update id=90779793 is handled. Duration 0 ms by bot id=8508853940
2026-05-05 15:40:20,126 | INFO | aiogram.event | Update id=90779794 is handled. Duration 0 ms by bot id=8508853940
2026-05-05 15:40:20,723 | INFO | aiogram.event | Update id=90779795 is handled. Duration 0 ms by bot id=8508853940
2026-05-05 15:40:22,765 | INFO | aiogram.event | Update id=90779796 is handled. Duration 0 ms by bot id=8508853940
2026-05-05 15:40:23,629 | INFO | aiogram.event | Update id=90779797 is handled. Duration 0 ms by bot id=8508853940
2026-05-05 15:40:25,474 | INFO | aiogram.event | Update id=90779798 is handled. Duration 180 ms by bot id=8508853940
2026-05-05 15:40:25,817 | INFO | aiogram.event | Update id=90779799 is handled. Duration 0 ms by bot id=8508853940
2026-05-05 15:40:26,899 | INFO | aiogram.event | Update id=90779800 is handled. Duration 0 ms by bot id=8508853940
2026-05-05 15:40:27,458 | INFO | aiogram.event | Update id=90779801 is handled. Duration 0 ms by bot id=8508853940
2026-05-05 15:40:42,017 | INFO | aiogram.event | Update id=90779802 is handled. Duration 0 ms by bot id=8508853940
2026-05-05 15:40:46,700 | INFO | aiogram.event | Update id=90779803 is handled. Duration 65 ms by bot id=8508853940
2026-05-05 15:45:41,040 | INFO | aiogram.event | Update id=90779804 is handled. Duration 61 ms by bot id=8508853940
2026-05-05 15:46:20,043 | INFO | aiogram.event | Update id=90779805 is handled. Duration 68 ms by bot id=8508853940
2026-05-05 15:46:34,997 | INFO | aiogram.event | Update id=90779806 is handled. Duration 69 ms by bot id=8508853940
2026-05-05 15:48:03,371 | INFO | aiogram.event | Update id=90779807 is handled. Duration 65 ms by bot id=8508853940
2026-05-05 15:48:05,839 | INFO | aiogram.event | Update id=90779808 is handled. Duration 239 ms by bot id=8508853940
2026-05-05 15:48:09,532 | INFO | aiogram.event | Update id=90779809 is handled. Duration 63 ms by bot id=8508853940
2026-05-05 15:48:10,626 | INFO | aiogram.event | Update id=90779810 is handled. Duration 68 ms by bot id=8508853940
2026-05-05 15:48:12,436 | INFO | aiogram.event | Update id=90779811 is handled. Duration 74 ms by bot id=8508853940
2026-05-05 15:48:18,790 | INFO | aiogram.event | Update id=90779812 is handled. Duration 68 ms by bot id=8508853940
2026-05-05 15:48:19,921 | INFO | aiogram.event | Update id=90779813 is handled. Duration 148 ms by bot id=8508853940
2026-05-05 15:48:23,969 | INFO | aiogram.event | Update id=90779814 is handled. Duration 63 ms by bot id=8508853940
2026-05-05 15:48:25,055 | INFO | aiogram.event | Update id=90779815 is handled. Duration 148 ms by bot id=8508853940
2026-05-05 15:48:28,378 | INFO | aiogram.event | Update id=90779816 is handled. Duration 158 ms by bot id=8508853940
2026-05-05 15:57:03,599 | INFO | aiogram.dispatcher | Polling stopped
2026-05-05 15:57:03,599 | ERROR | aiogram.dispatcher | Failed to fetch updates - TelegramNetworkError: HTTP Client says - ServerDisconnectedError: Server disconnected
2026-05-05 15:57:03,599 | WARNING | aiogram.dispatcher | Sleep for 1.000000 seconds and try again... (tryings = 0, bot id = 8508853940)
2026-05-05 15:57:03,865 | INFO | aiogram.dispatcher | Polling stopped for bot @WaifuHaremChatBot id=8508853940 - '𝑾𝒂𝒊𝒇𝒖 𝑯𝒂𝒓𝒆𝒎 𝑩𝒐𝒕'
2026-05-05 15:57:40,961 | INFO | __main__ | Bot is starting...
2026-05-05 15:57:41,579 | INFO | aiogram.dispatcher | Start polling
2026-05-05 15:57:41,618 | INFO | aiogram.dispatcher | Run polling for bot @WaifuHaremChatBot id=8508853940 - '𝑾𝒂𝒊𝒇𝒖 𝑯𝒂𝒓𝒆𝒎 𝑩𝒐𝒕'
2026-05-05 15:57:46,323 | INFO | aiogram.event | Update id=90779817 is handled. Duration 203 ms by bot id=8508853940
2026-05-05 15:57:48,058 | INFO | aiogram.event | Update id=90779818 is handled. Duration 69 ms by bot id=8508853940
2026-05-05 15:57:51,281 | INFO | aiogram.event | Update id=90779819 is handled. Duration 67 ms by bot id=8508853940
2026-05-05 15:57:54,463 | INFO | aiogram.event | Update id=90779820 is handled. Duration 843 ms by bot id=8508853940
2026-05-05 15:58:11,859 | INFO | aiogram.event | Update id=90779821 is handled. Duration 81 ms by bot id=8508853940
2026-05-05 15:58:14,439 | INFO | aiogram.event | Update id=90779822 is handled. Duration 832 ms by bot id=8508853940
2026-05-05 15:59:35,991 | INFO | aiogram.event | Update id=90779823 is handled. Duration 1339 ms by bot id=8508853940
2026-05-05 16:00:00,204 | INFO | aiogram.event | Update id=90779824 is handled. Duration 524 ms by bot id=8508853940
2026-05-05 16:00:22,929 | INFO | aiogram.event | Update id=90779825 is handled. Duration 545 ms by bot id=8508853940
2026-05-05 16:00:56,623 | INFO | aiogram.event | Update id=90779826 is handled. Duration 2 ms by bot id=8508853940
2026-05-05 16:00:56,900 | INFO | aiogram.event | Update id=90779827 is handled. Duration 0 ms by bot id=8508853940
2026-05-05 16:00:57,601 | INFO | aiogram.event | Update id=90779828 is handled. Duration 0 ms by bot id=8508853940
2026-05-05 16:00:58,127 | INFO | aiogram.event | Update id=90779829 is handled. Duration 0 ms by bot id=8508853940
2026-05-05 16:00:58,568 | INFO | aiogram.event | Update id=90779830 is handled. Duration 0 ms by bot id=8508853940
2026-05-05 16:00:59,803 | INFO | aiogram.event | Update id=90779831 is handled. Duration 0 ms by bot id=8508853940
2026-05-05 16:01:00,552 | INFO | aiogram.event | Update id=90779832 is handled. Duration 0 ms by bot id=8508853940
2026-05-05 16:01:01,074 | INFO | aiogram.event | Update id=90779833 is handled. Duration 0 ms by bot id=8508853940
2026-05-05 16:01:01,862 | INFO | aiogram.event | Update id=90779834 is handled. Duration 0 ms by bot id=8508853940
2026-05-05 16:01:02,088 | INFO | aiogram.event | Update id=90779835 is handled. Duration 0 ms by bot id=8508853940
2026-05-05 16:01:03,352 | INFO | aiogram.event | Update id=90779836 is handled. Duration 0 ms by bot id=8508853940
2026-05-05 16:01:03,818 | INFO | aiogram.event | Update id=90779837 is handled. Duration 0 ms by bot id=8508853940
2026-05-05 16:01:04,275 | INFO | aiogram.event | Update id=90779838 is handled. Duration 0 ms by bot id=8508853940
2026-05-05 16:01:05,249 | INFO | aiogram.event | Update id=90779839 is handled. Duration 0 ms by bot id=8508853940
2026-05-05 16:01:05,757 | INFO | aiogram.event | Update id=90779840 is handled. Duration 0 ms by bot id=8508853940
2026-05-05 16:01:06,228 | INFO | aiogram.event | Update id=90779841 is handled. Duration 0 ms by bot id=8508853940
2026-05-05 16:01:06,492 | INFO | aiogram.event | Update id=90779842 is handled. Duration 0 ms by bot id=8508853940
2026-05-05 16:01:11,259 | INFO | aiogram.event | Update id=90779843 is handled. Duration 0 ms by bot id=8508853940
2026-05-05 16:01:12,040 | INFO | aiogram.event | Update id=90779844 is handled. Duration 0 ms by bot id=8508853940
2026-05-05 16:01:12,858 | INFO | aiogram.event | Update id=90779845 is handled. Duration 0 ms by bot id=8508853940
2026-05-05 16:01:13,455 | INFO | aiogram.event | Update id=90779846 is handled. Duration 0 ms by bot id=8508853940
2026-05-05 16:01:13,716 | INFO | aiogram.event | Update id=90779847 is handled. Duration 0 ms by bot id=8508853940
2026-05-05 16:01:14,687 | INFO | aiogram.event | Update id=90779848 is handled. Duration 0 ms by bot id=8508853940
2026-05-05 16:01:15,198 | INFO | aiogram.event | Update id=90779849 is handled. Duration 0 ms by bot id=8508853940
2026-05-05 16:01:15,757 | INFO | aiogram.event | Update id=90779850 is handled. Duration 0 ms by bot id=8508853940
2026-05-05 16:01:16,177 | INFO | aiogram.event | Update id=90779851 is handled. Duration 0 ms by bot id=8508853940
2026-05-05 16:01:16,719 | INFO | aiogram.event | Update id=90779852 is handled. Duration 0 ms by bot id=8508853940
2026-05-05 16:01:17,247 | INFO | aiogram.event | Update id=90779853 is handled. Duration 0 ms by bot id=8508853940
2026-05-05 16:01:17,705 | INFO | aiogram.event | Update id=90779854 is handled. Duration 0 ms by bot id=8508853940
2026-05-05 16:01:18,280 | INFO | aiogram.event | Update id=90779855 is handled. Duration 0 ms by bot id=8508853940
2026-05-05 16:01:18,945 | INFO | aiogram.event | Update id=90779856 is handled. Duration 0 ms by bot id=8508853940
2026-05-05 16:01:19,466 | INFO | aiogram.event | Update id=90779857 is handled. Duration 0 ms by bot id=8508853940
2026-05-05 16:01:20,185 | INFO | aiogram.event | Update id=90779858 is handled. Duration 0 ms by bot id=8508853940
2026-05-05 16:01:20,693 | INFO | aiogram.event | Update id=90779859 is handled. Duration 0 ms by bot id=8508853940
2026-05-05 16:01:21,261 | INFO | aiogram.event | Update id=90779860 is handled. Duration 0 ms by bot id=8508853940
2026-05-05 16:01:21,768 | INFO | aiogram.event | Update id=90779861 is handled. Duration 0 ms by bot id=8508853940
2026-05-05 16:01:22,346 | INFO | aiogram.event | Update id=90779862 is handled. Duration 0 ms by bot id=8508853940
2026-05-05 16:01:22,845 | INFO | aiogram.event | Update id=90779863 is handled. Duration 0 ms by bot id=8508853940
2026-05-05 16:01:23,375 | INFO | aiogram.event | Update id=90779864 is handled. Duration 0 ms by bot id=8508853940
2026-05-05 16:01:23,954 | INFO | aiogram.event | Update id=90779865 is handled. Duration 0 ms by bot id=8508853940
2026-05-05 16:01:24,186 | INFO | aiogram.event | Update id=90779866 is handled. Duration 0 ms by bot id=8508853940
2026-05-05 16:01:24,749 | INFO | aiogram.event | Update id=90779867 is handled. Duration 0 ms by bot id=8508853940
2026-05-05 16:01:25,377 | INFO | aiogram.event | Update id=90779868 is handled. Duration 0 ms by bot id=8508853940
2026-05-05 16:01:25,925 | INFO | aiogram.event | Update id=90779869 is handled. Duration 0 ms by bot id=8508853940
2026-05-05 16:01:26,493 | INFO | aiogram.event | Update id=90779870 is handled. Duration 0 ms by bot id=8508853940
2026-05-05 16:01:27,521 | INFO | aiogram.event | Update id=90779871 is handled. Duration 0 ms by bot id=8508853940
2026-05-05 16:01:27,937 | INFO | aiogram.event | Update id=90779872 is handled. Duration 0 ms by bot id=8508853940
2026-05-05 16:01:29,446 | INFO | aiogram.event | Update id=90779873 is handled. Duration 0 ms by bot id=8508853940
2026-05-05 16:01:30,083 | INFO | aiogram.event | Update id=90779874 is handled. Duration 0 ms by bot id=8508853940
2026-05-05 16:01:30,493 | INFO | aiogram.event | Update id=90779875 is handled. Duration 0 ms by bot id=8508853940
2026-05-05 16:01:31,193 | INFO | aiogram.event | Update id=90779876 is handled. Duration 0 ms by bot id=8508853940
2026-05-05 16:01:31,763 | INFO | aiogram.event | Update id=90779877 is handled. Duration 0 ms by bot id=8508853940
2026-05-05 16:01:32,514 | INFO | aiogram.event | Update id=90779878 is handled. Duration 0 ms by bot id=8508853940
2026-05-05 16:01:33,047 | INFO | aiogram.event | Update id=90779879 is handled. Duration 0 ms by bot id=8508853940
2026-05-05 16:01:33,625 | INFO | aiogram.event | Update id=90779880 is handled. Duration 0 ms by bot id=8508853940
2026-05-05 16:01:34,147 | INFO | aiogram.event | Update id=90779881 is handled. Duration 0 ms by bot id=8508853940
2026-05-05 16:01:34,683 | INFO | aiogram.event | Update id=90779882 is handled. Duration 0 ms by bot id=8508853940
2026-05-05 16:01:35,462 | INFO | aiogram.event | Update id=90779883 is handled. Duration 0 ms by bot id=8508853940
2026-05-05 16:01:36,235 | INFO | aiogram.event | Update id=90779884 is handled. Duration 0 ms by bot id=8508853940
2026-05-05 16:01:37,919 | INFO | aiogram.event | Update id=90779885 is handled. Duration 0 ms by bot id=8508853940
2026-05-05 16:01:56,774 | INFO | aiogram.event | Update id=90779886 is handled. Duration 0 ms by bot id=8508853940
2026-05-05 16:01:58,488 | INFO | aiogram.event | Update id=90779887 is handled. Duration 0 ms by bot id=8508853940
2026-05-05 16:01:58,756 | INFO | aiogram.event | Update id=90779888 is handled. Duration 0 ms by bot id=8508853940
2026-05-05 16:01:59,538 | INFO | aiogram.event | Update id=90779889 is handled. Duration 0 ms by bot id=8508853940
2026-05-05 16:02:00,043 | INFO | aiogram.event | Update id=90779890 is handled. Duration 0 ms by bot id=8508853940
2026-05-05 16:02:00,565 | INFO | aiogram.event | Update id=90779891 is handled. Duration 0 ms by bot id=8508853940
2026-05-05 16:02:01,351 | INFO | aiogram.event | Update id=90779892 is handled. Duration 0 ms by bot id=8508853940
2026-05-05 16:02:01,890 | INFO | aiogram.event | Update id=90779893 is handled. Duration 0 ms by bot id=8508853940
2026-05-05 16:02:02,423 | INFO | aiogram.event | Update id=90779894 is handled. Duration 0 ms by bot id=8508853940
2026-05-05 16:02:02,949 | INFO | aiogram.event | Update id=90779895 is handled. Duration 0 ms by bot id=8508853940
2026-05-05 16:02:03,513 | INFO | aiogram.event | Update id=90779896 is handled. Duration 0 ms by bot id=8508853940
2026-05-05 16:02:04,372 | INFO | aiogram.event | Update id=90779897 is handled. Duration 0 ms by bot id=8508853940
2026-05-05 16:02:07,707 | INFO | aiogram.event | Update id=90779898 is handled. Duration 0 ms by bot id=8508853940
2026-05-05 16:02:08,273 | INFO | aiogram.event | Update id=90779899 is handled. Duration 0 ms by bot id=8508853940
2026-05-05 16:02:08,834 | INFO | aiogram.event | Update id=90779900 is handled. Duration 0 ms by bot id=8508853940
2026-05-05 16:02:09,222 | INFO | aiogram.event | Update id=90779901 is handled. Duration 0 ms by bot id=8508853940
2026-05-05 16:02:12,982 | INFO | aiogram.event | Update id=90779902 is handled. Duration 0 ms by bot id=8508853940
2026-05-05 16:02:13,612 | INFO | aiogram.event | Update id=90779903 is handled. Duration 0 ms by bot id=8508853940
2026-05-05 16:02:14,060 | INFO | aiogram.event | Update id=90779904 is handled. Duration 0 ms by bot id=8508853940
2026-05-05 16:02:14,909 | INFO | aiogram.event | Update id=90779905 is handled. Duration 0 ms by bot id=8508853940
2026-05-05 16:02:15,407 | INFO | aiogram.event | Update id=90779906 is handled. Duration 0 ms by bot id=8508853940
2026-05-05 16:02:16,258 | INFO | aiogram.event | Update id=90779907 is handled. Duration 0 ms by bot id=8508853940
2026-05-05 16:02:18,772 | INFO | aiogram.event | Update id=90779908 is handled. Duration 0 ms by bot id=8508853940
2026-05-05 16:02:19,279 | INFO | aiogram.event | Update id=90779909 is handled. Duration 0 ms by bot id=8508853940
2026-05-05 16:02:20,075 | INFO | aiogram.event | Update id=90779910 is handled. Duration 0 ms by bot id=8508853940
2026-05-05 16:02:21,457 | INFO | aiogram.event | Update id=90779911 is handled. Duration 0 ms by bot id=8508853940
2026-05-05 16:02:22,167 | INFO | aiogram.event | Update id=90779912 is handled. Duration 0 ms by bot id=8508853940
2026-05-05 16:02:22,696 | INFO | aiogram.event | Update id=90779913 is handled. Duration 0 ms by bot id=8508853940
2026-05-05 16:02:24,199 | INFO | aiogram.event | Update id=90779914 is handled. Duration 0 ms by bot id=8508853940
2026-05-05 16:02:24,724 | INFO | aiogram.event | Update id=90779915 is handled. Duration 0 ms by bot id=8508853940
2026-05-05 16:02:25,603 | INFO | aiogram.event | Update id=90779916 is handled. Duration 0 ms by bot id=8508853940
2026-05-05 16:02:26,354 | INFO | aiogram.event | Update id=90779917 is handled. Duration 0 ms by bot id=8508853940
2026-05-05 16:02:26,614 | INFO | aiogram.event | Update id=90779918 is handled. Duration 0 ms by bot id=8508853940
2026-05-05 16:02:27,150 | INFO | aiogram.event | Update id=90779919 is handled. Duration 0 ms by bot id=8508853940
2026-05-05 16:02:27,999 | INFO | aiogram.event | Update id=90779920 is handled. Duration 0 ms by bot id=8508853940
2026-05-05 16:02:28,799 | INFO | aiogram.event | Update id=90779921 is handled. Duration 0 ms by bot id=8508853940
2026-05-05 16:02:29,337 | INFO | aiogram.event | Update id=90779922 is handled. Duration 0 ms by bot id=8508853940
2026-05-05 16:02:29,919 | INFO | aiogram.event | Update id=90779923 is handled. Duration 0 ms by bot id=8508853940
2026-05-05 16:02:31,997 | INFO | aiogram.event | Update id=90779924 is handled. Duration 0 ms by bot id=8508853940
2026-05-05 16:02:33,028 | INFO | aiogram.event | Update id=90779925 is handled. Duration 0 ms by bot id=8508853940
2026-05-05 16:02:33,648 | INFO | aiogram.event | Update id=90779926 is handled. Duration 0 ms by bot id=8508853940
2026-05-05 16:02:34,362 | INFO | aiogram.event | Update id=90779927 is handled. Duration 0 ms by bot id=8508853940
2026-05-05 16:02:35,860 | INFO | aiogram.event | Update id=90779928 is handled. Duration 0 ms by bot id=8508853940
2026-05-05 16:02:36,378 | INFO | aiogram.event | Update id=90779929 is handled. Duration 0 ms by bot id=8508853940
2026-05-05 16:02:37,273 | INFO | aiogram.event | Update id=90779930 is handled. Duration 0 ms by bot id=8508853940
2026-05-05 16:02:38,078 | INFO | aiogram.event | Update id=90779931 is handled. Duration 0 ms by bot id=8508853940
2026-05-05 16:02:38,578 | INFO | aiogram.event | Update id=90779932 is handled. Duration 0 ms by bot id=8508853940
2026-05-05 16:02:39,251 | INFO | aiogram.event | Update id=90779933 is handled. Duration 0 ms by bot id=8508853940
2026-05-05 16:02:39,563 | INFO | aiogram.event | Update id=90779934 is handled. Duration 0 ms by bot id=8508853940
2026-05-05 16:02:40,139 | INFO | aiogram.event | Update id=90779935 is handled. Duration 0 ms by bot id=8508853940
2026-05-05 16:02:40,662 | INFO | aiogram.event | Update id=90779936 is handled. Duration 0 ms by bot id=8508853940
2026-05-05 16:02:41,745 | INFO | aiogram.event | Update id=90779937 is handled. Duration 0 ms by bot id=8508853940
2026-05-05 16:02:42,580 | INFO | aiogram.event | Update id=90779938 is handled. Duration 0 ms by bot id=8508853940
2026-05-05 16:02:43,264 | INFO | aiogram.event | Update id=90779939 is handled. Duration 0 ms by bot id=8508853940
2026-05-05 16:02:43,676 | INFO | aiogram.event | Update id=90779940 is handled. Duration 0 ms by bot id=8508853940
2026-05-05 16:02:44,447 | INFO | aiogram.event | Update id=90779941 is handled. Duration 0 ms by bot id=8508853940
2026-05-05 16:02:44,982 | INFO | aiogram.event | Update id=90779942 is handled. Duration 0 ms by bot id=8508853940
2026-05-05 16:02:45,673 | INFO | aiogram.event | Update id=90779943 is handled. Duration 0 ms by bot id=8508853940
2026-05-05 16:02:46,849 | INFO | aiogram.event | Update id=90779944 is handled. Duration 0 ms by bot id=8508853940
2026-05-05 16:02:47,348 | INFO | aiogram.event | Update id=90779945 is handled. Duration 0 ms by bot id=8508853940
2026-05-05 16:02:47,670 | INFO | aiogram.event | Update id=90779946 is handled. Duration 0 ms by bot id=8508853940
2026-05-05 16:02:48,975 | INFO | aiogram.event | Update id=90779947 is handled. Duration 0 ms by bot id=8508853940
2026-05-05 16:02:50,052 | INFO | aiogram.event | Update id=90779948 is handled. Duration 0 ms by bot id=8508853940
2026-05-05 16:02:50,969 | INFO | aiogram.event | Update id=90779949 is handled. Duration 0 ms by bot id=8508853940
2026-05-05 16:02:51,802 | INFO | aiogram.event | Update id=90779950 is handled. Duration 0 ms by bot id=8508853940
2026-05-05 16:02:52,504 | INFO | aiogram.event | Update id=90779951 is handled. Duration 0 ms by bot id=8508853940
2026-05-05 16:02:53,244 | INFO | aiogram.event | Update id=90779952 is handled. Duration 0 ms by bot id=8508853940
2026-05-05 16:02:53,641 | INFO | aiogram.event | Update id=90779953 is handled. Duration 0 ms by bot id=8508853940
2026-05-05 16:02:54,350 | INFO | aiogram.event | Update id=90779954 is handled. Duration 0 ms by bot id=8508853940
2026-05-05 16:02:55,031 | INFO | aiogram.event | Update id=90779955 is handled. Duration 0 ms by bot id=8508853940
2026-05-05 16:02:55,445 | INFO | aiogram.event | Update id=90779956 is handled. Duration 0 ms by bot id=8508853940
2026-05-05 16:02:56,195 | INFO | aiogram.event | Update id=90779957 is handled. Duration 0 ms by bot id=8508853940
2026-05-05 16:02:56,901 | INFO | aiogram.event | Update id=90779958 is handled. Duration 0 ms by bot id=8508853940
2026-05-05 16:02:57,340 | INFO | aiogram.event | Update id=90779959 is handled. Duration 0 ms by bot id=8508853940
2026-05-05 16:07:27,836 | INFO | aiogram.event | Update id=90779960 is handled. Duration 0 ms by bot id=8508853940
2026-05-05 16:07:30,513 | INFO | aiogram.event | Update id=90779961 is handled. Duration 0 ms by bot id=8508853940
2026-05-05 16:07:31,105 | INFO | aiogram.event | Update id=90779962 is handled. Duration 0 ms by bot id=8508853940
2026-05-05 16:07:31,500 | INFO | aiogram.event | Update id=90779963 is handled. Duration 0 ms by bot id=8508853940
2026-05-05 16:07:32,275 | INFO | aiogram.event | Update id=90779964 is handled. Duration 0 ms by bot id=8508853940
2026-05-05 16:07:32,942 | INFO | aiogram.event | Update id=90779965 is handled. Duration 0 ms by bot id=8508853940
2026-05-05 16:07:33,400 | INFO | aiogram.event | Update id=90779966 is handled. Duration 0 ms by bot id=8508853940
2026-05-05 16:07:34,104 | INFO | aiogram.event | Update id=90779967 is handled. Duration 0 ms by bot id=8508853940
2026-05-05 16:07:34,558 | INFO | aiogram.event | Update id=90779968 is handled. Duration 0 ms by bot id=8508853940
2026-05-05 16:07:35,022 | INFO | aiogram.event | Update id=90779969 is handled. Duration 0 ms by bot id=8508853940
2026-05-05 16:07:35,287 | INFO | aiogram.event | Update id=90779970 is handled. Duration 0 ms by bot id=8508853940
2026-05-05 16:07:35,767 | INFO | aiogram.event | Update id=90779971 is handled. Duration 0 ms by bot id=8508853940
2026-05-05 16:07:36,426 | INFO | aiogram.event | Update id=90779972 is handled. Duration 0 ms by bot id=8508853940
2026-05-05 16:07:36,883 | INFO | aiogram.event | Update id=90779973 is handled. Duration 0 ms by bot id=8508853940
2026-05-05 16:07:38,353 | INFO | aiogram.event | Update id=90779974 is handled. Duration 0 ms by bot id=8508853940
2026-05-05 16:07:38,739 | INFO | aiogram.event | Update id=90779975 is handled. Duration 0 ms by bot id=8508853940
2026-05-05 16:07:39,724 | INFO | aiogram.event | Update id=90779976 is handled. Duration 0 ms by bot id=8508853940
2026-05-05 16:07:40,335 | INFO | aiogram.event | Update id=90779977 is handled. Duration 0 ms by bot id=8508853940
2026-05-05 16:07:40,927 | INFO | aiogram.event | Update id=90779978 is handled. Duration 0 ms by bot id=8508853940
2026-05-05 16:07:41,760 | INFO | aiogram.event | Update id=90779979 is handled. Duration 0 ms by bot id=8508853940
2026-05-05 16:07:42,438 | INFO | aiogram.event | Update id=90779980 is handled. Duration 0 ms by bot id=8508853940
2026-05-05 16:07:43,151 | INFO | aiogram.event | Update id=90779981 is handled. Duration 0 ms by bot id=8508853940
2026-05-05 16:07:43,673 | INFO | aiogram.event | Update id=90779982 is handled. Duration 0 ms by bot id=8508853940
2026-05-05 16:07:44,186 | INFO | aiogram.event | Update id=90779983 is handled. Duration 1 ms by bot id=8508853940
2026-05-05 16:07:44,906 | INFO | aiogram.event | Update id=90779984 is handled. Duration 0 ms by bot id=8508853940
2026-05-05 16:07:45,625 | INFO | aiogram.event | Update id=90779985 is handled. Duration 0 ms by bot id=8508853940
2026-05-05 16:07:46,371 | INFO | aiogram.event | Update id=90779986 is handled. Duration 0 ms by bot id=8508853940
2026-05-05 16:07:47,227 | INFO | aiogram.event | Update id=90779987 is handled. Duration 0 ms by bot id=8508853940
2026-05-05 16:07:47,887 | INFO | aiogram.event | Update id=90779988 is handled. Duration 0 ms by bot id=8508853940
2026-05-05 16:07:48,454 | INFO | aiogram.event | Update id=90779989 is handled. Duration 0 ms by bot id=8508853940
2026-05-05 16:07:49,295 | INFO | aiogram.event | Update id=90779990 is handled. Duration 0 ms by bot id=8508853940
2026-05-05 16:07:50,188 | INFO | aiogram.event | Update id=90779991 is handled. Duration 0 ms by bot id=8508853940
2026-05-05 16:07:50,671 | INFO | aiogram.event | Update id=90779992 is handled. Duration 0 ms by bot id=8508853940
2026-05-05 16:07:52,095 | INFO | aiogram.event | Update id=90779993 is handled. Duration 0 ms by bot id=8508853940
2026-05-05 16:07:52,482 | INFO | aiogram.event | Update id=90779994 is handled. Duration 0 ms by bot id=8508853940
2026-05-05 16:07:53,256 | INFO | aiogram.event | Update id=90779995 is handled. Duration 0 ms by bot id=8508853940
2026-05-05 16:07:53,798 | INFO | aiogram.event | Update id=90779996 is handled. Duration 0 ms by bot id=8508853940
2026-05-05 16:07:54,176 | INFO | aiogram.event | Update id=90779997 is handled. Duration 0 ms by bot id=8508853940
2026-05-05 16:07:54,792 | INFO | aiogram.event | Update id=90779998 is handled. Duration 0 ms by bot id=8508853940
2026-05-05 16:07:55,082 | INFO | aiogram.event | Update id=90779999 is handled. Duration 0 ms by bot id=8508853940
2026-05-05 16:07:55,582 | INFO | aiogram.event | Update id=90780000 is handled. Duration 0 ms by bot id=8508853940
2026-05-05 16:07:56,090 | INFO | aiogram.event | Update id=90780001 is handled. Duration 0 ms by bot id=8508853940
2026-05-05 16:07:56,881 | INFO | aiogram.event | Update id=90780002 is handled. Duration 0 ms by bot id=8508853940
2026-05-05 16:07:57,612 | INFO | aiogram.event | Update id=90780003 is handled. Duration 0 ms by bot id=8508853940
2026-05-05 16:07:58,429 | INFO | aiogram.event | Update id=90780004 is handled. Duration 0 ms by bot id=8508853940
2026-05-05 16:07:58,933 | INFO | aiogram.event | Update id=90780005 is handled. Duration 0 ms by bot id=8508853940
2026-05-05 16:07:59,489 | INFO | aiogram.event | Update id=90780006 is handled. Duration 0 ms by bot id=8508853940
2026-05-05 16:07:59,950 | INFO | aiogram.event | Update id=90780007 is handled. Duration 0 ms by bot id=8508853940
2026-05-05 16:08:00,875 | INFO | aiogram.event | Update id=90780008 is handled. Duration 0 ms by bot id=8508853940
2026-05-05 16:08:11,652 | INFO | aiogram.event | Update id=90780009 is handled. Duration 0 ms by bot id=8508853940
2026-05-05 16:08:12,077 | INFO | aiogram.event | Update id=90780010 is handled. Duration 0 ms by bot id=8508853940
2026-05-05 16:08:13,231 | INFO | aiogram.event | Update id=90780011 is handled. Duration 0 ms by bot id=8508853940
2026-05-05 16:08:13,437 | INFO | aiogram.event | Update id=90780012 is handled. Duration 0 ms by bot id=8508853940
2026-05-05 16:08:14,136 | INFO | aiogram.event | Update id=90780013 is handled. Duration 0 ms by bot id=8508853940
2026-05-05 16:08:14,876 | INFO | aiogram.event | Update id=90780014 is handled. Duration 0 ms by bot id=8508853940
2026-05-05 16:08:15,344 | INFO | aiogram.event | Update id=90780015 is handled. Duration 0 ms by bot id=8508853940
2026-05-05 16:08:16,119 | INFO | aiogram.event | Update id=90780016 is handled. Duration 0 ms by bot id=8508853940
2026-05-05 16:08:16,823 | INFO | aiogram.event | Update id=90780017 is handled. Duration 0 ms by bot id=8508853940
2026-05-05 16:08:17,561 | INFO | aiogram.event | Update id=90780018 is handled. Duration 0 ms by bot id=8508853940
2026-05-05 16:08:18,010 | INFO | aiogram.event | Update id=90780019 is handled. Duration 0 ms by bot id=8508853940
2026-05-05 16:08:18,750 | INFO | aiogram.event | Update id=90780020 is handled. Duration 0 ms by bot id=8508853940
2026-05-05 16:08:19,397 | INFO | aiogram.event | Update id=90780021 is handled. Duration 0 ms by bot id=8508853940
2026-05-05 16:08:20,339 | INFO | aiogram.event | Update id=90780022 is handled. Duration 275 ms by bot id=8508853940
2026-05-05 16:08:20,843 | INFO | aiogram.event | Update id=90780023 is handled. Duration 0 ms by bot id=8508853940
2026-05-05 16:08:24,930 | INFO | aiogram.event | Update id=90780024 is handled. Duration 167 ms by bot id=8508853940
2026-05-05 16:08:50,711 | INFO | aiogram.event | Update id=90780025 is handled. Duration 159 ms by bot id=8508853940
2026-05-05 16:25:24,242 | INFO | aiogram.dispatcher | Polling stopped
2026-05-05 16:25:24,243 | ERROR | aiogram.dispatcher | Failed to fetch updates - TelegramNetworkError: HTTP Client says - ServerDisconnectedError: Server disconnected
2026-05-05 16:25:24,243 | WARNING | aiogram.dispatcher | Sleep for 1.000000 seconds and try again... (tryings = 0, bot id = 8508853940)
2026-05-05 16:25:24,508 | INFO | aiogram.dispatcher | Polling stopped for bot @WaifuHaremChatBot id=8508853940 - '𝑾𝒂𝒊𝒇𝒖 𝑯𝒂𝒓𝒆𝒎 𝑩𝒐𝒕'
2026-05-05 16:26:11,623 | INFO | __main__ | Bot is starting...
2026-05-05 16:26:12,405 | INFO | aiogram.dispatcher | Start polling
2026-05-05 16:26:12,439 | INFO | aiogram.dispatcher | Run polling for bot @WaifuHaremChatBot id=8508853940 - '𝑾𝒂𝒊𝒇𝒖 𝑯𝒂𝒓𝒆𝒎 𝑩𝒐𝒕'
2026-05-05 16:40:11,273 | INFO | aiogram.dispatcher | Polling stopped
2026-05-05 16:40:11,273 | ERROR | aiogram.dispatcher | Failed to fetch updates - TelegramNetworkError: HTTP Client says - ServerDisconnectedError: Server disconnected
2026-05-05 16:40:11,274 | WARNING | aiogram.dispatcher | Sleep for 1.000000 seconds and try again... (tryings = 0, bot id = 8508853940)
2026-05-05 16:40:11,534 | INFO | aiogram.dispatcher | Polling stopped for bot @WaifuHaremChatBot id=8508853940 - '𝑾𝒂𝒊𝒇𝒖 𝑯𝒂𝒓𝒆𝒎 𝑩𝒐𝒕'
2026-05-05 16:40:46,446 | INFO | __main__ | Bot is starting...
2026-05-05 16:40:47,127 | INFO | aiogram.dispatcher | Start polling
2026-05-05 16:40:47,164 | INFO | aiogram.dispatcher | Run polling for bot @WaifuHaremChatBot id=8508853940 - '𝑾𝒂𝒊𝒇𝒖 𝑯𝒂𝒓𝒆𝒎 𝑩𝒐𝒕'
2026-05-05 16:41:43,694 | INFO | aiogram.event | Update id=90780026 is handled. Duration 1999 ms by bot id=8508853940
2026-05-05 16:41:50,531 | INFO | aiogram.event | Update id=90780027 is handled. Duration 75 ms by bot id=8508853940
2026-05-05 16:47:26,899 | INFO | aiogram.event | Update id=90780028 is handled. Duration 294 ms by bot id=8508853940
2026-05-05 16:58:11,094 | INFO | aiogram.event | Update id=90780029 is handled. Duration 2617 ms by bot id=8508853940
2026-05-05 16:58:13,789 | INFO | aiogram.event | Update id=90780030 is handled. Duration 2712 ms by bot id=8508853940
2026-05-05 16:59:33,317 | INFO | aiogram.dispatcher | Polling stopped
2026-05-05 16:59:33,318 | ERROR | aiogram.dispatcher | Failed to fetch updates - TelegramNetworkError: HTTP Client says - ServerDisconnectedError: Server disconnected
2026-05-05 16:59:33,318 | WARNING | aiogram.dispatcher | Sleep for 1.000000 seconds and try again... (tryings = 0, bot id = 8508853940)
2026-05-05 16:59:33,574 | INFO | aiogram.dispatcher | Polling stopped for bot @WaifuHaremChatBot id=8508853940 - '𝑾𝒂𝒊𝒇𝒖 𝑯𝒂𝒓𝒆𝒎 𝑩𝒐𝒕'
2026-05-05 17:00:17,671 | INFO | __main__ | Bot is starting...
2026-05-05 17:00:18,314 | INFO | aiogram.dispatcher | Start polling
2026-05-05 17:00:18,360 | INFO | aiogram.dispatcher | Run polling for bot @WaifuHaremChatBot id=8508853940 - '𝑾𝒂𝒊𝒇𝒖 𝑯𝒂𝒓𝒆𝒎 𝑩𝒐𝒕'
2026-05-05 17:03:00,298 | INFO | aiogram.event | Update id=90780031 is handled. Duration 167 ms by bot id=8508853940
2026-05-05 17:03:03,688 | INFO | aiogram.event | Update id=90780032 is handled. Duration 2 ms by bot id=8508853940
2026-05-05 17:03:07,859 | INFO | aiogram.event | Update id=90780033 is handled. Duration 82 ms by bot id=8508853940
2026-05-05 17:03:09,809 | INFO | aiogram.event | Update id=90780034 is handled. Duration 881 ms by bot id=8508853940
2026-05-05 17:03:58,733 | INFO | aiogram.event | Update id=90780035 is handled. Duration 2131 ms by bot id=8508853940
2026-05-05 17:04:07,477 | INFO | aiogram.event | Update id=90780036 is handled. Duration 66 ms by bot id=8508853940
2026-05-05 17:04:10,518 | INFO | aiogram.event | Update id=90780037 is handled. Duration 67 ms by bot id=8508853940
2026-05-05 17:04:17,345 | INFO | aiogram.event | Update id=90780038 is handled. Duration 74 ms by bot id=8508853940
2026-05-05 17:04:19,316 | INFO | aiogram.event | Update id=90780039 is handled. Duration 136 ms by bot id=8508853940
2026-05-05 17:04:21,297 | INFO | aiogram.event | Update id=90780040 is handled. Duration 120 ms by bot id=8508853940
2026-05-05 17:04:41,423 | INFO | aiogram.event | Update id=90780041 is handled. Duration 65 ms by bot id=8508853940
2026-05-05 17:04:44,588 | INFO | aiogram.event | Update id=90780042 is handled. Duration 107 ms by bot id=8508853940
2026-05-05 17:04:46,522 | INFO | aiogram.event | Update id=90780043 is handled. Duration 124 ms by bot id=8508853940
2026-05-05 17:04:49,163 | INFO | aiogram.event | Update id=90780044 is handled. Duration 232 ms by bot id=8508853940
2026-05-05 17:04:50,682 | INFO | aiogram.event | Update id=90780045 is handled. Duration 121 ms by bot id=8508853940
2026-05-05 17:07:56,266 | INFO | aiogram.dispatcher | Polling stopped
2026-05-05 17:07:56,266 | ERROR | aiogram.dispatcher | Failed to fetch updates - TelegramNetworkError: HTTP Client says - ServerDisconnectedError: Server disconnected
2026-05-05 17:07:56,267 | WARNING | aiogram.dispatcher | Sleep for 1.000000 seconds and try again... (tryings = 0, bot id = 8508853940)
2026-05-05 17:07:56,524 | INFO | aiogram.dispatcher | Polling stopped for bot @WaifuHaremChatBot id=8508853940 - '𝑾𝒂𝒊𝒇𝒖 𝑯𝒂𝒓𝒆𝒎 𝑩𝒐𝒕'
2026-05-07 12:44:04,187 | INFO | __main__ | Bot is starting...
2026-05-07 12:44:04,958 | INFO | aiogram.dispatcher | Start polling
2026-05-07 12:44:04,992 | INFO | aiogram.dispatcher | Run polling for bot @WaifuHaremChatBot id=8508853940 - '𝑾𝒂𝒊𝒇𝒖 𝑯𝒂𝒓𝒆𝒎 𝑩𝒐𝒕'
2026-05-07 12:49:52,674 | INFO | aiogram.event | Update id=90780046 is handled. Duration 290 ms by bot id=8508853940
2026-05-07 12:49:54,762 | INFO | aiogram.event | Update id=90780047 is handled. Duration 121 ms by bot id=8508853940
2026-05-07 12:49:58,772 | INFO | aiogram.event | Update id=90780048 is handled. Duration 144 ms by bot id=8508853940
2026-05-07 12:50:06,536 | INFO | aiogram.event | Update id=90780049 is handled. Duration 144 ms by bot id=8508853940
2026-05-07 12:50:08,080 | INFO | aiogram.event | Update id=90780050 is handled. Duration 103 ms by bot id=8508853940
2026-05-07 12:50:14,168 | INFO | aiogram.event | Update id=90780051 is handled. Duration 73 ms by bot id=8508853940
2026-05-07 12:50:16,315 | INFO | aiogram.event | Update id=90780052 is handled. Duration 100 ms by bot id=8508853940
2026-05-07 12:50:18,364 | INFO | aiogram.event | Update id=90780053 is handled. Duration 160 ms by bot id=8508853940
2026-05-07 12:50:26,189 | INFO | aiogram.event | Update id=90780054 is handled. Duration 101 ms by bot id=8508853940
2026-05-07 12:50:28,051 | INFO | aiogram.event | Update id=90780055 is handled. Duration 127 ms by bot id=8508853940
2026-05-07 12:50:30,525 | INFO | aiogram.event | Update id=90780056 is handled. Duration 329 ms by bot id=8508853940
2026-05-07 12:50:33,723 | INFO | aiogram.event | Update id=90780057 is handled. Duration 238 ms by bot id=8508853940
2026-05-07 12:50:36,421 | INFO | aiogram.event | Update id=90780058 is handled. Duration 364 ms by bot id=8508853940
2026-05-07 12:50:43,261 | INFO | aiogram.event | Update id=90780059 is handled. Duration 3644 ms by bot id=8508853940
2026-05-07 12:51:05,764 | INFO | aiogram.dispatcher | Polling stopped
2026-05-07 12:51:05,765 | ERROR | aiogram.dispatcher | Failed to fetch updates - TelegramNetworkError: HTTP Client says - ServerDisconnectedError: Server disconnected
2026-05-07 12:51:05,765 | WARNING | aiogram.dispatcher | Sleep for 1.000000 seconds and try again... (tryings = 0, bot id = 8508853940)
2026-05-07 12:51:06,030 | INFO | aiogram.dispatcher | Polling stopped for bot @WaifuHaremChatBot id=8508853940 - '𝑾𝒂𝒊𝒇𝒖 𝑯𝒂𝒓𝒆𝒎 𝑩𝒐𝒕'
2026-05-07 12:51:16,715 | INFO | __main__ | Bot is starting...
2026-05-07 12:51:17,291 | INFO | aiogram.dispatcher | Start polling
2026-05-07 12:51:17,325 | INFO | aiogram.dispatcher | Run polling for bot @WaifuHaremChatBot id=8508853940 - '𝑾𝒂𝒊𝒇𝒖 𝑯𝒂𝒓𝒆𝒎 𝑩𝒐𝒕'
2026-05-07 12:51:20,341 | INFO | aiogram.event | Update id=90780060 is handled. Duration 190 ms by bot id=8508853940
2026-05-07 12:51:22,060 | INFO | aiogram.event | Update id=90780061 is handled. Duration 99 ms by bot id=8508853940
2026-05-07 12:51:33,649 | INFO | aiogram.event | Update id=90780062 is handled. Duration 673 ms by bot id=8508853940
2026-05-07 12:53:50,235 | INFO | aiogram.event | Update id=90780063 is handled. Duration 121 ms by bot id=8508853940
2026-05-07 12:53:51,364 | INFO | aiogram.event | Update id=90780064 is handled. Duration 111 ms by bot id=8508853940
2026-05-07 12:53:54,452 | INFO | aiogram.event | Update id=90780065 is handled. Duration 193 ms by bot id=8508853940
2026-05-07 12:53:58,071 | INFO | aiogram.event | Update id=90780066 is handled. Duration 132 ms by bot id=8508853940
2026-05-07 12:53:59,714 | INFO | aiogram.event | Update id=90780067 is handled. Duration 101 ms by bot id=8508853940
2026-05-07 12:54:01,465 | INFO | aiogram.event | Update id=90780068 is handled. Duration 110 ms by bot id=8508853940
2026-05-07 12:54:03,933 | INFO | aiogram.event | Update id=90780069 is handled. Duration 102 ms by bot id=8508853940
2026-05-07 12:54:05,111 | INFO | aiogram.event | Update id=90780070 is handled. Duration 106 ms by bot id=8508853940
2026-05-07 12:54:06,810 | INFO | aiogram.event | Update id=90780071 is handled. Duration 130 ms by bot id=8508853940
2026-05-07 12:54:08,970 | INFO | aiogram.event | Update id=90780072 is handled. Duration 1319 ms by bot id=8508853940
2026-05-07 12:54:11,195 | INFO | aiogram.event | Update id=90780073 is handled. Duration 107 ms by bot id=8508853940
2026-05-07 12:54:13,782 | INFO | aiogram.event | Update id=90780074 is handled. Duration 1372 ms by bot id=8508853940
2026-05-07 12:54:22,684 | INFO | aiogram.event | Update id=90780075 is handled. Duration 554 ms by bot id=8508853940
2026-05-07 12:54:26,404 | INFO | aiogram.event | Update id=90780076 is handled. Duration 120 ms by bot id=8508853940
2026-05-07 12:54:51,858 | INFO | aiogram.event | Update id=90780077 is handled. Duration 104 ms by bot id=8508853940
2026-05-07 12:54:52,777 | INFO | aiogram.event | Update id=90780078 is handled. Duration 101 ms by bot id=8508853940
2026-05-07 12:54:53,754 | INFO | aiogram.event | Update id=90780079 is handled. Duration 116 ms by bot id=8508853940
2026-05-07 12:54:54,675 | INFO | aiogram.event | Update id=90780080 is handled. Duration 188 ms by bot id=8508853940
2026-05-07 12:54:55,542 | INFO | aiogram.event | Update id=90780081 is handled. Duration 106 ms by bot id=8508853940
2026-05-07 12:54:57,460 | INFO | aiogram.event | Update id=90780082 is handled. Duration 416 ms by bot id=8508853940
2026-05-07 13:16:04,196 | INFO | aiogram.event | Update id=90780083 is handled. Duration 398 ms by bot id=8508853940
2026-05-07 13:16:26,608 | INFO | aiogram.event | Update id=90780084 is handled. Duration 1134 ms by bot id=8508853940
2026-05-07 13:16:56,664 | INFO | aiogram.event | Update id=90780085 is handled. Duration 608 ms by bot id=8508853940
2026-05-07 13:17:30,170 | INFO | aiogram.event | Update id=90780086 is handled. Duration 108 ms by bot id=8508853940
2026-05-07 13:17:36,534 | INFO | aiogram.event | Update id=90780087 is handled. Duration 682 ms by bot id=8508853940
2026-05-07 13:18:34,783 | INFO | aiogram.event | Update id=90780088 is handled. Duration 764 ms by bot id=8508853940
2026-05-07 13:18:43,768 | INFO | aiogram.event | Update id=90780089 is handled. Duration 106 ms by bot id=8508853940
2026-05-07 13:18:47,475 | INFO | aiogram.event | Update id=90780090 is handled. Duration 468 ms by bot id=8508853940
2026-05-07 13:22:11,235 | INFO | aiogram.dispatcher | Polling stopped
2026-05-07 13:22:11,236 | ERROR | aiogram.dispatcher | Failed to fetch updates - TelegramNetworkError: HTTP Client says - ServerDisconnectedError: Server disconnected
2026-05-07 13:22:11,236 | WARNING | aiogram.dispatcher | Sleep for 1.000000 seconds and try again... (tryings = 0, bot id = 8508853940)
2026-05-07 13:22:11,488 | INFO | aiogram.dispatcher | Polling stopped for bot @WaifuHaremChatBot id=8508853940 - '𝑾𝒂𝒊𝒇𝒖 𝑯𝒂𝒓𝒆𝒎 𝑩𝒐𝒕'
2026-05-07 13:23:23,204 | INFO | __main__ | Bot is starting...
2026-05-07 13:23:23,786 | INFO | aiogram.dispatcher | Start polling
2026-05-07 13:23:23,825 | INFO | aiogram.dispatcher | Run polling for bot @WaifuHaremChatBot id=8508853940 - '𝑾𝒂𝒊𝒇𝒖 𝑯𝒂𝒓𝒆𝒎 𝑩𝒐𝒕'
2026-05-07 13:23:30,627 | INFO | aiogram.event | Update id=90780091 is handled. Duration 248 ms by bot id=8508853940
2026-05-07 13:29:18,426 | INFO | aiogram.event | Update id=90780092 is handled. Duration 133 ms by bot id=8508853940
2026-05-07 13:29:20,553 | INFO | aiogram.event | Update id=90780093 is handled. Duration 874 ms by bot id=8508853940
2026-05-07 13:30:18,664 | INFO | aiogram.event | Update id=90780094 is handled. Duration 111 ms by bot id=8508853940
2026-05-07 13:30:19,785 | INFO | aiogram.event | Update id=90780095 is handled. Duration 114 ms by bot id=8508853940
2026-05-07 13:30:23,558 | INFO | aiogram.event | Update id=90780096 is handled. Duration 741 ms by bot id=8508853940
2026-05-07 13:32:01,776 | INFO | aiogram.event | Update id=90780097 is handled. Duration 74 ms by bot id=8508853940
2026-05-07 13:32:04,209 | INFO | aiogram.event | Update id=90780098 is handled. Duration 881 ms by bot id=8508853940
2026-05-07 13:33:25,718 | INFO | aiogram.event | Update id=90780099 is handled. Duration 706 ms by bot id=8508853940
2026-05-07 13:34:00,241 | INFO | aiogram.event | Update id=90780100 is handled. Duration 64 ms by bot id=8508853940
2026-05-07 13:34:01,567 | INFO | aiogram.event | Update id=90780101 is handled. Duration 105 ms by bot id=8508853940
2026-05-07 13:34:02,879 | INFO | aiogram.event | Update id=90780102 is handled. Duration 120 ms by bot id=8508853940
2026-05-07 13:34:03,871 | INFO | aiogram.event | Update id=90780103 is handled. Duration 99 ms by bot id=8508853940
2026-05-07 13:34:06,756 | INFO | aiogram.event | Update id=90780104 is handled. Duration 784 ms by bot id=8508853940
2026-05-07 13:34:58,632 | INFO | aiogram.event | Update id=90780105 is handled. Duration 77 ms by bot id=8508853940
2026-05-07 13:35:01,139 | INFO | aiogram.event | Update id=90780106 is handled. Duration 1296 ms by bot id=8508853940
2026-05-07 13:35:03,299 | INFO | aiogram.event | Update id=90780107 is handled. Duration 190 ms by bot id=8508853940
2026-05-07 13:35:07,595 | INFO | aiogram.event | Update id=90780108 is handled. Duration 113 ms by bot id=8508853940
2026-05-07 13:35:12,597 | INFO | aiogram.event | Update id=90780109 is handled. Duration 223 ms by bot id=8508853940
2026-05-07 13:35:19,148 | INFO | aiogram.event | Update id=90780110 is handled. Duration 180 ms by bot id=8508853940
2026-05-07 13:35:22,087 | INFO | aiogram.event | Update id=90780111 is handled. Duration 712 ms by bot id=8508853940
2026-05-07 13:35:35,182 | INFO | aiogram.event | Update id=90780112 is handled. Duration 124 ms by bot id=8508853940
2026-05-07 13:39:28,246 | INFO | aiogram.event | Update id=90780113 is not handled. Duration 0 ms by bot id=8508853940
2026-05-07 13:40:52,589 | INFO | aiogram.event | Update id=90780114 is not handled. Duration 0 ms by bot id=8508853940
2026-05-07 13:42:44,165 | INFO | aiogram.event | Update id=90780115 is handled. Duration 129 ms by bot id=8508853940
2026-05-07 13:42:46,455 | INFO | aiogram.event | Update id=90780116 is handled. Duration 81 ms by bot id=8508853940
2026-05-07 13:42:50,406 | INFO | aiogram.event | Update id=90780117 is handled. Duration 127 ms by bot id=8508853940
2026-05-07 13:42:53,835 | INFO | aiogram.event | Update id=90780118 is handled. Duration 112 ms by bot id=8508853940
2026-05-07 13:42:58,539 | INFO | aiogram.event | Update id=90780119 is handled. Duration 647 ms by bot id=8508853940
2026-05-07 13:50:47,186 | INFO | aiogram.event | Update id=90780120 is handled. Duration 127 ms by bot id=8508853940
2026-05-07 13:51:07,304 | INFO | aiogram.event | Update id=90780121 is handled. Duration 146 ms by bot id=8508853940
2026-05-07 14:21:32,453 | INFO | aiogram.event | Update id=90780122 is not handled. Duration 1 ms by bot id=8508853940
2026-05-07 14:22:26,423 | INFO | aiogram.event | Update id=90780123 is not handled. Duration 0 ms by bot id=8508853940
2026-05-07 14:23:31,155 | INFO | aiogram.event | Update id=90780124 is handled. Duration 55 ms by bot id=8508853940
2026-05-07 14:23:34,052 | INFO | aiogram.event | Update id=90780125 is handled. Duration 0 ms by bot id=8508853940
2026-05-07 14:23:41,109 | INFO | aiogram.event | Update id=90780126 is not handled. Duration 0 ms by bot id=8508853940
2026-05-07 14:33:24,602 | INFO | aiogram.dispatcher | Polling stopped
2026-05-07 14:33:24,604 | ERROR | aiogram.dispatcher | Failed to fetch updates - TelegramNetworkError: HTTP Client says - ServerDisconnectedError: Server disconnected
2026-05-07 14:33:24,604 | WARNING | aiogram.dispatcher | Sleep for 1.000000 seconds and try again... (tryings = 0, bot id = 8508853940)
2026-05-07 14:33:24,864 | INFO | aiogram.dispatcher | Polling stopped for bot @WaifuHaremChatBot id=8508853940 - '𝑾𝒂𝒊𝒇𝒖 𝑯𝒂𝒓𝒆𝒎 𝑩𝒐𝒕'
2026-05-07 14:34:15,356 | INFO | __main__ | Bot is starting...
2026-05-07 14:34:15,957 | INFO | aiogram.dispatcher | Start polling
2026-05-07 14:34:15,999 | INFO | aiogram.dispatcher | Run polling for bot @WaifuHaremChatBot id=8508853940 - '𝑾𝒂𝒊𝒇𝒖 𝑯𝒂𝒓𝒆𝒎 𝑩𝒐𝒕'
2026-05-07 14:34:20,418 | INFO | aiogram.event | Update id=90780127 is handled. Duration 134 ms by bot id=8508853940
2026-05-07 14:34:23,855 | INFO | aiogram.event | Update id=90780128 is handled. Duration 100 ms by bot id=8508853940
2026-05-07 14:34:46,393 | INFO | aiogram.event | Update id=90780129 is handled. Duration 1249 ms by bot id=8508853940
2026-05-07 14:35:09,714 | INFO | aiogram.event | Update id=90780130 is handled. Duration 81 ms by bot id=8508853940
2026-05-07 14:35:12,253 | INFO | aiogram.event | Update id=90780131 is handled. Duration 123 ms by bot id=8508853940
2026-05-07 14:35:20,827 | INFO | aiogram.event | Update id=90780132 is handled. Duration 873 ms by bot id=8508853940
2026-05-07 14:35:25,620 | INFO | aiogram.event | Update id=90780133 is handled. Duration 63 ms by bot id=8508853940
2026-05-07 14:35:26,976 | INFO | aiogram.event | Update id=90780134 is handled. Duration 281 ms by bot id=8508853940
2026-05-07 14:35:34,402 | INFO | aiogram.event | Update id=90780135 is handled. Duration 83 ms by bot id=8508853940
2026-05-07 14:35:39,215 | INFO | aiogram.event | Update id=90780136 is handled. Duration 122 ms by bot id=8508853940
2026-05-07 14:36:26,588 | INFO | aiogram.event | Update id=90780137 is handled. Duration 582 ms by bot id=8508853940
2026-05-07 14:36:47,484 | INFO | aiogram.event | Update id=90780138 is handled. Duration 72 ms by bot id=8508853940
2026-05-07 14:36:50,538 | INFO | aiogram.event | Update id=90780139 is handled. Duration 845 ms by bot id=8508853940
2026-05-07 14:41:40,666 | INFO | aiogram.event | Update id=90780140 is handled. Duration 130 ms by bot id=8508853940
2026-05-07 14:41:42,496 | INFO | aiogram.event | Update id=90780141 is handled. Duration 716 ms by bot id=8508853940
2026-05-07 14:47:34,735 | INFO | aiogram.dispatcher | Polling stopped
2026-05-07 14:47:34,736 | ERROR | aiogram.dispatcher | Failed to fetch updates - TelegramNetworkError: HTTP Client says - ServerDisconnectedError: Server disconnected
2026-05-07 14:47:34,736 | WARNING | aiogram.dispatcher | Sleep for 1.000000 seconds and try again... (tryings = 0, bot id = 8508853940)
2026-05-07 14:47:34,990 | INFO | aiogram.dispatcher | Polling stopped for bot @WaifuHaremChatBot id=8508853940 - '𝑾𝒂𝒊𝒇𝒖 𝑯𝒂𝒓𝒆𝒎 𝑩𝒐𝒕'
2026-05-08 06:34:15,872 | INFO | __main__ | Bot is starting...
2026-05-08 06:34:16,677 | INFO | aiogram.dispatcher | Start polling
2026-05-08 06:34:16,711 | INFO | aiogram.dispatcher | Run polling for bot @WaifuHaremChatBot id=8508853940 - '𝑾𝒂𝒊𝒇𝒖 𝑯𝒂𝒓𝒆𝒎 𝑩𝒐𝒕'
2026-05-08 06:34:24,402 | INFO | aiogram.event | Update id=90780142 is handled. Duration 130 ms by bot id=8508853940
2026-05-08 06:34:27,500 | INFO | aiogram.event | Update id=90780143 is handled. Duration 89 ms by bot id=8508853940
2026-05-08 06:34:54,155 | INFO | aiogram.event | Update id=90780144 is handled. Duration 3 ms by bot id=8508853940
2026-05-08 06:37:21,076 | INFO | aiogram.event | Update id=90780145 is handled. Duration 0 ms by bot id=8508853940
2026-05-08 06:38:30,839 | INFO | aiogram.event | Update id=90780146 is handled. Duration 0 ms by bot id=8508853940
2026-05-08 06:39:03,086 | INFO | aiogram.event | Update id=90780147 is handled. Duration 0 ms by bot id=8508853940
2026-05-08 06:41:41,060 | INFO | aiogram.event | Update id=90780148 is handled. Duration 0 ms by bot id=8508853940
2026-05-08 06:41:41,095 | INFO | aiogram.event | Update id=90780149 is handled. Duration 0 ms by bot id=8508853940
2026-05-08 06:41:41,132 | INFO | aiogram.event | Update id=90780150 is handled. Duration 0 ms by bot id=8508853940
2026-05-08 06:41:41,165 | INFO | aiogram.event | Update id=90780151 is handled. Duration 0 ms by bot id=8508853940
2026-05-08 06:41:41,199 | INFO | aiogram.event | Update id=90780152 is handled. Duration 0 ms by bot id=8508853940
2026-05-08 06:48:03,589 | INFO | aiogram.event | Update id=90780153 is not handled. Duration 0 ms by bot id=8508853940
2026-05-08 06:51:32,120 | INFO | aiogram.dispatcher | Polling stopped
2026-05-08 06:51:32,121 | ERROR | aiogram.dispatcher | Failed to fetch updates - TelegramNetworkError: HTTP Client says - ServerDisconnectedError: Server disconnected
2026-05-08 06:51:32,122 | WARNING | aiogram.dispatcher | Sleep for 1.000000 seconds and try again... (tryings = 0, bot id = 8508853940)
2026-05-08 06:51:32,385 | INFO | aiogram.dispatcher | Polling stopped for bot @WaifuHaremChatBot id=8508853940 - '𝑾𝒂𝒊𝒇𝒖 𝑯𝒂𝒓𝒆𝒎 𝑩𝒐𝒕'
2026-05-08 06:51:49,343 | INFO | __main__ | Bot is starting...
2026-05-08 06:51:49,973 | INFO | aiogram.dispatcher | Start polling
2026-05-08 06:51:50,008 | INFO | aiogram.dispatcher | Run polling for bot @WaifuHaremChatBot id=8508853940 - '𝑾𝒂𝒊𝒇𝒖 𝑯𝒂𝒓𝒆𝒎 𝑩𝒐𝒕'
2026-05-08 06:51:53,843 | INFO | aiogram.event | Update id=90780154 is handled. Duration 167 ms by bot id=8508853940
2026-05-08 06:52:08,095 | INFO | aiogram.event | Update id=90780155 is handled. Duration 71 ms by bot id=8508853940
2026-05-08 06:52:12,489 | INFO | aiogram.event | Update id=90780156 is handled. Duration 125 ms by bot id=8508853940
2026-05-08 06:52:14,599 | INFO | aiogram.event | Update id=90780157 is handled. Duration 119 ms by bot id=8508853940
2026-05-08 06:52:16,890 | INFO | aiogram.event | Update id=90780158 is handled. Duration 107 ms by bot id=8508853940
2026-05-08 06:52:35,573 | INFO | aiogram.event | Update id=90780159 is handled. Duration 149 ms by bot id=8508853940
2026-05-08 06:52:38,060 | INFO | aiogram.event | Update id=90780160 is handled. Duration 145 ms by bot id=8508853940
2026-05-08 06:52:39,213 | INFO | aiogram.event | Update id=90780161 is handled. Duration 142 ms by bot id=8508853940
2026-05-08 06:52:40,298 | INFO | aiogram.event | Update id=90780162 is handled. Duration 131 ms by bot id=8508853940
2026-05-08 06:52:56,597 | INFO | aiogram.event | Update id=90780163 is handled. Duration 349 ms by bot id=8508853940
2026-05-08 06:53:08,106 | INFO | aiogram.event | Update id=90780164 is handled. Duration 128 ms by bot id=8508853940
2026-05-08 06:53:12,599 | INFO | aiogram.event | Update id=90780165 is handled. Duration 878 ms by bot id=8508853940
2026-05-08 06:54:01,040 | INFO | aiogram.event | Update id=90780166 is handled. Duration 134 ms by bot id=8508853940
2026-05-08 06:54:02,465 | INFO | aiogram.event | Update id=90780167 is handled. Duration 137 ms by bot id=8508853940
2026-05-08 06:54:03,551 | INFO | aiogram.event | Update id=90780168 is handled. Duration 127 ms by bot id=8508853940
2026-05-08 06:54:05,522 | INFO | aiogram.event | Update id=90780169 is handled. Duration 592 ms by bot id=8508853940
2026-05-08 06:54:06,696 | INFO | aiogram.event | Update id=90780170 is handled. Duration 669 ms by bot id=8508853940
2026-05-08 06:54:15,899 | INFO | aiogram.event | Update id=90780171 is handled. Duration 2 ms by bot id=8508853940
2026-05-08 06:54:16,084 | INFO | aiogram.event | Update id=90780172 is handled. Duration 0 ms by bot id=8508853940
2026-05-08 06:54:16,777 | INFO | aiogram.event | Update id=90780173 is handled. Duration 0 ms by bot id=8508853940
2026-05-08 06:54:17,248 | INFO | aiogram.event | Update id=90780174 is handled. Duration 0 ms by bot id=8508853940
2026-05-08 06:54:18,048 | INFO | aiogram.event | Update id=90780175 is handled. Duration 0 ms by bot id=8508853940
2026-05-08 06:54:18,518 | INFO | aiogram.event | Update id=90780176 is handled. Duration 0 ms by bot id=8508853940
2026-05-08 06:54:19,052 | INFO | aiogram.event | Update id=90780177 is handled. Duration 0 ms by bot id=8508853940
2026-05-08 06:54:19,536 | INFO | aiogram.event | Update id=90780178 is handled. Duration 0 ms by bot id=8508853940
2026-05-08 06:54:19,794 | INFO | aiogram.event | Update id=90780179 is handled. Duration 0 ms by bot id=8508853940
2026-05-08 06:54:21,193 | INFO | aiogram.event | Update id=90780180 is handled. Duration 0 ms by bot id=8508853940
2026-05-08 06:54:21,608 | INFO | aiogram.event | Update id=90780181 is handled. Duration 0 ms by bot id=8508853940
2026-05-08 06:54:22,183 | INFO | aiogram.event | Update id=90780182 is handled. Duration 0 ms by bot id=8508853940
2026-05-08 06:54:22,920 | INFO | aiogram.event | Update id=90780183 is handled. Duration 0 ms by bot id=8508853940
2026-05-08 06:54:23,758 | INFO | aiogram.event | Update id=90780184 is handled. Duration 0 ms by bot id=8508853940
2026-05-08 06:54:24,231 | INFO | aiogram.event | Update id=90780185 is handled. Duration 0 ms by bot id=8508853940
2026-05-08 06:54:25,063 | INFO | aiogram.event | Update id=90780186 is handled. Duration 0 ms by bot id=8508853940
2026-05-08 06:54:25,608 | INFO | aiogram.event | Update id=90780187 is handled. Duration 0 ms by bot id=8508853940
2026-05-08 06:54:26,271 | INFO | aiogram.event | Update id=90780188 is handled. Duration 0 ms by bot id=8508853940
2026-05-08 06:54:27,005 | INFO | aiogram.event | Update id=90780189 is handled. Duration 0 ms by bot id=8508853940
2026-05-08 06:54:27,535 | INFO | aiogram.event | Update id=90780190 is handled. Duration 0 ms by bot id=8508853940
2026-05-08 06:54:27,815 | INFO | aiogram.event | Update id=90780191 is handled. Duration 0 ms by bot id=8508853940
2026-05-08 06:54:30,309 | INFO | aiogram.event | Update id=90780192 is handled. Duration 0 ms by bot id=8508853940
2026-05-08 06:54:31,612 | INFO | aiogram.event | Update id=90780193 is handled. Duration 0 ms by bot id=8508853940
2026-05-08 06:54:32,271 | INFO | aiogram.event | Update id=90780194 is handled. Duration 0 ms by bot id=8508853940
2026-05-08 06:54:32,842 | INFO | aiogram.event | Update id=90780195 is handled. Duration 0 ms by bot id=8508853940
2026-05-08 06:54:57,994 | INFO | aiogram.event | Update id=90780196 is handled. Duration 0 ms by bot id=8508853940
2026-05-08 06:54:58,679 | INFO | aiogram.event | Update id=90780197 is handled. Duration 0 ms by bot id=8508853940
2026-05-08 06:54:59,224 | INFO | aiogram.event | Update id=90780198 is handled. Duration 0 ms by bot id=8508853940
2026-05-08 06:55:00,728 | INFO | aiogram.event | Update id=90780199 is handled. Duration 0 ms by bot id=8508853940
2026-05-08 06:55:01,196 | INFO | aiogram.event | Update id=90780200 is handled. Duration 0 ms by bot id=8508853940
2026-05-08 06:55:02,145 | INFO | aiogram.event | Update id=90780201 is handled. Duration 0 ms by bot id=8508853940
2026-05-08 06:55:03,002 | INFO | aiogram.event | Update id=90780202 is handled. Duration 0 ms by bot id=8508853940
2026-05-08 06:55:04,669 | INFO | aiogram.event | Update id=90780203 is handled. Duration 0 ms by bot id=8508853940
2026-05-08 06:55:05,267 | INFO | aiogram.event | Update id=90780204 is handled. Duration 0 ms by bot id=8508853940
2026-05-08 06:55:07,454 | INFO | aiogram.event | Update id=90780205 is handled. Duration 0 ms by bot id=8508853940
2026-05-08 06:55:07,955 | INFO | aiogram.event | Update id=90780206 is handled. Duration 0 ms by bot id=8508853940
2026-05-08 06:55:08,717 | INFO | aiogram.event | Update id=90780207 is handled. Duration 0 ms by bot id=8508853940
2026-05-08 06:55:16,928 | INFO | aiogram.event | Update id=90780208 is handled. Duration 0 ms by bot id=8508853940
2026-05-08 06:55:17,100 | INFO | aiogram.event | Update id=90780209 is handled. Duration 0 ms by bot id=8508853940
2026-05-08 06:55:17,310 | INFO | aiogram.event | Update id=90780210 is handled. Duration 0 ms by bot id=8508853940
2026-05-08 06:55:17,523 | INFO | aiogram.event | Update id=90780211 is handled. Duration 0 ms by bot id=8508853940
2026-05-08 06:55:17,945 | INFO | aiogram.event | Update id=90780212 is handled. Duration 0 ms by bot id=8508853940
2026-05-08 06:55:18,372 | INFO | aiogram.event | Update id=90780213 is handled. Duration 0 ms by bot id=8508853940
2026-05-08 06:55:18,794 | INFO | aiogram.event | Update id=90780214 is handled. Duration 0 ms by bot id=8508853940
2026-05-08 06:55:19,237 | INFO | aiogram.event | Update id=90780215 is handled. Duration 0 ms by bot id=8508853940
2026-05-08 06:55:19,470 | INFO | aiogram.event | Update id=90780216 is handled. Duration 0 ms by bot id=8508853940
2026-05-08 06:55:19,904 | INFO | aiogram.event | Update id=90780217 is handled. Duration 0 ms by bot id=8508853940
2026-05-08 06:55:20,397 | INFO | aiogram.event | Update id=90780218 is handled. Duration 2 ms by bot id=8508853940
2026-05-08 06:55:20,772 | INFO | aiogram.event | Update id=90780219 is handled. Duration 0 ms by bot id=8508853940
2026-05-08 06:55:21,120 | INFO | aiogram.event | Update id=90780220 is handled. Duration 0 ms by bot id=8508853940
2026-05-08 06:55:21,365 | INFO | aiogram.event | Update id=90780221 is handled. Duration 0 ms by bot id=8508853940
2026-05-08 06:55:21,842 | INFO | aiogram.event | Update id=90780222 is handled. Duration 0 ms by bot id=8508853940
2026-05-08 06:55:22,101 | INFO | aiogram.event | Update id=90780223 is handled. Duration 0 ms by bot id=8508853940
2026-05-08 06:55:22,573 | INFO | aiogram.event | Update id=90780224 is handled. Duration 0 ms by bot id=8508853940
2026-05-08 06:55:22,844 | INFO | aiogram.event | Update id=90780225 is handled. Duration 0 ms by bot id=8508853940
2026-05-08 06:55:23,317 | INFO | aiogram.event | Update id=90780226 is handled. Duration 0 ms by bot id=8508853940
2026-05-08 06:55:23,675 | INFO | aiogram.event | Update id=90780227 is handled. Duration 0 ms by bot id=8508853940
2026-05-08 06:55:23,924 | INFO | aiogram.event | Update id=90780228 is handled. Duration 0 ms by bot id=8508853940
2026-05-08 06:55:24,068 | INFO | aiogram.event | Update id=90780229 is handled. Duration 0 ms by bot id=8508853940
2026-05-08 06:55:24,299 | INFO | aiogram.event | Update id=90780230 is handled. Duration 0 ms by bot id=8508853940
2026-05-08 06:55:24,794 | INFO | aiogram.event | Update id=90780231 is handled. Duration 0 ms by bot id=8508853940
2026-05-08 06:55:25,044 | INFO | aiogram.event | Update id=90780232 is handled. Duration 0 ms by bot id=8508853940
2026-05-08 06:55:25,562 | INFO | aiogram.event | Update id=90780233 is handled. Duration 0 ms by bot id=8508853940
2026-05-08 06:55:25,835 | INFO | aiogram.event | Update id=90780234 is handled. Duration 0 ms by bot id=8508853940
2026-05-08 06:55:26,292 | INFO | aiogram.event | Update id=90780235 is handled. Duration 0 ms by bot id=8508853940
2026-05-08 06:55:26,804 | INFO | aiogram.event | Update id=90780236 is handled. Duration 0 ms by bot id=8508853940
2026-05-08 06:55:27,024 | INFO | aiogram.event | Update id=90780237 is handled. Duration 0 ms by bot id=8508853940
2026-05-08 06:55:27,283 | INFO | aiogram.event | Update id=90780238 is handled. Duration 0 ms by bot id=8508853940
2026-05-08 06:55:27,503 | INFO | aiogram.event | Update id=90780239 is handled. Duration 0 ms by bot id=8508853940
2026-05-08 06:55:27,791 | INFO | aiogram.event | Update id=90780240 is handled. Duration 0 ms by bot id=8508853940
2026-05-08 06:55:28,056 | INFO | aiogram.event | Update id=90780241 is handled. Duration 0 ms by bot id=8508853940
2026-05-08 06:55:28,482 | INFO | aiogram.event | Update id=90780242 is handled. Duration 0 ms by bot id=8508853940
2026-05-08 06:55:28,968 | INFO | aiogram.event | Update id=90780243 is handled. Duration 0 ms by bot id=8508853940
2026-05-08 06:55:29,222 | INFO | aiogram.event | Update id=90780244 is handled. Duration 0 ms by bot id=8508853940
2026-05-08 06:55:29,732 | INFO | aiogram.event | Update id=90780245 is handled. Duration 0 ms by bot id=8508853940
2026-05-08 06:55:29,996 | INFO | aiogram.event | Update id=90780246 is handled. Duration 0 ms by bot id=8508853940
2026-05-08 06:55:30,276 | INFO | aiogram.event | Update id=90780247 is handled. Duration 0 ms by bot id=8508853940
2026-05-08 06:55:30,473 | INFO | aiogram.event | Update id=90780248 is handled. Duration 0 ms by bot id=8508853940
2026-05-08 06:55:30,989 | INFO | aiogram.event | Update id=90780249 is handled. Duration 0 ms by bot id=8508853940
2026-05-08 06:55:31,491 | INFO | aiogram.event | Update id=90780250 is handled. Duration 0 ms by bot id=8508853940
2026-05-08 06:55:31,973 | INFO | aiogram.event | Update id=90780251 is handled. Duration 0 ms by bot id=8508853940
2026-05-08 06:55:32,227 | INFO | aiogram.event | Update id=90780252 is handled. Duration 0 ms by bot id=8508853940
2026-05-08 06:55:32,498 | INFO | aiogram.event | Update id=90780253 is handled. Duration 0 ms by bot id=8508853940
2026-05-08 06:55:32,979 | INFO | aiogram.event | Update id=90780254 is handled. Duration 0 ms by bot id=8508853940
2026-05-08 06:55:33,468 | INFO | aiogram.event | Update id=90780255 is handled. Duration 0 ms by bot id=8508853940
2026-05-08 06:55:33,723 | INFO | aiogram.event | Update id=90780256 is handled. Duration 0 ms by bot id=8508853940
2026-05-08 06:55:34,223 | INFO | aiogram.event | Update id=90780257 is handled. Duration 0 ms by bot id=8508853940
2026-05-08 06:55:34,743 | INFO | aiogram.event | Update id=90780258 is handled. Duration 0 ms by bot id=8508853940
2026-05-08 06:55:34,998 | INFO | aiogram.event | Update id=90780259 is handled. Duration 0 ms by bot id=8508853940
2026-05-08 06:55:35,299 | INFO | aiogram.event | Update id=90780260 is handled. Duration 0 ms by bot id=8508853940
2026-05-08 06:55:35,546 | INFO | aiogram.event | Update id=90780261 is handled. Duration 0 ms by bot id=8508853940
2026-05-08 06:55:35,919 | INFO | aiogram.event | Update id=90780262 is handled. Duration 0 ms by bot id=8508853940
2026-05-08 06:55:36,043 | INFO | aiogram.event | Update id=90780263 is handled. Duration 0 ms by bot id=8508853940
2026-05-08 06:55:36,533 | INFO | aiogram.event | Update id=90780264 is handled. Duration 0 ms by bot id=8508853940
2026-05-08 06:55:36,790 | INFO | aiogram.event | Update id=90780265 is handled. Duration 0 ms by bot id=8508853940
2026-05-08 06:55:37,219 | INFO | aiogram.event | Update id=90780266 is handled. Duration 0 ms by bot id=8508853940
2026-05-08 06:55:37,451 | INFO | aiogram.event | Update id=90780267 is handled. Duration 0 ms by bot id=8508853940
2026-05-08 06:55:37,716 | INFO | aiogram.event | Update id=90780268 is handled. Duration 0 ms by bot id=8508853940
2026-05-08 06:55:38,618 | INFO | aiogram.event | Update id=90780269 is handled. Duration 0 ms by bot id=8508853940
2026-05-08 06:55:38,843 | INFO | aiogram.event | Update id=90780270 is handled. Duration 0 ms by bot id=8508853940
2026-05-08 06:55:39,081 | INFO | aiogram.event | Update id=90780271 is handled. Duration 0 ms by bot id=8508853940
2026-05-08 06:55:39,329 | INFO | aiogram.event | Update id=90780272 is handled. Duration 0 ms by bot id=8508853940
2026-05-08 06:55:39,827 | INFO | aiogram.event | Update id=90780273 is handled. Duration 0 ms by bot id=8508853940
2026-05-08 06:55:40,084 | INFO | aiogram.event | Update id=90780274 is handled. Duration 0 ms by bot id=8508853940
2026-05-08 06:55:40,347 | INFO | aiogram.event | Update id=90780275 is handled. Duration 0 ms by bot id=8508853940
2026-05-08 06:55:40,834 | INFO | aiogram.event | Update id=90780276 is handled. Duration 0 ms by bot id=8508853940
2026-05-08 06:55:41,104 | INFO | aiogram.event | Update id=90780277 is handled. Duration 0 ms by bot id=8508853940
2026-05-08 06:55:41,344 | INFO | aiogram.event | Update id=90780278 is handled. Duration 0 ms by bot id=8508853940
2026-05-08 06:55:41,850 | INFO | aiogram.event | Update id=90780279 is handled. Duration 0 ms by bot id=8508853940
2026-05-08 06:55:42,108 | INFO | aiogram.event | Update id=90780280 is handled. Duration 0 ms by bot id=8508853940
2026-05-08 06:55:42,632 | INFO | aiogram.event | Update id=90780281 is handled. Duration 0 ms by bot id=8508853940
2026-05-08 06:55:42,927 | INFO | aiogram.event | Update id=90780282 is handled. Duration 0 ms by bot id=8508853940
2026-05-08 06:55:43,183 | INFO | aiogram.event | Update id=90780283 is handled. Duration 0 ms by bot id=8508853940
2026-05-08 06:55:43,364 | INFO | aiogram.event | Update id=90780284 is handled. Duration 0 ms by bot id=8508853940
2026-05-08 06:55:43,619 | INFO | aiogram.event | Update id=90780285 is handled. Duration 0 ms by bot id=8508853940
2026-05-08 06:55:43,841 | INFO | aiogram.event | Update id=90780286 is handled. Duration 0 ms by bot id=8508853940
2026-05-08 06:55:44,455 | INFO | aiogram.event | Update id=90780287 is handled. Duration 0 ms by bot id=8508853940
2026-05-08 06:55:44,764 | INFO | aiogram.event | Update id=90780288 is handled. Duration 0 ms by bot id=8508853940
2026-05-08 06:55:45,022 | INFO | aiogram.event | Update id=90780289 is handled. Duration 0 ms by bot id=8508853940
2026-05-08 06:55:45,254 | INFO | aiogram.event | Update id=90780290 is handled. Duration 0 ms by bot id=8508853940
2026-05-08 06:55:45,499 | INFO | aiogram.event | Update id=90780291 is handled. Duration 0 ms by bot id=8508853940
2026-05-08 06:55:45,757 | INFO | aiogram.event | Update id=90780292 is handled. Duration 0 ms by bot id=8508853940
2026-05-08 06:55:46,255 | INFO | aiogram.event | Update id=90780293 is handled. Duration 0 ms by bot id=8508853940
2026-05-08 06:55:46,507 | INFO | aiogram.event | Update id=90780294 is handled. Duration 0 ms by bot id=8508853940
2026-05-08 06:55:46,808 | INFO | aiogram.event | Update id=90780295 is handled. Duration 0 ms by bot id=8508853940
2026-05-08 06:55:47,070 | INFO | aiogram.event | Update id=90780296 is handled. Duration 0 ms by bot id=8508853940
2026-05-08 06:55:47,649 | INFO | aiogram.event | Update id=90780297 is handled. Duration 0 ms by bot id=8508853940
2026-05-08 06:55:47,959 | INFO | aiogram.event | Update id=90780298 is handled. Duration 0 ms by bot id=8508853940
2026-05-08 06:55:48,137 | INFO | aiogram.event | Update id=90780299 is handled. Duration 0 ms by bot id=8508853940
2026-05-08 06:55:48,371 | INFO | aiogram.event | Update id=90780300 is handled. Duration 0 ms by bot id=8508853940
2026-05-08 06:55:48,513 | INFO | aiogram.event | Update id=90780301 is handled. Duration 0 ms by bot id=8508853940
2026-05-08 06:55:49,028 | INFO | aiogram.event | Update id=90780302 is handled. Duration 0 ms by bot id=8508853940
2026-05-08 06:55:49,189 | INFO | aiogram.event | Update id=90780303 is handled. Duration 0 ms by bot id=8508853940
2026-05-08 06:55:49,431 | INFO | aiogram.event | Update id=90780304 is handled. Duration 0 ms by bot id=8508853940
2026-05-08 06:55:49,645 | INFO | aiogram.event | Update id=90780305 is handled. Duration 0 ms by bot id=8508853940
2026-05-08 06:55:49,861 | INFO | aiogram.event | Update id=90780306 is handled. Duration 0 ms by bot id=8508853940
2026-05-08 06:55:50,309 | INFO | aiogram.event | Update id=90780307 is handled. Duration 0 ms by bot id=8508853940
2026-05-08 06:55:50,773 | INFO | aiogram.event | Update id=90780308 is handled. Duration 0 ms by bot id=8508853940
2026-05-08 06:55:51,015 | INFO | aiogram.event | Update id=90780309 is handled. Duration 0 ms by bot id=8508853940
2026-05-08 06:55:51,261 | INFO | aiogram.event | Update id=90780310 is handled. Duration 0 ms by bot id=8508853940
2026-05-08 06:55:51,759 | INFO | aiogram.event | Update id=90780311 is handled. Duration 0 ms by bot id=8508853940
2026-05-08 06:55:52,010 | INFO | aiogram.event | Update id=90780312 is handled. Duration 0 ms by bot id=8508853940
2026-05-08 06:55:52,529 | INFO | aiogram.event | Update id=90780313 is handled. Duration 0 ms by bot id=8508853940
2026-05-08 06:55:53,008 | INFO | aiogram.event | Update id=90780314 is handled. Duration 0 ms by bot id=8508853940
2026-05-08 06:55:53,544 | INFO | aiogram.event | Update id=90780315 is handled. Duration 0 ms by bot id=8508853940
2026-05-08 06:55:53,818 | INFO | aiogram.event | Update id=90780316 is handled. Duration 0 ms by bot id=8508853940
2026-05-08 06:55:54,330 | INFO | aiogram.event | Update id=90780317 is handled. Duration 0 ms by bot id=8508853940
2026-05-08 06:55:54,577 | INFO | aiogram.event | Update id=90780318 is handled. Duration 0 ms by bot id=8508853940
2026-05-08 06:55:54,832 | INFO | aiogram.event | Update id=90780319 is handled. Duration 0 ms by bot id=8508853940
2026-05-08 06:55:55,345 | INFO | aiogram.event | Update id=90780320 is handled. Duration 0 ms by bot id=8508853940
2026-05-08 06:55:55,610 | INFO | aiogram.event | Update id=90780321 is handled. Duration 0 ms by bot id=8508853940
2026-05-08 06:55:55,866 | INFO | aiogram.event | Update id=90780322 is handled. Duration 0 ms by bot id=8508853940
2026-05-08 06:55:56,101 | INFO | aiogram.event | Update id=90780323 is handled. Duration 0 ms by bot id=8508853940
2026-05-08 06:55:56,805 | INFO | aiogram.event | Update id=90780324 is handled. Duration 0 ms by bot id=8508853940
2026-05-08 06:55:56,879 | INFO | aiogram.event | Update id=90780325 is handled. Duration 0 ms by bot id=8508853940
2026-05-08 06:55:57,378 | INFO | aiogram.event | Update id=90780326 is handled. Duration 0 ms by bot id=8508853940
2026-05-08 06:55:57,649 | INFO | aiogram.event | Update id=90780327 is handled. Duration 0 ms by bot id=8508853940
2026-05-08 06:55:58,143 | INFO | aiogram.event | Update id=90780328 is handled. Duration 0 ms by bot id=8508853940
2026-05-08 06:55:58,419 | INFO | aiogram.event | Update id=90780329 is handled. Duration 0 ms by bot id=8508853940
2026-05-08 06:55:58,695 | INFO | aiogram.event | Update id=90780330 is handled. Duration 0 ms by bot id=8508853940
2026-05-08 06:55:58,960 | INFO | aiogram.event | Update id=90780331 is handled. Duration 0 ms by bot id=8508853940
2026-05-08 06:55:59,181 | INFO | aiogram.event | Update id=90780332 is handled. Duration 0 ms by bot id=8508853940
2026-05-08 06:55:59,676 | INFO | aiogram.event | Update id=90780333 is handled. Duration 0 ms by bot id=8508853940
2026-05-08 06:55:59,931 | INFO | aiogram.event | Update id=90780334 is handled. Duration 0 ms by bot id=8508853940
2026-05-08 06:56:00,174 | INFO | aiogram.event | Update id=90780335 is handled. Duration 0 ms by bot id=8508853940
2026-05-08 06:56:00,637 | INFO | aiogram.event | Update id=90780336 is handled. Duration 0 ms by bot id=8508853940
2026-05-08 06:56:00,964 | INFO | aiogram.event | Update id=90780337 is handled. Duration 0 ms by bot id=8508853940
2026-05-08 06:56:01,428 | INFO | aiogram.event | Update id=90780338 is handled. Duration 0 ms by bot id=8508853940
2026-05-08 06:56:01,685 | INFO | aiogram.event | Update id=90780339 is handled. Duration 0 ms by bot id=8508853940
2026-05-08 06:56:01,922 | INFO | aiogram.event | Update id=90780340 is handled. Duration 0 ms by bot id=8508853940
2026-05-08 06:56:02,139 | INFO | aiogram.event | Update id=90780341 is handled. Duration 0 ms by bot id=8508853940
2026-05-08 06:56:02,382 | INFO | aiogram.event | Update id=90780342 is handled. Duration 0 ms by bot id=8508853940
2026-05-08 06:56:02,633 | INFO | aiogram.event | Update id=90780343 is handled. Duration 0 ms by bot id=8508853940
2026-05-08 06:56:03,089 | INFO | aiogram.event | Update id=90780344 is handled. Duration 0 ms by bot id=8508853940
2026-05-08 06:56:03,324 | INFO | aiogram.event | Update id=90780345 is handled. Duration 0 ms by bot id=8508853940
2026-05-08 06:56:03,518 | INFO | aiogram.event | Update id=90780346 is handled. Duration 0 ms by bot id=8508853940
2026-05-08 06:56:03,749 | INFO | aiogram.event | Update id=90780347 is handled. Duration 0 ms by bot id=8508853940
2026-05-08 06:56:03,982 | INFO | aiogram.event | Update id=90780348 is handled. Duration 0 ms by bot id=8508853940
2026-05-08 06:56:04,201 | INFO | aiogram.event | Update id=90780349 is handled. Duration 0 ms by bot id=8508853940
2026-05-08 06:56:04,676 | INFO | aiogram.event | Update id=90780350 is handled. Duration 0 ms by bot id=8508853940
2026-05-08 06:56:04,822 | INFO | aiogram.event | Update id=90780351 is handled. Duration 0 ms by bot id=8508853940
2026-05-08 06:56:05,023 | INFO | aiogram.event | Update id=90780352 is handled. Duration 0 ms by bot id=8508853940
2026-05-08 06:56:05,154 | INFO | aiogram.event | Update id=90780353 is handled. Duration 0 ms by bot id=8508853940
2026-05-08 06:56:05,637 | INFO | aiogram.event | Update id=90780354 is handled. Duration 0 ms by bot id=8508853940
2026-05-08 06:56:05,879 | INFO | aiogram.event | Update id=90780355 is handled. Duration 0 ms by bot id=8508853940
2026-05-08 06:56:06,415 | INFO | aiogram.event | Update id=90780356 is handled. Duration 0 ms by bot id=8508853940
2026-05-08 06:56:07,163 | INFO | aiogram.event | Update id=90780357 is handled. Duration 0 ms by bot id=8508853940
2026-05-08 06:56:07,380 | INFO | aiogram.event | Update id=90780358 is handled. Duration 0 ms by bot id=8508853940
2026-05-08 06:56:07,640 | INFO | aiogram.event | Update id=90780359 is handled. Duration 0 ms by bot id=8508853940
2026-05-08 06:56:07,867 | INFO | aiogram.event | Update id=90780360 is handled. Duration 0 ms by bot id=8508853940
2026-05-08 06:56:08,099 | INFO | aiogram.event | Update id=90780361 is handled. Duration 0 ms by bot id=8508853940
2026-05-08 06:56:08,541 | INFO | aiogram.event | Update id=90780362 is handled. Duration 0 ms by bot id=8508853940
2026-05-08 06:56:08,783 | INFO | aiogram.event | Update id=90780363 is handled. Duration 0 ms by bot id=8508853940
2026-05-08 06:56:09,008 | INFO | aiogram.event | Update id=90780364 is handled. Duration 0 ms by bot id=8508853940
2026-05-08 06:56:09,267 | INFO | aiogram.event | Update id=90780365 is handled. Duration 0 ms by bot id=8508853940
2026-05-08 06:56:09,491 | INFO | aiogram.event | Update id=90780366 is handled. Duration 0 ms by bot id=8508853940
2026-05-08 06:56:09,761 | INFO | aiogram.event | Update id=90780367 is handled. Duration 0 ms by bot id=8508853940
2026-05-08 06:56:10,242 | INFO | aiogram.event | Update id=90780368 is handled. Duration 0 ms by bot id=8508853940
2026-05-08 06:56:10,508 | INFO | aiogram.event | Update id=90780369 is handled. Duration 0 ms by bot id=8508853940
2026-05-08 06:56:11,194 | INFO | aiogram.event | Update id=90780370 is handled. Duration 0 ms by bot id=8508853940
2026-05-08 06:56:11,451 | INFO | aiogram.event | Update id=90780371 is handled. Duration 0 ms by bot id=8508853940
2026-05-08 06:56:11,914 | INFO | aiogram.event | Update id=90780372 is handled. Duration 0 ms by bot id=8508853940
2026-05-08 06:56:12,179 | INFO | aiogram.event | Update id=90780373 is handled. Duration 0 ms by bot id=8508853940
2026-05-08 06:56:12,658 | INFO | aiogram.event | Update id=90780374 is handled. Duration 0 ms by bot id=8508853940
2026-05-08 06:56:12,903 | INFO | aiogram.event | Update id=90780375 is handled. Duration 0 ms by bot id=8508853940
2026-05-08 06:56:13,138 | INFO | aiogram.event | Update id=90780376 is handled. Duration 0 ms by bot id=8508853940
2026-05-08 06:56:13,387 | INFO | aiogram.event | Update id=90780377 is handled. Duration 0 ms by bot id=8508853940
2026-05-08 06:56:13,612 | INFO | aiogram.event | Update id=90780378 is handled. Duration 0 ms by bot id=8508853940
2026-05-08 06:56:14,036 | INFO | aiogram.event | Update id=90780379 is handled. Duration 0 ms by bot id=8508853940
2026-05-08 06:56:14,294 | INFO | aiogram.event | Update id=90780380 is handled. Duration 0 ms by bot id=8508853940
2026-05-08 06:56:14,796 | INFO | aiogram.event | Update id=90780381 is handled. Duration 0 ms by bot id=8508853940
2026-05-08 06:56:15,055 | INFO | aiogram.event | Update id=90780382 is handled. Duration 0 ms by bot id=8508853940
2026-05-08 06:56:15,265 | INFO | aiogram.event | Update id=90780383 is handled. Duration 0 ms by bot id=8508853940
2026-05-08 06:56:15,504 | INFO | aiogram.event | Update id=90780384 is handled. Duration 0 ms by bot id=8508853940
2026-05-08 06:56:15,976 | INFO | aiogram.event | Update id=90780385 is handled. Duration 0 ms by bot id=8508853940
2026-05-08 06:56:16,202 | INFO | aiogram.event | Update id=90780386 is handled. Duration 0 ms by bot id=8508853940
2026-05-08 06:56:16,461 | INFO | aiogram.event | Update id=90780387 is handled. Duration 0 ms by bot id=8508853940
2026-05-08 06:56:16,699 | INFO | aiogram.event | Update id=90780388 is handled. Duration 0 ms by bot id=8508853940
2026-05-08 06:56:16,980 | INFO | aiogram.event | Update id=90780389 is handled. Duration 0 ms by bot id=8508853940
2026-05-08 06:56:17,453 | INFO | aiogram.event | Update id=90780390 is handled. Duration 0 ms by bot id=8508853940
2026-05-08 06:56:17,958 | INFO | aiogram.event | Update id=90780391 is handled. Duration 0 ms by bot id=8508853940
2026-05-08 06:56:18,194 | INFO | aiogram.event | Update id=90780392 is handled. Duration 0 ms by bot id=8508853940
2026-05-08 06:56:18,694 | INFO | aiogram.event | Update id=90780393 is handled. Duration 0 ms by bot id=8508853940
2026-05-08 06:56:19,270 | INFO | aiogram.event | Update id=90780394 is handled. Duration 0 ms by bot id=8508853940
2026-05-08 06:56:19,502 | INFO | aiogram.event | Update id=90780395 is handled. Duration 0 ms by bot id=8508853940
2026-05-08 06:56:20,046 | INFO | aiogram.event | Update id=90780396 is handled. Duration 0 ms by bot id=8508853940
2026-05-08 06:56:20,411 | INFO | aiogram.event | Update id=90780397 is handled. Duration 0 ms by bot id=8508853940
2026-05-08 06:56:20,869 | INFO | aiogram.event | Update id=90780398 is handled. Duration 0 ms by bot id=8508853940
2026-05-08 06:56:21,122 | INFO | aiogram.event | Update id=90780399 is handled. Duration 0 ms by bot id=8508853940
2026-05-08 06:56:21,613 | INFO | aiogram.event | Update id=90780400 is handled. Duration 0 ms by bot id=8508853940
2026-05-08 06:56:21,851 | INFO | aiogram.event | Update id=90780401 is handled. Duration 0 ms by bot id=8508853940
2026-05-08 06:56:22,325 | INFO | aiogram.event | Update id=90780402 is handled. Duration 0 ms by bot id=8508853940
2026-05-08 06:56:22,568 | INFO | aiogram.event | Update id=90780403 is handled. Duration 0 ms by bot id=8508853940
2026-05-08 06:56:22,789 | INFO | aiogram.event | Update id=90780404 is handled. Duration 0 ms by bot id=8508853940
2026-05-08 06:56:23,076 | INFO | aiogram.event | Update id=90780405 is handled. Duration 0 ms by bot id=8508853940
2026-05-08 06:56:23,492 | INFO | aiogram.event | Update id=90780406 is handled. Duration 0 ms by bot id=8508853940
2026-05-08 06:56:23,997 | INFO | aiogram.event | Update id=90780407 is handled. Duration 0 ms by bot id=8508853940
2026-05-08 06:56:24,249 | INFO | aiogram.event | Update id=90780408 is handled. Duration 0 ms by bot id=8508853940
2026-05-08 06:56:24,741 | INFO | aiogram.event | Update id=90780409 is handled. Duration 0 ms by bot id=8508853940
2026-05-08 06:56:24,980 | INFO | aiogram.event | Update id=90780410 is handled. Duration 0 ms by bot id=8508853940
2026-05-08 06:56:25,232 | INFO | aiogram.event | Update id=90780411 is handled. Duration 0 ms by bot id=8508853940
2026-05-08 06:56:25,742 | INFO | aiogram.event | Update id=90780412 is handled. Duration 0 ms by bot id=8508853940
2026-05-08 06:56:25,977 | INFO | aiogram.event | Update id=90780413 is handled. Duration 0 ms by bot id=8508853940
2026-05-08 06:56:26,452 | INFO | aiogram.event | Update id=90780414 is handled. Duration 0 ms by bot id=8508853940
2026-05-08 06:56:26,694 | INFO | aiogram.event | Update id=90780415 is handled. Duration 0 ms by bot id=8508853940
2026-05-08 06:56:26,929 | INFO | aiogram.event | Update id=90780416 is handled. Duration 0 ms by bot id=8508853940
2026-05-08 06:56:27,386 | INFO | aiogram.event | Update id=90780417 is handled. Duration 0 ms by bot id=8508853940
2026-05-08 06:56:27,672 | INFO | aiogram.event | Update id=90780418 is handled. Duration 0 ms by bot id=8508853940
2026-05-08 06:56:27,910 | INFO | aiogram.event | Update id=90780419 is handled. Duration 0 ms by bot id=8508853940
2026-05-08 06:56:28,167 | INFO | aiogram.event | Update id=90780420 is handled. Duration 0 ms by bot id=8508853940
2026-05-08 06:56:28,692 | INFO | aiogram.event | Update id=90780421 is handled. Duration 0 ms by bot id=8508853940
2026-05-08 06:56:29,123 | INFO | aiogram.event | Update id=90780422 is handled. Duration 0 ms by bot id=8508853940
2026-05-08 06:56:29,182 | INFO | aiogram.event | Update id=90780423 is handled. Duration 0 ms by bot id=8508853940
2026-05-08 06:56:29,408 | INFO | aiogram.event | Update id=90780424 is handled. Duration 0 ms by bot id=8508853940
2026-05-08 06:56:29,751 | INFO | aiogram.event | Update id=90780425 is handled. Duration 0 ms by bot id=8508853940
2026-05-08 06:56:29,863 | INFO | aiogram.event | Update id=90780426 is handled. Duration 0 ms by bot id=8508853940
2026-05-08 06:56:30,137 | INFO | aiogram.event | Update id=90780427 is handled. Duration 0 ms by bot id=8508853940
2026-05-08 06:56:30,405 | INFO | aiogram.event | Update id=90780428 is handled. Duration 0 ms by bot id=8508853940
2026-05-08 06:56:30,643 | INFO | aiogram.event | Update id=90780429 is handled. Duration 0 ms by bot id=8508853940
2026-05-08 06:56:30,886 | INFO | aiogram.event | Update id=90780430 is handled. Duration 0 ms by bot id=8508853940
2026-05-08 06:56:31,149 | INFO | aiogram.event | Update id=90780431 is handled. Duration 0 ms by bot id=8508853940
2026-05-08 06:56:31,391 | INFO | aiogram.event | Update id=90780432 is handled. Duration 0 ms by bot id=8508853940
2026-05-08 06:56:31,590 | INFO | aiogram.event | Update id=90780433 is handled. Duration 0 ms by bot id=8508853940
2026-05-08 06:56:31,825 | INFO | aiogram.event | Update id=90780434 is handled. Duration 0 ms by bot id=8508853940
2026-05-08 06:56:32,078 | INFO | aiogram.event | Update id=90780435 is handled. Duration 0 ms by bot id=8508853940
2026-05-08 06:56:32,316 | INFO | aiogram.event | Update id=90780436 is handled. Duration 0 ms by bot id=8508853940
2026-05-08 06:56:32,607 | INFO | aiogram.event | Update id=90780437 is handled. Duration 0 ms by bot id=8508853940
2026-05-08 06:56:33,015 | INFO | aiogram.event | Update id=90780438 is handled. Duration 0 ms by bot id=8508853940
2026-05-08 06:56:33,241 | INFO | aiogram.event | Update id=90780439 is handled. Duration 0 ms by bot id=8508853940
2026-05-08 06:56:33,458 | INFO | aiogram.event | Update id=90780440 is handled. Duration 0 ms by bot id=8508853940
2026-05-08 06:56:33,658 | INFO | aiogram.event | Update id=90780441 is handled. Duration 0 ms by bot id=8508853940
2026-05-08 06:56:48,599 | INFO | aiogram.event | Update id=90780442 is handled. Duration 0 ms by bot id=8508853940
2026-05-08 06:56:48,745 | INFO | aiogram.event | Update id=90780443 is handled. Duration 0 ms by bot id=8508853940
2026-05-08 06:56:49,120 | INFO | aiogram.event | Update id=90780444 is handled. Duration 0 ms by bot id=8508853940
2026-05-08 06:56:49,344 | INFO | aiogram.event | Update id=90780445 is handled. Duration 0 ms by bot id=8508853940
2026-05-08 06:56:49,639 | INFO | aiogram.event | Update id=90780446 is handled. Duration 0 ms by bot id=8508853940
2026-05-08 06:56:49,808 | INFO | aiogram.event | Update id=90780447 is handled. Duration 0 ms by bot id=8508853940
2026-05-08 06:56:49,998 | INFO | aiogram.event | Update id=90780448 is handled. Duration 0 ms by bot id=8508853940
2026-05-08 06:56:50,216 | INFO | aiogram.event | Update id=90780449 is handled. Duration 0 ms by bot id=8508853940
2026-05-08 06:56:50,674 | INFO | aiogram.event | Update id=90780450 is handled. Duration 0 ms by bot id=8508853940
2026-05-08 06:56:50,898 | INFO | aiogram.event | Update id=90780451 is handled. Duration 0 ms by bot id=8508853940
2026-05-08 06:56:51,397 | INFO | aiogram.event | Update id=90780452 is handled. Duration 0 ms by bot id=8508853940
2026-05-08 06:56:51,602 | INFO | aiogram.event | Update id=90780453 is handled. Duration 0 ms by bot id=8508853940
2026-05-08 06:56:52,557 | INFO | aiogram.event | Update id=90780454 is handled. Duration 0 ms by bot id=8508853940
2026-05-08 06:56:53,077 | INFO | aiogram.event | Update id=90780455 is handled. Duration 0 ms by bot id=8508853940
2026-05-08 06:56:53,555 | INFO | aiogram.event | Update id=90780456 is handled. Duration 0 ms by bot id=8508853940
2026-05-08 06:56:54,079 | INFO | aiogram.event | Update id=90780457 is handled. Duration 0 ms by bot id=8508853940
2026-05-08 06:56:54,593 | INFO | aiogram.event | Update id=90780458 is handled. Duration 0 ms by bot id=8508853940
2026-05-08 06:56:55,230 | INFO | aiogram.event | Update id=90780459 is handled. Duration 0 ms by bot id=8508853940
2026-05-08 06:56:55,637 | INFO | aiogram.event | Update id=90780460 is handled. Duration 0 ms by bot id=8508853940
2026-05-08 06:56:56,174 | INFO | aiogram.event | Update id=90780461 is handled. Duration 0 ms by bot id=8508853940
2026-05-08 06:56:56,802 | INFO | aiogram.event | Update id=90780462 is handled. Duration 0 ms by bot id=8508853940
2026-05-08 06:56:57,275 | INFO | aiogram.event | Update id=90780463 is handled. Duration 0 ms by bot id=8508853940
2026-05-08 06:56:57,764 | INFO | aiogram.event | Update id=90780464 is handled. Duration 0 ms by bot id=8508853940
2026-05-08 06:56:58,318 | INFO | aiogram.event | Update id=90780465 is handled. Duration 0 ms by bot id=8508853940
2026-05-08 06:56:58,931 | INFO | aiogram.event | Update id=90780466 is handled. Duration 0 ms by bot id=8508853940
2026-05-08 06:56:59,456 | INFO | aiogram.event | Update id=90780467 is handled. Duration 0 ms by bot id=8508853940
2026-05-08 06:56:59,914 | INFO | aiogram.event | Update id=90780468 is handled. Duration 0 ms by bot id=8508853940
2026-05-08 06:57:00,633 | INFO | aiogram.event | Update id=90780469 is handled. Duration 0 ms by bot id=8508853940
2026-05-08 06:57:01,218 | INFO | aiogram.event | Update id=90780470 is handled. Duration 0 ms by bot id=8508853940
2026-05-08 06:57:01,813 | INFO | aiogram.event | Update id=90780471 is handled. Duration 0 ms by bot id=8508853940
2026-05-08 06:57:02,314 | INFO | aiogram.event | Update id=90780472 is handled. Duration 0 ms by bot id=8508853940
2026-05-08 06:57:02,993 | INFO | aiogram.event | Update id=90780473 is handled. Duration 0 ms by bot id=8508853940
2026-05-08 06:57:04,096 | INFO | aiogram.event | Update id=90780474 is handled. Duration 0 ms by bot id=8508853940
2026-05-08 06:57:04,654 | INFO | aiogram.event | Update id=90780475 is handled. Duration 0 ms by bot id=8508853940
2026-05-08 06:57:05,380 | INFO | aiogram.event | Update id=90780476 is handled. Duration 1 ms by bot id=8508853940
2026-05-08 06:57:06,036 | INFO | aiogram.event | Update id=90780477 is handled. Duration 0 ms by bot id=8508853940
2026-05-08 06:57:06,571 | INFO | aiogram.event | Update id=90780478 is handled. Duration 0 ms by bot id=8508853940
2026-05-08 06:57:07,214 | INFO | aiogram.event | Update id=90780479 is handled. Duration 0 ms by bot id=8508853940
2026-05-08 06:57:07,825 | INFO | aiogram.event | Update id=90780480 is handled. Duration 0 ms by bot id=8508853940
2026-05-08 06:57:08,492 | INFO | aiogram.event | Update id=90780481 is handled. Duration 0 ms by bot id=8508853940
2026-05-08 06:57:09,171 | INFO | aiogram.event | Update id=90780482 is handled. Duration 136 ms by bot id=8508853940
2026-05-08 06:57:09,589 | INFO | aiogram.event | Update id=90780483 is handled. Duration 0 ms by bot id=8508853940
2026-05-08 06:57:16,359 | INFO | aiogram.event | Update id=90780484 is handled. Duration 70 ms by bot id=8508853940
2026-05-08 07:14:14,176 | INFO | aiogram.event | Update id=90780485 is handled. Duration 202 ms by bot id=8508853940
2026-05-08 07:14:16,828 | INFO | aiogram.event | Update id=90780486 is handled. Duration 1316 ms by bot id=8508853940
2026-05-08 07:14:34,073 | INFO | aiogram.event | Update id=90780487 is handled. Duration 0 ms by bot id=8508853940
2026-05-08 07:14:34,267 | INFO | aiogram.event | Update id=90780488 is handled. Duration 0 ms by bot id=8508853940
2026-05-08 07:14:34,653 | INFO | aiogram.event | Update id=90780489 is handled. Duration 0 ms by bot id=8508853940
2026-05-08 07:14:34,842 | INFO | aiogram.event | Update id=90780490 is handled. Duration 1 ms by bot id=8508853940
2026-05-08 07:14:35,056 | INFO | aiogram.event | Update id=90780491 is handled. Duration 0 ms by bot id=8508853940
2026-05-08 07:14:35,249 | INFO | aiogram.event | Update id=90780492 is handled. Duration 0 ms by bot id=8508853940
2026-05-08 07:14:35,453 | INFO | aiogram.event | Update id=90780493 is handled. Duration 0 ms by bot id=8508853940
2026-05-08 07:14:35,593 | INFO | aiogram.event | Update id=90780494 is handled. Duration 0 ms by bot id=8508853940
2026-05-08 07:14:36,393 | INFO | aiogram.event | Update id=90780495 is handled. Duration 0 ms by bot id=8508853940
2026-05-08 07:14:36,811 | INFO | aiogram.event | Update id=90780496 is handled. Duration 0 ms by bot id=8508853940
2026-05-08 07:14:37,220 | INFO | aiogram.event | Update id=90780497 is handled. Duration 0 ms by bot id=8508853940
2026-05-08 07:14:37,506 | INFO | aiogram.event | Update id=90780498 is handled. Duration 0 ms by bot id=8508853940
2026-05-08 07:14:37,675 | INFO | aiogram.event | Update id=90780499 is handled. Duration 0 ms by bot id=8508853940
2026-05-08 07:14:37,970 | INFO | aiogram.event | Update id=90780500 is handled. Duration 0 ms by bot id=8508853940
2026-05-08 07:14:38,112 | INFO | aiogram.event | Update id=90780501 is handled. Duration 0 ms by bot id=8508853940
2026-05-08 07:14:38,333 | INFO | aiogram.event | Update id=90780502 is handled. Duration 0 ms by bot id=8508853940
2026-05-08 07:14:38,531 | INFO | aiogram.event | Update id=90780503 is handled. Duration 0 ms by bot id=8508853940
2026-05-08 07:14:38,780 | INFO | aiogram.event | Update id=90780504 is handled. Duration 0 ms by bot id=8508853940
2026-05-08 07:14:38,958 | INFO | aiogram.event | Update id=90780505 is handled. Duration 0 ms by bot id=8508853940
2026-05-08 07:14:39,162 | INFO | aiogram.event | Update id=90780506 is handled. Duration 0 ms by bot id=8508853940
2026-05-08 07:14:39,418 | INFO | aiogram.event | Update id=90780507 is handled. Duration 0 ms by bot id=8508853940
2026-05-08 07:14:39,679 | INFO | aiogram.event | Update id=90780508 is handled. Duration 0 ms by bot id=8508853940
2026-05-08 07:14:39,864 | INFO | aiogram.event | Update id=90780509 is handled. Duration 0 ms by bot id=8508853940
2026-05-08 07:14:40,123 | INFO | aiogram.event | Update id=90780510 is handled. Duration 0 ms by bot id=8508853940
2026-05-08 07:14:40,350 | INFO | aiogram.event | Update id=90780511 is handled. Duration 0 ms by bot id=8508853940
2026-05-08 07:14:41,035 | INFO | aiogram.event | Update id=90780512 is handled. Duration 0 ms by bot id=8508853940
2026-05-08 07:14:41,252 | INFO | aiogram.event | Update id=90780513 is handled. Duration 0 ms by bot id=8508853940
2026-05-08 07:14:41,723 | INFO | aiogram.event | Update id=90780514 is handled. Duration 0 ms by bot id=8508853940
2026-05-08 07:14:41,970 | INFO | aiogram.event | Update id=90780515 is handled. Duration 0 ms by bot id=8508853940
2026-05-08 07:14:42,163 | INFO | aiogram.event | Update id=90780516 is handled. Duration 0 ms by bot id=8508853940
2026-05-08 07:14:42,420 | INFO | aiogram.event | Update id=90780517 is handled. Duration 0 ms by bot id=8508853940
2026-05-08 07:14:42,580 | INFO | aiogram.event | Update id=90780518 is handled. Duration 0 ms by bot id=8508853940
2026-05-08 07:14:42,808 | INFO | aiogram.event | Update id=90780519 is handled. Duration 0 ms by bot id=8508853940
2026-05-08 07:14:43,025 | INFO | aiogram.event | Update id=90780520 is handled. Duration 0 ms by bot id=8508853940
2026-05-08 07:14:43,241 | INFO | aiogram.event | Update id=90780521 is handled. Duration 0 ms by bot id=8508853940
2026-05-08 07:14:43,442 | INFO | aiogram.event | Update id=90780522 is handled. Duration 0 ms by bot id=8508853940
2026-05-08 07:14:43,901 | INFO | aiogram.event | Update id=90780523 is handled. Duration 0 ms by bot id=8508853940
2026-05-08 07:14:44,321 | INFO | aiogram.event | Update id=90780524 is handled. Duration 0 ms by bot id=8508853940
2026-05-08 07:14:44,750 | INFO | aiogram.event | Update id=90780525 is handled. Duration 0 ms by bot id=8508853940
2026-05-08 07:14:45,177 | INFO | aiogram.event | Update id=90780526 is handled. Duration 0 ms by bot id=8508853940
2026-05-08 07:14:45,485 | INFO | aiogram.event | Update id=90780527 is handled. Duration 0 ms by bot id=8508853940
2026-05-08 07:14:45,601 | INFO | aiogram.event | Update id=90780528 is handled. Duration 0 ms by bot id=8508853940
2026-05-08 07:14:45,823 | INFO | aiogram.event | Update id=90780529 is handled. Duration 0 ms by bot id=8508853940
2026-05-08 07:14:46,261 | INFO | aiogram.event | Update id=90780530 is handled. Duration 0 ms by bot id=8508853940
2026-05-08 07:14:46,488 | INFO | aiogram.event | Update id=90780531 is handled. Duration 0 ms by bot id=8508853940
2026-05-08 07:14:46,720 | INFO | aiogram.event | Update id=90780532 is handled. Duration 0 ms by bot id=8508853940
2026-05-08 07:14:46,953 | INFO | aiogram.event | Update id=90780533 is handled. Duration 0 ms by bot id=8508853940
2026-05-08 07:14:47,212 | INFO | aiogram.event | Update id=90780534 is handled. Duration 0 ms by bot id=8508853940
2026-05-08 07:14:47,605 | INFO | aiogram.event | Update id=90780535 is handled. Duration 0 ms by bot id=8508853940
2026-05-08 07:14:47,665 | INFO | aiogram.event | Update id=90780536 is handled. Duration 0 ms by bot id=8508853940
2026-05-08 07:14:48,257 | INFO | aiogram.event | Update id=90780537 is handled. Duration 0 ms by bot id=8508853940
2026-05-08 07:14:48,484 | INFO | aiogram.event | Update id=90780538 is handled. Duration 0 ms by bot id=8508853940
2026-05-08 07:14:48,986 | INFO | aiogram.event | Update id=90780539 is handled. Duration 0 ms by bot id=8508853940
2026-05-08 07:14:49,224 | INFO | aiogram.event | Update id=90780540 is handled. Duration 0 ms by bot id=8508853940
2026-05-08 07:14:49,965 | INFO | aiogram.event | Update id=90780541 is handled. Duration 0 ms by bot id=8508853940
2026-05-08 07:14:50,222 | INFO | aiogram.event | Update id=90780542 is handled. Duration 0 ms by bot id=8508853940
2026-05-08 07:14:50,474 | INFO | aiogram.event | Update id=90780543 is handled. Duration 0 ms by bot id=8508853940
2026-05-08 07:14:50,949 | INFO | aiogram.event | Update id=90780544 is handled. Duration 0 ms by bot id=8508853940
2026-05-08 07:14:51,192 | INFO | aiogram.event | Update id=90780545 is handled. Duration 0 ms by bot id=8508853940
2026-05-08 07:14:51,691 | INFO | aiogram.event | Update id=90780546 is handled. Duration 0 ms by bot id=8508853940
2026-05-08 07:14:52,162 | INFO | aiogram.event | Update id=90780547 is handled. Duration 1 ms by bot id=8508853940
2026-05-08 07:14:52,615 | INFO | aiogram.event | Update id=90780548 is handled. Duration 0 ms by bot id=8508853940
2026-05-08 07:14:52,844 | INFO | aiogram.event | Update id=90780549 is handled. Duration 0 ms by bot id=8508853940
2026-05-08 07:14:53,102 | INFO | aiogram.event | Update id=90780550 is handled. Duration 0 ms by bot id=8508853940
2026-05-08 07:14:53,348 | INFO | aiogram.event | Update id=90780551 is handled. Duration 3 ms by bot id=8508853940
2026-05-08 07:14:53,559 | INFO | aiogram.event | Update id=90780552 is handled. Duration 0 ms by bot id=8508853940
2026-05-08 07:14:53,785 | INFO | aiogram.event | Update id=90780553 is handled. Duration 0 ms by bot id=8508853940
2026-05-08 07:14:54,030 | INFO | aiogram.event | Update id=90780554 is handled. Duration 0 ms by bot id=8508853940
2026-05-08 07:14:54,254 | INFO | aiogram.event | Update id=90780555 is handled. Duration 0 ms by bot id=8508853940
2026-05-08 07:14:54,715 | INFO | aiogram.event | Update id=90780556 is handled. Duration 0 ms by bot id=8508853940
2026-05-08 07:14:55,288 | INFO | aiogram.event | Update id=90780557 is handled. Duration 0 ms by bot id=8508853940
2026-05-08 07:14:55,451 | INFO | aiogram.event | Update id=90780558 is handled. Duration 0 ms by bot id=8508853940
2026-05-08 07:14:55,712 | INFO | aiogram.event | Update id=90780559 is handled. Duration 0 ms by bot id=8508853940
2026-05-08 07:14:56,236 | INFO | aiogram.event | Update id=90780560 is handled. Duration 0 ms by bot id=8508853940
2026-05-08 07:14:56,738 | INFO | aiogram.event | Update id=90780561 is handled. Duration 0 ms by bot id=8508853940
2026-05-08 07:14:57,213 | INFO | aiogram.event | Update id=90780562 is handled. Duration 0 ms by bot id=8508853940
2026-05-08 07:14:57,853 | INFO | aiogram.event | Update id=90780563 is handled. Duration 0 ms by bot id=8508853940
2026-05-08 07:14:58,126 | INFO | aiogram.event | Update id=90780564 is handled. Duration 0 ms by bot id=8508853940
2026-05-08 07:14:58,444 | INFO | aiogram.event | Update id=90780565 is handled. Duration 0 ms by bot id=8508853940
2026-05-08 07:14:58,604 | INFO | aiogram.event | Update id=90780566 is handled. Duration 0 ms by bot id=8508853940
2026-05-08 07:14:58,832 | INFO | aiogram.event | Update id=90780567 is handled. Duration 0 ms by bot id=8508853940
2026-05-08 07:14:59,317 | INFO | aiogram.event | Update id=90780568 is handled. Duration 0 ms by bot id=8508853940
2026-05-08 07:14:59,603 | INFO | aiogram.event | Update id=90780569 is handled. Duration 0 ms by bot id=8508853940
2026-05-08 07:14:59,827 | INFO | aiogram.event | Update id=90780570 is handled. Duration 0 ms by bot id=8508853940
2026-05-08 07:15:00,333 | INFO | aiogram.event | Update id=90780571 is handled. Duration 0 ms by bot id=8508853940
2026-05-08 07:15:00,857 | INFO | aiogram.event | Update id=90780572 is handled. Duration 0 ms by bot id=8508853940
2026-05-08 07:15:02,727 | INFO | aiogram.event | Update id=90780573 is handled. Duration 0 ms by bot id=8508853940
2026-05-08 07:15:03,324 | INFO | aiogram.event | Update id=90780574 is handled. Duration 0 ms by bot id=8508853940
2026-05-08 07:15:03,697 | INFO | aiogram.event | Update id=90780575 is handled. Duration 0 ms by bot id=8508853940
2026-05-08 07:15:04,076 | INFO | aiogram.event | Update id=90780576 is handled. Duration 0 ms by bot id=8508853940
2026-05-08 07:15:04,555 | INFO | aiogram.event | Update id=90780577 is handled. Duration 0 ms by bot id=8508853940
2026-05-08 07:15:05,215 | INFO | aiogram.event | Update id=90780578 is handled. Duration 0 ms by bot id=8508853940
2026-05-08 07:15:05,456 | INFO | aiogram.event | Update id=90780579 is handled. Duration 0 ms by bot id=8508853940
2026-05-08 07:15:05,837 | INFO | aiogram.event | Update id=90780580 is handled. Duration 0 ms by bot id=8508853940
2026-05-08 07:15:06,123 | INFO | aiogram.event | Update id=90780581 is handled. Duration 0 ms by bot id=8508853940
2026-05-08 07:15:06,442 | INFO | aiogram.event | Update id=90780582 is handled. Duration 0 ms by bot id=8508853940
2026-05-08 07:15:06,752 | INFO | aiogram.event | Update id=90780583 is handled. Duration 0 ms by bot id=8508853940
2026-05-08 07:15:07,275 | INFO | aiogram.event | Update id=90780584 is handled. Duration 0 ms by bot id=8508853940
2026-05-08 07:15:07,525 | INFO | aiogram.event | Update id=90780585 is handled. Duration 0 ms by bot id=8508853940
2026-05-08 07:15:07,896 | INFO | aiogram.event | Update id=90780586 is handled. Duration 0 ms by bot id=8508853940
2026-05-08 07:15:08,447 | INFO | aiogram.event | Update id=90780587 is handled. Duration 0 ms by bot id=8508853940
2026-05-08 07:15:08,652 | INFO | aiogram.event | Update id=90780588 is handled. Duration 0 ms by bot id=8508853940
2026-05-08 07:15:08,943 | INFO | aiogram.event | Update id=90780589 is handled. Duration 0 ms by bot id=8508853940
2026-05-08 07:15:09,195 | INFO | aiogram.event | Update id=90780590 is handled. Duration 0 ms by bot id=8508853940
2026-05-08 07:15:09,699 | INFO | aiogram.event | Update id=90780591 is handled. Duration 0 ms by bot id=8508853940
2026-05-08 07:15:09,734 | INFO | aiogram.event | Update id=90780592 is handled. Duration 0 ms by bot id=8508853940
2026-05-08 07:15:10,623 | INFO | aiogram.event | Update id=90780593 is handled. Duration 0 ms by bot id=8508853940
2026-05-08 07:15:10,943 | INFO | aiogram.event | Update id=90780594 is handled. Duration 0 ms by bot id=8508853940
2026-05-08 07:15:11,218 | INFO | aiogram.event | Update id=90780595 is handled. Duration 0 ms by bot id=8508853940
2026-05-08 07:15:11,512 | INFO | aiogram.event | Update id=90780596 is handled. Duration 0 ms by bot id=8508853940
2026-05-08 07:15:11,785 | INFO | aiogram.event | Update id=90780597 is handled. Duration 0 ms by bot id=8508853940
2026-05-08 07:15:12,073 | INFO | aiogram.event | Update id=90780598 is handled. Duration 0 ms by bot id=8508853940
2026-05-08 07:15:12,379 | INFO | aiogram.event | Update id=90780599 is handled. Duration 0 ms by bot id=8508853940
2026-05-08 07:15:12,654 | INFO | aiogram.event | Update id=90780600 is handled. Duration 0 ms by bot id=8508853940
2026-05-08 07:15:13,168 | INFO | aiogram.event | Update id=90780601 is handled. Duration 0 ms by bot id=8508853940
2026-05-08 07:15:13,449 | INFO | aiogram.event | Update id=90780602 is handled. Duration 0 ms by bot id=8508853940
2026-05-08 07:15:13,729 | INFO | aiogram.event | Update id=90780603 is handled. Duration 0 ms by bot id=8508853940
2026-05-08 07:15:14,045 | INFO | aiogram.event | Update id=90780604 is handled. Duration 0 ms by bot id=8508853940
2026-05-08 07:15:14,310 | INFO | aiogram.event | Update id=90780605 is handled. Duration 0 ms by bot id=8508853940
2026-05-08 07:15:15,137 | INFO | aiogram.event | Update id=90780606 is handled. Duration 0 ms by bot id=8508853940
2026-05-08 07:15:15,411 | INFO | aiogram.event | Update id=90780607 is handled. Duration 0 ms by bot id=8508853940
2026-05-08 07:15:15,928 | INFO | aiogram.event | Update id=90780608 is handled. Duration 0 ms by bot id=8508853940
2026-05-08 07:15:16,143 | INFO | aiogram.event | Update id=90780609 is handled. Duration 0 ms by bot id=8508853940
2026-05-08 07:15:16,655 | INFO | aiogram.event | Update id=90780610 is handled. Duration 0 ms by bot id=8508853940
2026-05-08 07:15:36,637 | INFO | aiogram.event | Update id=90780611 is handled. Duration 0 ms by bot id=8508853940
2026-05-08 07:15:37,015 | INFO | aiogram.event | Update id=90780612 is handled. Duration 0 ms by bot id=8508853940
2026-05-08 07:15:37,342 | INFO | aiogram.event | Update id=90780613 is handled. Duration 0 ms by bot id=8508853940
2026-05-08 07:15:37,925 | INFO | aiogram.event | Update id=90780614 is handled. Duration 0 ms by bot id=8508853940
2026-05-08 07:15:38,428 | INFO | aiogram.event | Update id=90780615 is handled. Duration 0 ms by bot id=8508853940
2026-05-08 07:15:38,653 | INFO | aiogram.event | Update id=90780616 is handled. Duration 0 ms by bot id=8508853940
2026-05-08 07:15:38,798 | INFO | aiogram.event | Update id=90780617 is handled. Duration 0 ms by bot id=8508853940
2026-05-08 07:15:39,354 | INFO | aiogram.event | Update id=90780618 is handled. Duration 0 ms by bot id=8508853940
2026-05-08 07:15:39,826 | INFO | aiogram.event | Update id=90780619 is handled. Duration 0 ms by bot id=8508853940
2026-05-08 07:15:40,191 | INFO | aiogram.event | Update id=90780620 is handled. Duration 0 ms by bot id=8508853940
2026-05-08 07:15:40,415 | INFO | aiogram.event | Update id=90780621 is handled. Duration 0 ms by bot id=8508853940
2026-05-08 07:15:40,651 | INFO | aiogram.event | Update id=90780622 is handled. Duration 3 ms by bot id=8508853940
2026-05-08 07:15:40,879 | INFO | aiogram.event | Update id=90780623 is handled. Duration 0 ms by bot id=8508853940
2026-05-08 07:15:41,132 | INFO | aiogram.event | Update id=90780624 is handled. Duration 0 ms by bot id=8508853940
2026-05-08 07:15:41,351 | INFO | aiogram.event | Update id=90780625 is handled. Duration 0 ms by bot id=8508853940
2026-05-08 07:15:41,812 | INFO | aiogram.event | Update id=90780626 is handled. Duration 0 ms by bot id=8508853940
2026-05-08 07:15:42,012 | INFO | aiogram.event | Update id=90780627 is handled. Duration 0 ms by bot id=8508853940
2026-05-08 07:15:42,503 | INFO | aiogram.event | Update id=90780628 is handled. Duration 0 ms by bot id=8508853940
2026-05-08 07:15:42,746 | INFO | aiogram.event | Update id=90780629 is handled. Duration 0 ms by bot id=8508853940
2026-05-08 07:15:42,976 | INFO | aiogram.event | Update id=90780630 is handled. Duration 0 ms by bot id=8508853940
2026-05-08 07:15:43,209 | INFO | aiogram.event | Update id=90780631 is handled. Duration 0 ms by bot id=8508853940
2026-05-08 07:15:43,474 | INFO | aiogram.event | Update id=90780632 is handled. Duration 0 ms by bot id=8508853940
2026-05-08 07:15:43,681 | INFO | aiogram.event | Update id=90780633 is handled. Duration 0 ms by bot id=8508853940
2026-05-08 07:15:44,192 | INFO | aiogram.event | Update id=90780634 is handled. Duration 0 ms by bot id=8508853940
2026-05-08 07:15:44,431 | INFO | aiogram.event | Update id=90780635 is handled. Duration 0 ms by bot id=8508853940
2026-05-08 07:15:44,883 | INFO | aiogram.event | Update id=90780636 is handled. Duration 0 ms by bot id=8508853940
2026-05-08 07:15:44,955 | INFO | aiogram.event | Update id=90780637 is handled. Duration 0 ms by bot id=8508853940
2026-05-08 07:15:45,495 | INFO | aiogram.event | Update id=90780638 is handled. Duration 0 ms by bot id=8508853940
2026-05-08 07:15:45,667 | INFO | aiogram.event | Update id=90780639 is handled. Duration 0 ms by bot id=8508853940
2026-05-08 07:15:45,945 | INFO | aiogram.event | Update id=90780640 is handled. Duration 0 ms by bot id=8508853940
2026-05-08 07:15:46,168 | INFO | aiogram.event | Update id=90780641 is handled. Duration 0 ms by bot id=8508853940
2026-05-08 07:15:46,415 | INFO | aiogram.event | Update id=90780642 is handled. Duration 0 ms by bot id=8508853940
2026-05-08 07:15:46,935 | INFO | aiogram.event | Update id=90780643 is handled. Duration 0 ms by bot id=8508853940
2026-05-08 07:15:47,186 | INFO | aiogram.event | Update id=90780644 is handled. Duration 0 ms by bot id=8508853940
2026-05-08 07:15:47,936 | INFO | aiogram.event | Update id=90780645 is handled. Duration 0 ms by bot id=8508853940
2026-05-08 07:15:48,440 | INFO | aiogram.event | Update id=90780646 is handled. Duration 0 ms by bot id=8508853940
2026-05-08 07:15:48,933 | INFO | aiogram.event | Update id=90780647 is handled. Duration 0 ms by bot id=8508853940
2026-05-08 07:15:49,435 | INFO | aiogram.event | Update id=90780648 is handled. Duration 0 ms by bot id=8508853940
2026-05-08 07:15:49,943 | INFO | aiogram.event | Update id=90780649 is handled. Duration 0 ms by bot id=8508853940
2026-05-08 07:15:50,195 | INFO | aiogram.event | Update id=90780650 is handled. Duration 1 ms by bot id=8508853940
2026-05-08 07:15:50,478 | INFO | aiogram.event | Update id=90780651 is handled. Duration 0 ms by bot id=8508853940
2026-05-08 07:15:50,668 | INFO | aiogram.event | Update id=90780652 is handled. Duration 0 ms by bot id=8508853940
2026-05-08 07:15:50,984 | INFO | aiogram.event | Update id=90780653 is handled. Duration 0 ms by bot id=8508853940
2026-05-08 07:15:51,138 | INFO | aiogram.event | Update id=90780654 is handled. Duration 0 ms by bot id=8508853940
2026-05-08 07:15:51,575 | INFO | aiogram.event | Update id=90780655 is handled. Duration 0 ms by bot id=8508853940
2026-05-08 07:15:52,054 | INFO | aiogram.event | Update id=90780656 is handled. Duration 0 ms by bot id=8508853940
2026-05-08 07:15:52,307 | INFO | aiogram.event | Update id=90780657 is handled. Duration 0 ms by bot id=8508853940
2026-05-08 07:15:52,567 | INFO | aiogram.event | Update id=90780658 is handled. Duration 0 ms by bot id=8508853940
2026-05-08 07:15:52,791 | INFO | aiogram.event | Update id=90780659 is handled. Duration 0 ms by bot id=8508853940
2026-05-08 07:15:53,285 | INFO | aiogram.event | Update id=90780660 is handled. Duration 0 ms by bot id=8508853940
2026-05-08 07:15:53,563 | INFO | aiogram.event | Update id=90780661 is handled. Duration 0 ms by bot id=8508853940
2026-05-08 07:15:54,070 | INFO | aiogram.event | Update id=90780662 is handled. Duration 0 ms by bot id=8508853940
2026-05-08 07:15:54,339 | INFO | aiogram.event | Update id=90780663 is handled. Duration 0 ms by bot id=8508853940
2026-05-08 07:15:54,581 | INFO | aiogram.event | Update id=90780664 is handled. Duration 0 ms by bot id=8508853940
2026-05-08 07:15:55,091 | INFO | aiogram.event | Update id=90780665 is handled. Duration 0 ms by bot id=8508853940
2026-05-08 07:15:55,590 | INFO | aiogram.event | Update id=90780666 is handled. Duration 0 ms by bot id=8508853940
2026-05-08 07:15:55,851 | INFO | aiogram.event | Update id=90780667 is handled. Duration 0 ms by bot id=8508853940
2026-05-08 07:15:56,352 | INFO | aiogram.event | Update id=90780668 is handled. Duration 0 ms by bot id=8508853940
2026-05-08 07:15:56,617 | INFO | aiogram.event | Update id=90780669 is handled. Duration 0 ms by bot id=8508853940
2026-05-08 07:15:57,055 | INFO | aiogram.event | Update id=90780670 is handled. Duration 0 ms by bot id=8508853940
2026-05-08 07:15:57,360 | INFO | aiogram.event | Update id=90780671 is handled. Duration 0 ms by bot id=8508853940
2026-05-08 07:15:57,571 | INFO | aiogram.event | Update id=90780672 is handled. Duration 0 ms by bot id=8508853940
2026-05-08 07:15:57,821 | INFO | aiogram.event | Update id=90780673 is handled. Duration 0 ms by bot id=8508853940
2026-05-08 07:15:58,082 | INFO | aiogram.event | Update id=90780674 is handled. Duration 0 ms by bot id=8508853940
2026-05-08 07:15:58,304 | INFO | aiogram.event | Update id=90780675 is handled. Duration 0 ms by bot id=8508853940
2026-05-08 07:15:58,838 | INFO | aiogram.event | Update id=90780676 is handled. Duration 0 ms by bot id=8508853940
2026-05-08 07:15:59,083 | INFO | aiogram.event | Update id=90780677 is handled. Duration 0 ms by bot id=8508853940
2026-05-08 07:15:59,324 | INFO | aiogram.event | Update id=90780678 is handled. Duration 0 ms by bot id=8508853940
2026-05-08 07:15:59,580 | INFO | aiogram.event | Update id=90780679 is handled. Duration 0 ms by bot id=8508853940
2026-05-08 07:15:59,904 | INFO | aiogram.event | Update id=90780680 is handled. Duration 0 ms by bot id=8508853940
2026-05-08 07:16:00,073 | INFO | aiogram.event | Update id=90780681 is handled. Duration 0 ms by bot id=8508853940
2026-05-08 07:16:00,822 | INFO | aiogram.event | Update id=90780682 is handled. Duration 0 ms by bot id=8508853940
2026-05-08 07:16:01,192 | INFO | aiogram.event | Update id=90780683 is handled. Duration 0 ms by bot id=8508853940
2026-05-08 07:16:01,588 | INFO | aiogram.event | Update id=90780684 is handled. Duration 0 ms by bot id=8508853940
2026-05-08 07:16:02,139 | INFO | aiogram.event | Update id=90780685 is handled. Duration 0 ms by bot id=8508853940
2026-05-08 07:16:02,549 | INFO | aiogram.event | Update id=90780686 is handled. Duration 0 ms by bot id=8508853940
2026-05-08 07:16:02,668 | INFO | aiogram.event | Update id=90780687 is handled. Duration 0 ms by bot id=8508853940
2026-05-08 07:16:03,167 | INFO | aiogram.event | Update id=90780688 is handled. Duration 0 ms by bot id=8508853940
2026-05-08 07:16:03,383 | INFO | aiogram.event | Update id=90780689 is handled. Duration 0 ms by bot id=8508853940
2026-05-08 07:16:03,660 | INFO | aiogram.event | Update id=90780690 is handled. Duration 0 ms by bot id=8508853940
2026-05-08 07:16:03,821 | INFO | aiogram.event | Update id=90780691 is handled. Duration 0 ms by bot id=8508853940
2026-05-08 07:16:04,082 | INFO | aiogram.event | Update id=90780692 is handled. Duration 0 ms by bot id=8508853940
2026-05-08 07:16:04,315 | INFO | aiogram.event | Update id=90780693 is handled. Duration 0 ms by bot id=8508853940
2026-05-08 07:16:04,570 | INFO | aiogram.event | Update id=90780694 is handled. Duration 0 ms by bot id=8508853940
2026-05-08 07:16:04,838 | INFO | aiogram.event | Update id=90780695 is handled. Duration 0 ms by bot id=8508853940
2026-05-08 07:16:05,092 | INFO | aiogram.event | Update id=90780696 is handled. Duration 0 ms by bot id=8508853940
2026-05-08 07:16:05,342 | INFO | aiogram.event | Update id=90780697 is handled. Duration 0 ms by bot id=8508853940
2026-05-08 07:16:05,600 | INFO | aiogram.event | Update id=90780698 is handled. Duration 0 ms by bot id=8508853940
2026-05-08 07:16:05,821 | INFO | aiogram.event | Update id=90780699 is handled. Duration 0 ms by bot id=8508853940
2026-05-08 07:16:06,064 | INFO | aiogram.event | Update id=90780700 is handled. Duration 0 ms by bot id=8508853940
2026-05-08 07:16:06,299 | INFO | aiogram.event | Update id=90780701 is handled. Duration 0 ms by bot id=8508853940
2026-05-08 07:16:06,534 | INFO | aiogram.event | Update id=90780702 is handled. Duration 0 ms by bot id=8508853940
2026-05-08 07:16:07,045 | INFO | aiogram.event | Update id=90780703 is handled. Duration 0 ms by bot id=8508853940
2026-05-08 07:16:07,272 | INFO | aiogram.event | Update id=90780704 is handled. Duration 0 ms by bot id=8508853940
2026-05-08 07:16:09,805 | INFO | aiogram.event | Update id=90780705 is handled. Duration 0 ms by bot id=8508853940
2026-05-08 07:16:09,983 | INFO | aiogram.event | Update id=90780706 is handled. Duration 0 ms by bot id=8508853940
2026-05-08 07:16:10,685 | INFO | aiogram.event | Update id=90780707 is handled. Duration 0 ms by bot id=8508853940
2026-05-08 07:16:10,889 | INFO | aiogram.event | Update id=90780708 is handled. Duration 0 ms by bot id=8508853940
2026-05-08 07:16:12,932 | INFO | aiogram.event | Update id=90780709 is handled. Duration 0 ms by bot id=8508853940
2026-05-08 07:16:13,057 | INFO | aiogram.event | Update id=90780710 is handled. Duration 0 ms by bot id=8508853940
2026-05-08 07:16:13,262 | INFO | aiogram.event | Update id=90780711 is handled. Duration 0 ms by bot id=8508853940
2026-05-08 07:16:13,480 | INFO | aiogram.event | Update id=90780712 is handled. Duration 0 ms by bot id=8508853940
2026-05-08 07:16:13,816 | INFO | aiogram.event | Update id=90780713 is handled. Duration 1 ms by bot id=8508853940
2026-05-08 07:16:14,197 | INFO | aiogram.event | Update id=90780714 is handled. Duration 0 ms by bot id=8508853940
2026-05-08 07:16:14,564 | INFO | aiogram.event | Update id=90780715 is handled. Duration 0 ms by bot id=8508853940
2026-05-08 07:16:15,138 | INFO | aiogram.event | Update id=90780716 is handled. Duration 0 ms by bot id=8508853940
2026-05-08 07:16:15,391 | INFO | aiogram.event | Update id=90780717 is handled. Duration 0 ms by bot id=8508853940
2026-05-08 07:16:16,004 | INFO | aiogram.event | Update id=90780718 is handled. Duration 0 ms by bot id=8508853940
2026-05-08 07:16:16,528 | INFO | aiogram.event | Update id=90780719 is handled. Duration 0 ms by bot id=8508853940
2026-05-08 07:16:16,968 | INFO | aiogram.event | Update id=90780720 is handled. Duration 0 ms by bot id=8508853940
2026-05-08 07:16:17,345 | INFO | aiogram.event | Update id=90780721 is handled. Duration 0 ms by bot id=8508853940
2026-05-08 07:16:17,798 | INFO | aiogram.event | Update id=90780722 is handled. Duration 0 ms by bot id=8508853940
2026-05-08 07:16:18,141 | INFO | aiogram.event | Update id=90780723 is handled. Duration 0 ms by bot id=8508853940
2026-05-08 07:16:18,500 | INFO | aiogram.event | Update id=90780724 is handled. Duration 0 ms by bot id=8508853940
2026-05-08 07:16:18,873 | INFO | aiogram.event | Update id=90780725 is handled. Duration 0 ms by bot id=8508853940
2026-05-08 07:16:19,604 | INFO | aiogram.event | Update id=90780726 is handled. Duration 0 ms by bot id=8508853940
2026-05-08 07:16:20,115 | INFO | aiogram.event | Update id=90780727 is handled. Duration 0 ms by bot id=8508853940
2026-05-08 07:16:20,411 | INFO | aiogram.event | Update id=90780728 is handled. Duration 0 ms by bot id=8508853940
2026-05-08 07:16:20,786 | INFO | aiogram.event | Update id=90780729 is handled. Duration 0 ms by bot id=8508853940
2026-05-08 07:16:21,194 | INFO | aiogram.event | Update id=90780730 is handled. Duration 0 ms by bot id=8508853940
2026-05-08 07:16:21,597 | INFO | aiogram.event | Update id=90780731 is handled. Duration 0 ms by bot id=8508853940
2026-05-08 07:16:22,004 | INFO | aiogram.event | Update id=90780732 is handled. Duration 0 ms by bot id=8508853940
2026-05-08 07:16:22,478 | INFO | aiogram.event | Update id=90780733 is handled. Duration 0 ms by bot id=8508853940
2026-05-08 07:16:22,850 | INFO | aiogram.event | Update id=90780734 is handled. Duration 1 ms by bot id=8508853940
2026-05-08 07:16:23,234 | INFO | aiogram.event | Update id=90780735 is handled. Duration 0 ms by bot id=8508853940
2026-05-08 07:16:23,635 | INFO | aiogram.event | Update id=90780736 is handled. Duration 0 ms by bot id=8508853940
2026-05-08 07:16:24,056 | INFO | aiogram.event | Update id=90780737 is handled. Duration 0 ms by bot id=8508853940
2026-05-08 07:16:24,478 | INFO | aiogram.event | Update id=90780738 is handled. Duration 0 ms by bot id=8508853940
2026-05-08 07:16:24,853 | INFO | aiogram.event | Update id=90780739 is handled. Duration 0 ms by bot id=8508853940
2026-05-08 07:16:25,283 | INFO | aiogram.event | Update id=90780740 is handled. Duration 0 ms by bot id=8508853940
2026-05-08 07:16:25,683 | INFO | aiogram.event | Update id=90780741 is handled. Duration 0 ms by bot id=8508853940
2026-05-08 07:16:26,088 | INFO | aiogram.event | Update id=90780742 is handled. Duration 0 ms by bot id=8508853940
2026-05-08 07:16:26,492 | INFO | aiogram.event | Update id=90780743 is handled. Duration 0 ms by bot id=8508853940
2026-05-08 07:16:27,301 | INFO | aiogram.event | Update id=90780744 is handled. Duration 0 ms by bot id=8508853940
2026-05-08 07:16:27,668 | INFO | aiogram.event | Update id=90780745 is handled. Duration 0 ms by bot id=8508853940
2026-05-08 07:16:28,115 | INFO | aiogram.event | Update id=90780746 is handled. Duration 0 ms by bot id=8508853940
2026-05-08 07:16:28,541 | INFO | aiogram.event | Update id=90780747 is handled. Duration 0 ms by bot id=8508853940
2026-05-08 07:16:28,931 | INFO | aiogram.event | Update id=90780748 is handled. Duration 0 ms by bot id=8508853940
2026-05-08 07:16:29,777 | INFO | aiogram.event | Update id=90780749 is handled. Duration 0 ms by bot id=8508853940
2026-05-08 07:16:30,162 | INFO | aiogram.event | Update id=90780750 is handled. Duration 0 ms by bot id=8508853940
2026-05-08 07:16:30,606 | INFO | aiogram.event | Update id=90780751 is handled. Duration 0 ms by bot id=8508853940
2026-05-08 07:16:32,129 | INFO | aiogram.event | Update id=90780752 is handled. Duration 0 ms by bot id=8508853940
2026-05-08 07:16:32,402 | INFO | aiogram.event | Update id=90780753 is handled. Duration 0 ms by bot id=8508853940
2026-05-08 07:16:32,833 | INFO | aiogram.event | Update id=90780754 is handled. Duration 0 ms by bot id=8508853940
2026-05-08 07:16:33,278 | INFO | aiogram.event | Update id=90780755 is handled. Duration 0 ms by bot id=8508853940
2026-05-08 07:16:33,710 | INFO | aiogram.event | Update id=90780756 is handled. Duration 0 ms by bot id=8508853940
2026-05-08 07:16:34,197 | INFO | aiogram.event | Update id=90780757 is handled. Duration 0 ms by bot id=8508853940
2026-05-08 07:16:34,619 | INFO | aiogram.event | Update id=90780758 is handled. Duration 0 ms by bot id=8508853940
2026-05-08 07:16:35,051 | INFO | aiogram.event | Update id=90780759 is handled. Duration 0 ms by bot id=8508853940
2026-05-08 07:16:35,577 | INFO | aiogram.event | Update id=90780760 is handled. Duration 0 ms by bot id=8508853940
2026-05-08 07:16:36,471 | INFO | aiogram.event | Update id=90780761 is handled. Duration 0 ms by bot id=8508853940
2026-05-08 07:16:36,972 | INFO | aiogram.event | Update id=90780762 is handled. Duration 0 ms by bot id=8508853940
2026-05-08 07:16:37,322 | INFO | aiogram.event | Update id=90780763 is handled. Duration 0 ms by bot id=8508853940
2026-05-08 07:16:37,773 | INFO | aiogram.event | Update id=90780764 is handled. Duration 0 ms by bot id=8508853940
2026-05-08 07:16:38,578 | INFO | aiogram.event | Update id=90780765 is handled. Duration 0 ms by bot id=8508853940
2026-05-08 07:16:39,003 | INFO | aiogram.event | Update id=90780766 is handled. Duration 0 ms by bot id=8508853940
2026-05-08 07:16:39,440 | INFO | aiogram.event | Update id=90780767 is handled. Duration 0 ms by bot id=8508853940
2026-05-08 07:16:39,844 | INFO | aiogram.event | Update id=90780768 is handled. Duration 0 ms by bot id=8508853940
2026-05-08 07:16:40,307 | INFO | aiogram.event | Update id=90780769 is handled. Duration 0 ms by bot id=8508853940
2026-05-08 07:16:40,715 | INFO | aiogram.event | Update id=90780770 is handled. Duration 0 ms by bot id=8508853940
2026-05-08 07:16:41,065 | INFO | aiogram.event | Update id=90780771 is handled. Duration 0 ms by bot id=8508853940
2026-05-08 07:16:41,517 | INFO | aiogram.event | Update id=90780772 is handled. Duration 0 ms by bot id=8508853940
2026-05-08 07:16:42,357 | INFO | aiogram.event | Update id=90780773 is handled. Duration 0 ms by bot id=8508853940
2026-05-08 07:16:42,872 | INFO | aiogram.event | Update id=90780774 is handled. Duration 0 ms by bot id=8508853940
2026-05-08 07:16:43,583 | INFO | aiogram.event | Update id=90780775 is handled. Duration 0 ms by bot id=8508853940
2026-05-08 07:16:44,451 | INFO | aiogram.event | Update id=90780776 is handled. Duration 0 ms by bot id=8508853940
2026-05-08 07:16:44,952 | INFO | aiogram.event | Update id=90780777 is handled. Duration 0 ms by bot id=8508853940
2026-05-08 07:16:45,358 | INFO | aiogram.event | Update id=90780778 is handled. Duration 0 ms by bot id=8508853940
2026-05-08 07:16:45,878 | INFO | aiogram.event | Update id=90780779 is handled. Duration 0 ms by bot id=8508853940
2026-05-08 07:16:46,395 | INFO | aiogram.event | Update id=90780780 is handled. Duration 0 ms by bot id=8508853940
2026-05-08 07:16:46,772 | INFO | aiogram.event | Update id=90780781 is handled. Duration 0 ms by bot id=8508853940
2026-05-08 07:16:47,750 | INFO | aiogram.event | Update id=90780782 is handled. Duration 0 ms by bot id=8508853940
2026-05-08 07:16:48,207 | INFO | aiogram.event | Update id=90780783 is handled. Duration 0 ms by bot id=8508853940
2026-05-08 07:16:48,702 | INFO | aiogram.event | Update id=90780784 is handled. Duration 0 ms by bot id=8508853940
2026-05-08 07:16:49,231 | INFO | aiogram.event | Update id=90780785 is handled. Duration 0 ms by bot id=8508853940
2026-05-08 07:16:49,630 | INFO | aiogram.event | Update id=90780786 is handled. Duration 0 ms by bot id=8508853940
2026-05-08 07:16:50,433 | INFO | aiogram.event | Update id=90780787 is handled. Duration 0 ms by bot id=8508853940
2026-05-08 07:16:50,961 | INFO | aiogram.event | Update id=90780788 is handled. Duration 0 ms by bot id=8508853940
2026-05-08 07:16:51,375 | INFO | aiogram.event | Update id=90780789 is handled. Duration 0 ms by bot id=8508853940
2026-05-08 07:16:51,773 | INFO | aiogram.event | Update id=90780790 is handled. Duration 0 ms by bot id=8508853940
2026-05-08 07:16:52,176 | INFO | aiogram.event | Update id=90780791 is handled. Duration 0 ms by bot id=8508853940
2026-05-08 07:16:52,592 | INFO | aiogram.event | Update id=90780792 is handled. Duration 0 ms by bot id=8508853940
2026-05-08 07:16:53,451 | INFO | aiogram.event | Update id=90780793 is handled. Duration 0 ms by bot id=8508853940
2026-05-08 07:16:53,889 | INFO | aiogram.event | Update id=90780794 is handled. Duration 0 ms by bot id=8508853940
2026-05-08 07:16:54,310 | INFO | aiogram.event | Update id=90780795 is handled. Duration 0 ms by bot id=8508853940
2026-05-08 07:16:54,787 | INFO | aiogram.event | Update id=90780796 is handled. Duration 0 ms by bot id=8508853940
2026-05-08 07:16:55,183 | INFO | aiogram.event | Update id=90780797 is handled. Duration 0 ms by bot id=8508853940
2026-05-08 07:16:55,677 | INFO | aiogram.event | Update id=90780798 is handled. Duration 0 ms by bot id=8508853940
2026-05-08 07:16:56,144 | INFO | aiogram.event | Update id=90780799 is handled. Duration 0 ms by bot id=8508853940
2026-05-08 07:16:56,633 | INFO | aiogram.event | Update id=90780800 is handled. Duration 0 ms by bot id=8508853940
2026-05-08 07:16:57,148 | INFO | aiogram.event | Update id=90780801 is handled. Duration 1 ms by bot id=8508853940
2026-05-08 07:16:57,629 | INFO | aiogram.event | Update id=90780802 is handled. Duration 0 ms by bot id=8508853940
2026-05-08 07:16:59,218 | INFO | aiogram.event | Update id=90780803 is handled. Duration 0 ms by bot id=8508853940
2026-05-08 07:16:59,799 | INFO | aiogram.event | Update id=90780804 is handled. Duration 0 ms by bot id=8508853940
2026-05-08 07:17:00,864 | INFO | aiogram.event | Update id=90780806 is handled. Duration 0 ms by bot id=8508853940
2026-05-08 07:17:00,970 | INFO | aiogram.event | Update id=90780805 is handled. Duration 686 ms by bot id=8508853940
2026-05-08 07:17:01,384 | INFO | aiogram.event | Update id=90780807 is handled. Duration 0 ms by bot id=8508853940
2026-05-08 07:17:32,072 | INFO | aiogram.event | Update id=90780808 is handled. Duration 0 ms by bot id=8508853940
2026-05-08 07:17:38,727 | INFO | aiogram.event | Update id=90780809 is handled. Duration 68 ms by bot id=8508853940
2026-05-08 07:17:48,142 | INFO | aiogram.event | Update id=90780810 is handled. Duration 71 ms by bot id=8508853940
2026-05-08 07:17:50,206 | INFO | aiogram.event | Update id=90780811 is handled. Duration 502 ms by bot id=8508853940
2026-05-08 07:19:32,178 | INFO | aiogram.event | Update id=90780812 is handled. Duration 116 ms by bot id=8508853940
2026-05-08 07:19:34,490 | INFO | aiogram.event | Update id=90780813 is handled. Duration 1270 ms by bot id=8508853940
2026-05-08 07:20:41,515 | INFO | aiogram.event | Update id=90780814 is handled. Duration 71 ms by bot id=8508853940
2026-05-08 07:20:56,284 | INFO | aiogram.event | Update id=90780815 is handled. Duration 72 ms by bot id=8508853940
2026-05-08 07:20:58,870 | INFO | aiogram.event | Update id=90780816 is handled. Duration 433 ms by bot id=8508853940
2026-05-08 07:25:10,561 | INFO | aiogram.dispatcher | Polling stopped
2026-05-08 07:25:10,562 | ERROR | aiogram.dispatcher | Failed to fetch updates - TelegramNetworkError: HTTP Client says - ServerDisconnectedError: Server disconnected
2026-05-08 07:25:10,562 | WARNING | aiogram.dispatcher | Sleep for 1.000000 seconds and try again... (tryings = 0, bot id = 8508853940)
2026-05-08 07:25:10,823 | INFO | aiogram.dispatcher | Polling stopped for bot @WaifuHaremChatBot id=8508853940 - '𝑾𝒂𝒊𝒇𝒖 𝑯𝒂𝒓𝒆𝒎 𝑩𝒐𝒕'
2026-05-08 07:25:22,561 | INFO | __main__ | Bot is starting...
2026-05-08 07:25:23,390 | INFO | aiogram.dispatcher | Start polling
2026-05-08 07:25:23,426 | INFO | aiogram.dispatcher | Run polling for bot @WaifuHaremChatBot id=8508853940 - '𝑾𝒂𝒊𝒇𝒖 𝑯𝒂𝒓𝒆𝒎 𝑩𝒐𝒕'
2026-05-08 07:25:28,841 | INFO | aiogram.event | Update id=90780817 is handled. Duration 232 ms by bot id=8508853940
2026-05-08 07:27:28,317 | INFO | aiogram.event | Update id=90780818 is handled. Duration 755 ms by bot id=8508853940
2026-05-08 07:30:50,366 | INFO | aiogram.event | Update id=90780819 is handled. Duration 163 ms by bot id=8508853940
2026-05-08 07:31:02,146 | INFO | aiogram.event | Update id=90780820 is handled. Duration 942 ms by bot id=8508853940
2026-05-08 15:00:57,431 | INFO | __main__ | Bot is starting...
2026-05-08 15:00:58,377 | INFO | aiogram.dispatcher | Start polling
2026-05-08 15:00:58,414 | INFO | aiogram.dispatcher | Run polling for bot @WaifuHaremChatBot id=8508853940 - '𝑾𝒂𝒊𝒇𝒖 𝑯𝒂𝒓𝒆𝒎 𝑩𝒐𝒕'
2026-05-08 15:01:00,084 | INFO | aiogram.event | Update id=90780821 is handled. Duration 140 ms by bot id=8508853940
2026-05-08 15:01:01,678 | INFO | aiogram.event | Update id=90780822 is handled. Duration 113 ms by bot id=8508853940
2026-05-08 15:01:08,791 | INFO | aiogram.event | Update id=90780823 is handled. Duration 98 ms by bot id=8508853940
2026-05-08 15:01:11,836 | INFO | aiogram.event | Update id=90780824 is handled. Duration 954 ms by bot id=8508853940
2026-05-08 15:02:59,071 | INFO | aiogram.dispatcher | Polling stopped
2026-05-08 15:02:59,073 | ERROR | aiogram.dispatcher | Failed to fetch updates - TelegramNetworkError: HTTP Client says - ServerDisconnectedError: Server disconnected
2026-05-08 15:02:59,073 | WARNING | aiogram.dispatcher | Sleep for 1.000000 seconds and try again... (tryings = 0, bot id = 8508853940)
2026-05-08 15:02:59,338 | INFO | aiogram.dispatcher | Polling stopped for bot @WaifuHaremChatBot id=8508853940 - '𝑾𝒂𝒊𝒇𝒖 𝑯𝒂𝒓𝒆𝒎 𝑩𝒐𝒕'
2026-05-08 15:03:19,337 | INFO | __main__ | Bot is starting...
2026-05-08 15:03:19,997 | INFO | aiogram.dispatcher | Start polling
2026-05-08 15:03:20,032 | INFO | aiogram.dispatcher | Run polling for bot @WaifuHaremChatBot id=8508853940 - '𝑾𝒂𝒊𝒇𝒖 𝑯𝒂𝒓𝒆𝒎 𝑩𝒐𝒕'
2026-05-08 15:03:32,231 | INFO | aiogram.event | Update id=90780825 is handled. Duration 226 ms by bot id=8508853940
2026-05-08 15:03:35,851 | INFO | aiogram.event | Update id=90780826 is handled. Duration 275 ms by bot id=8508853940
2026-05-08 15:03:37,511 | INFO | aiogram.event | Update id=90780827 is handled. Duration 139 ms by bot id=8508853940
2026-05-08 15:03:40,172 | INFO | aiogram.event | Update id=90780828 is handled. Duration 131 ms by bot id=8508853940
2026-05-08 15:03:41,180 | INFO | aiogram.event | Update id=90780829 is handled. Duration 298 ms by bot id=8508853940
2026-05-08 15:03:57,395 | INFO | aiogram.event | Update id=90780830 is handled. Duration 932 ms by bot id=8508853940
2026-05-08 15:03:58,799 | INFO | aiogram.event | Update id=90780831 is handled. Duration 317 ms by bot id=8508853940
2026-05-08 15:04:06,840 | INFO | aiogram.event | Update id=90780832 is handled. Duration 348 ms by bot id=8508853940
2026-05-08 15:04:20,035 | INFO | aiogram.event | Update id=90780833 is handled. Duration 218 ms by bot id=8508853940
2026-05-08 15:04:27,466 | INFO | aiogram.event | Update id=90780834 is handled. Duration 718 ms by bot id=8508853940
2026-05-08 15:04:46,817 | INFO | aiogram.event | Update id=90780835 is handled. Duration 70 ms by bot id=8508853940
2026-05-08 15:04:49,285 | INFO | aiogram.event | Update id=90780836 is handled. Duration 1155 ms by bot id=8508853940
2026-05-08 15:05:17,654 | INFO | aiogram.event | Update id=90780837 is handled. Duration 76 ms by bot id=8508853940
2026-05-08 15:05:26,489 | INFO | aiogram.event | Update id=90780838 is handled. Duration 116 ms by bot id=8508853940
2026-05-08 15:05:27,545 | INFO | aiogram.event | Update id=90780839 is handled. Duration 144 ms by bot id=8508853940
2026-05-08 15:05:29,817 | INFO | aiogram.event | Update id=90780840 is handled. Duration 120 ms by bot id=8508853940
2026-05-08 15:05:30,765 | INFO | aiogram.event | Update id=90780841 is handled. Duration 115 ms by bot id=8508853940
2026-05-08 15:05:32,569 | INFO | aiogram.event | Update id=90780842 is handled. Duration 151 ms by bot id=8508853940
2026-05-08 15:05:33,394 | INFO | aiogram.event | Update id=90780843 is handled. Duration 174 ms by bot id=8508853940
2026-05-08 15:12:09,036 | INFO | aiogram.event | Update id=90780844 is handled. Duration 174 ms by bot id=8508853940
2026-05-08 15:12:20,247 | INFO | aiogram.event | Update id=90780845 is handled. Duration 99 ms by bot id=8508853940
2026-05-08 15:12:21,655 | INFO | aiogram.event | Update id=90780846 is handled. Duration 195 ms by bot id=8508853940
2026-05-08 15:12:25,715 | INFO | aiogram.event | Update id=90780847 is handled. Duration 1114 ms by bot id=8508853940
2026-05-08 15:14:34,268 | INFO | aiogram.event | Update id=90780848 is handled. Duration 949 ms by bot id=8508853940
2026-05-08 15:15:50,612 | INFO | aiogram.dispatcher | Polling stopped
2026-05-08 15:15:50,613 | ERROR | aiogram.dispatcher | Failed to fetch updates - TelegramNetworkError: HTTP Client says - ServerDisconnectedError: Server disconnected
2026-05-08 15:15:50,614 | WARNING | aiogram.dispatcher | Sleep for 1.000000 seconds and try again... (tryings = 0, bot id = 8508853940)
2026-05-08 15:15:50,867 | INFO | aiogram.dispatcher | Polling stopped for bot @WaifuHaremChatBot id=8508853940 - '𝑾𝒂𝒊𝒇𝒖 𝑯𝒂𝒓𝒆𝒎 𝑩𝒐𝒕'
2026-05-08 15:16:06,029 | INFO | __main__ | Bot is starting...
2026-05-08 15:16:06,688 | INFO | aiogram.dispatcher | Start polling
2026-05-08 15:16:06,721 | INFO | aiogram.dispatcher | Run polling for bot @WaifuHaremChatBot id=8508853940 - '𝑾𝒂𝒊𝒇𝒖 𝑯𝒂𝒓𝒆𝒎 𝑩𝒐𝒕'
2026-05-08 15:16:10,597 | INFO | aiogram.event | Update id=90780849 is handled. Duration 160 ms by bot id=8508853940
2026-05-08 15:16:15,843 | INFO | aiogram.event | Update id=90780850 is handled. Duration 82 ms by bot id=8508853940
2026-05-08 15:16:18,635 | INFO | aiogram.event | Update id=90780851 is handled. Duration 176 ms by bot id=8508853940
2026-05-08 15:16:21,187 | INFO | aiogram.event | Update id=90780852 is handled. Duration 139 ms by bot id=8508853940
2026-05-08 15:16:24,040 | INFO | aiogram.event | Update id=90780853 is handled. Duration 141 ms by bot id=8508853940
2026-05-08 15:16:31,683 | INFO | aiogram.event | Update id=90780854 is handled. Duration 1181 ms by bot id=8508853940
2026-05-08 15:16:52,077 | INFO | aiogram.event | Update id=90780855 is handled. Duration 316 ms by bot id=8508853940
2026-05-08 15:16:53,169 | INFO | aiogram.event | Update id=90780856 is handled. Duration 193 ms by bot id=8508853940
2026-05-08 15:17:28,940 | INFO | aiogram.event | Update id=90780857 is handled. Duration 949 ms by bot id=8508853940
2026-05-08 15:17:37,446 | INFO | aiogram.event | Update id=90780858 is handled. Duration 1843 ms by bot id=8508853940
2026-05-08 15:18:08,873 | INFO | aiogram.event | Update id=90780859 is handled. Duration 92 ms by bot id=8508853940
2026-05-08 15:18:11,553 | INFO | aiogram.event | Update id=90780860 is handled. Duration 112 ms by bot id=8508853940
2026-05-08 15:18:13,212 | INFO | aiogram.event | Update id=90780861 is handled. Duration 402 ms by bot id=8508853940
2026-05-08 15:18:14,274 | INFO | aiogram.event | Update id=90780862 is handled. Duration 126 ms by bot id=8508853940
2026-05-08 15:18:16,101 | INFO | aiogram.event | Update id=90780863 is handled. Duration 132 ms by bot id=8508853940
2026-05-08 15:18:24,638 | INFO | aiogram.event | Update id=90780864 is handled. Duration 128 ms by bot id=8508853940
2026-05-08 15:18:26,111 | INFO | aiogram.event | Update id=90780865 is handled. Duration 126 ms by bot id=8508853940
2026-05-08 15:18:59,499 | INFO | aiogram.dispatcher | Polling stopped
2026-05-08 15:18:59,500 | ERROR | aiogram.dispatcher | Failed to fetch updates - TelegramNetworkError: HTTP Client says - ServerDisconnectedError: Server disconnected
2026-05-08 15:18:59,500 | WARNING | aiogram.dispatcher | Sleep for 1.000000 seconds and try again... (tryings = 0, bot id = 8508853940)
2026-05-08 15:18:59,758 | INFO | aiogram.dispatcher | Polling stopped for bot @WaifuHaremChatBot id=8508853940 - '𝑾𝒂𝒊𝒇𝒖 𝑯𝒂𝒓𝒆𝒎 𝑩𝒐𝒕'
2026-05-08 15:19:13,989 | INFO | __main__ | Bot is starting...
2026-05-08 15:19:14,694 | INFO | aiogram.dispatcher | Start polling
2026-05-08 15:19:14,734 | INFO | aiogram.dispatcher | Run polling for bot @WaifuHaremChatBot id=8508853940 - '𝑾𝒂𝒊𝒇𝒖 𝑯𝒂𝒓𝒆𝒎 𝑩𝒐𝒕'
2026-05-08 15:19:16,238 | INFO | aiogram.event | Update id=90780866 is handled. Duration 157 ms by bot id=8508853940
2026-05-08 15:19:18,744 | INFO | aiogram.event | Update id=90780867 is handled. Duration 154 ms by bot id=8508853940
2026-05-08 15:19:24,004 | INFO | aiogram.event | Update id=90780868 is handled. Duration 313 ms by bot id=8508853940
2026-05-08 15:19:27,884 | INFO | aiogram.event | Update id=90780869 is handled. Duration 974 ms by bot id=8508853940
2026-05-08 15:19:59,245 | INFO | aiogram.event | Update id=90780870 is handled. Duration 81 ms by bot id=8508853940
2026-05-08 15:20:02,789 | INFO | aiogram.event | Update id=90780871 is handled. Duration 108 ms by bot id=8508853940
2026-05-08 15:20:04,166 | INFO | aiogram.event | Update id=90780872 is handled. Duration 140 ms by bot id=8508853940
2026-05-08 15:20:05,066 | INFO | aiogram.event | Update id=90780873 is handled. Duration 110 ms by bot id=8508853940
2026-05-08 15:24:15,037 | INFO | aiogram.event | Update id=90780874 is handled. Duration 95 ms by bot id=8508853940
2026-05-08 15:31:03,542 | INFO | aiogram.dispatcher | Polling stopped
2026-05-08 15:31:03,543 | ERROR | aiogram.dispatcher | Failed to fetch updates - TelegramNetworkError: HTTP Client says - ServerDisconnectedError: Server disconnected
2026-05-08 15:31:03,543 | WARNING | aiogram.dispatcher | Sleep for 1.000000 seconds and try again... (tryings = 0, bot id = 8508853940)
2026-05-08 15:31:03,806 | INFO | aiogram.dispatcher | Polling stopped for bot @WaifuHaremChatBot id=8508853940 - '𝑾𝒂𝒊𝒇𝒖 𝑯𝒂𝒓𝒆𝒎 𝑩𝒐𝒕'
2026-05-08 15:31:15,712 | INFO | __main__ | Bot is starting...
2026-05-08 15:31:16,334 | INFO | aiogram.dispatcher | Start polling
2026-05-08 15:31:16,372 | INFO | aiogram.dispatcher | Run polling for bot @WaifuHaremChatBot id=8508853940 - '𝑾𝒂𝒊𝒇𝒖 𝑯𝒂𝒓𝒆𝒎 𝑩𝒐𝒕'
2026-05-08 15:31:33,291 | INFO | aiogram.event | Update id=90780875 is handled. Duration 157 ms by bot id=8508853940
2026-05-08 15:34:41,802 | INFO | aiogram.event | Update id=90780876 is not handled. Duration 0 ms by bot id=8508853940
2026-05-08 15:35:47,531 | INFO | aiogram.event | Update id=90780877 is not handled. Duration 0 ms by bot id=8508853940
2026-05-08 15:35:55,342 | INFO | aiogram.event | Update id=90780878 is not handled. Duration 0 ms by bot id=8508853940
2026-05-08 15:36:25,509 | INFO | aiogram.event | Update id=90780879 is not handled. Duration 0 ms by bot id=8508853940
2026-05-08 15:36:32,629 | INFO | aiogram.event | Update id=90780880 is not handled. Duration 0 ms by bot id=8508853940
2026-05-08 15:38:28,023 | INFO | aiogram.event | Update id=90780881 is not handled. Duration 0 ms by bot id=8508853940
2026-05-08 15:39:37,765 | INFO | aiogram.event | Update id=90780882 is not handled. Duration 0 ms by bot id=8508853940
2026-05-08 15:41:02,840 | INFO | aiogram.event | Update id=90780883 is handled. Duration 134 ms by bot id=8508853940
2026-05-08 15:43:24,209 | INFO | aiogram.event | Update id=90780884 is handled. Duration 153 ms by bot id=8508853940
2026-05-08 15:46:11,225 | INFO | aiogram.dispatcher | Polling stopped
2026-05-08 15:46:11,226 | ERROR | aiogram.dispatcher | Failed to fetch updates - TelegramNetworkError: HTTP Client says - ServerDisconnectedError: Server disconnected
2026-05-08 15:46:11,226 | WARNING | aiogram.dispatcher | Sleep for 1.000000 seconds and try again... (tryings = 0, bot id = 8508853940)
2026-05-08 15:46:11,482 | INFO | aiogram.dispatcher | Polling stopped for bot @WaifuHaremChatBot id=8508853940 - '𝑾𝒂𝒊𝒇𝒖 𝑯𝒂𝒓𝒆𝒎 𝑩𝒐𝒕'
2026-05-08 15:46:23,606 | INFO | __main__ | Bot is starting...
2026-05-08 15:46:24,229 | INFO | aiogram.dispatcher | Start polling
2026-05-08 15:46:24,265 | INFO | aiogram.dispatcher | Run polling for bot @WaifuHaremChatBot id=8508853940 - '𝑾𝒂𝒊𝒇𝒖 𝑯𝒂𝒓𝒆𝒎 𝑩𝒐𝒕'
2026-05-08 15:46:29,630 | INFO | aiogram.event | Update id=90780885 is handled. Duration 203 ms by bot id=8508853940
2026-05-08 15:46:32,812 | INFO | aiogram.event | Update id=90780886 is handled. Duration 239 ms by bot id=8508853940
2026-05-08 15:46:36,272 | INFO | aiogram.event | Update id=90780887 is handled. Duration 119 ms by bot id=8508853940
2026-05-08 15:46:41,393 | INFO | aiogram.event | Update id=90780888 is handled. Duration 113 ms by bot id=8508853940
2026-05-08 15:46:46,028 | INFO | aiogram.event | Update id=90780889 is handled. Duration 102 ms by bot id=8508853940
2026-05-08 15:46:49,334 | INFO | aiogram.event | Update id=90780890 is handled. Duration 103 ms by bot id=8508853940
2026-05-08 15:46:52,744 | INFO | aiogram.event | Update id=90780891 is handled. Duration 220 ms by bot id=8508853940
2026-05-08 15:46:55,341 | INFO | aiogram.event | Update id=90780892 is handled. Duration 107 ms by bot id=8508853940
2026-05-08 15:47:00,705 | INFO | aiogram.event | Update id=90780893 is handled. Duration 80 ms by bot id=8508853940
2026-05-08 15:47:05,459 | INFO | aiogram.event | Update id=90780894 is handled. Duration 135 ms by bot id=8508853940
2026-05-08 15:47:09,220 | INFO | aiogram.event | Update id=90780895 is handled. Duration 80 ms by bot id=8508853940
2026-05-08 15:51:50,741 | INFO | aiogram.dispatcher | Polling stopped
2026-05-08 15:51:50,741 | ERROR | aiogram.dispatcher | Failed to fetch updates - TelegramNetworkError: HTTP Client says - ServerDisconnectedError: Server disconnected
2026-05-08 15:51:50,742 | WARNING | aiogram.dispatcher | Sleep for 1.000000 seconds and try again... (tryings = 0, bot id = 8508853940)
2026-05-08 15:51:50,994 | INFO | aiogram.dispatcher | Polling stopped for bot @WaifuHaremChatBot id=8508853940 - '𝑾𝒂𝒊𝒇𝒖 𝑯𝒂𝒓𝒆𝒎 𝑩𝒐𝒕'
2026-05-08 15:52:01,885 | INFO | __main__ | Bot is starting...
2026-05-08 15:52:03,089 | INFO | aiogram.dispatcher | Start polling
2026-05-08 15:52:03,124 | INFO | aiogram.dispatcher | Run polling for bot @WaifuHaremChatBot id=8508853940 - '𝑾𝒂𝒊𝒇𝒖 𝑯𝒂𝒓𝒆𝒎 𝑩𝒐𝒕'
2026-05-08 15:52:09,251 | INFO | aiogram.event | Update id=90780896 is handled. Duration 171 ms by bot id=8508853940
2026-05-08 15:52:17,003 | INFO | aiogram.event | Update id=90780897 is handled. Duration 112 ms by bot id=8508853940
2026-05-08 15:52:21,713 | INFO | aiogram.event | Update id=90780898 is handled. Duration 74 ms by bot id=8508853940
2026-05-08 15:52:24,090 | INFO | aiogram.event | Update id=90780899 is handled. Duration 694 ms by bot id=8508853940
2026-05-08 15:54:28,406 | INFO | aiogram.event | Update id=90780900 is handled. Duration 160 ms by bot id=8508853940
2026-05-08 16:47:58,149 | INFO | aiogram.event | Update id=90780901 is not handled. Duration 2 ms by bot id=8508853940
2026-05-08 16:48:01,649 | INFO | aiogram.event | Update id=90780902 is handled. Duration 235 ms by bot id=8508853940
2026-05-08 16:48:32,415 | INFO | aiogram.event | Update id=90780903 is handled. Duration 5 ms by bot id=8508853940
2026-05-08 17:01:36,345 | INFO | aiogram.dispatcher | Polling stopped
2026-05-08 17:01:36,347 | ERROR | aiogram.dispatcher | Failed to fetch updates - TelegramNetworkError: HTTP Client says - ServerDisconnectedError: Server disconnected
2026-05-08 17:01:36,347 | WARNING | aiogram.dispatcher | Sleep for 1.000000 seconds and try again... (tryings = 0, bot id = 8508853940)
2026-05-08 17:01:36,602 | INFO | aiogram.dispatcher | Polling stopped for bot @WaifuHaremChatBot id=8508853940 - '𝑾𝒂𝒊𝒇𝒖 𝑯𝒂𝒓𝒆𝒎 𝑩𝒐𝒕'
2026-05-08 17:01:50,892 | INFO | __main__ | Bot is starting...
2026-05-08 17:01:51,610 | INFO | aiogram.dispatcher | Start polling
2026-05-08 17:01:51,646 | INFO | aiogram.dispatcher | Run polling for bot @WaifuHaremChatBot id=8508853940 - '𝑾𝒂𝒊𝒇𝒖 𝑯𝒂𝒓𝒆𝒎 𝑩𝒐𝒕'
2026-05-08 17:02:07,501 | INFO | aiogram.event | Update id=90780904 is handled. Duration 157 ms by bot id=8508853940
2026-05-08 17:02:21,622 | INFO | aiogram.event | Update id=90780905 is handled. Duration 298 ms by bot id=8508853940
2026-05-08 17:02:27,918 | INFO | aiogram.event | Update id=90780906 is handled. Duration 114 ms by bot id=8508853940
2026-05-08 17:02:32,822 | INFO | aiogram.event | Update id=90780907 is handled. Duration 72 ms by bot id=8508853940
2026-05-08 17:02:38,500 | INFO | aiogram.event | Update id=90780908 is handled. Duration 168 ms by bot id=8508853940
2026-05-08 17:02:40,887 | INFO | aiogram.event | Update id=90780909 is handled. Duration 114 ms by bot id=8508853940
2026-05-08 17:02:43,707 | INFO | aiogram.event | Update id=90780910 is handled. Duration 217 ms by bot id=8508853940
2026-05-08 17:02:45,088 | INFO | aiogram.event | Update id=90780911 is handled. Duration 153 ms by bot id=8508853940
2026-05-08 17:02:47,130 | INFO | aiogram.event | Update id=90780912 is handled. Duration 278 ms by bot id=8508853940
2026-05-08 17:02:49,474 | INFO | aiogram.event | Update id=90780913 is handled. Duration 104 ms by bot id=8508853940
2026-05-08 17:02:51,681 | INFO | aiogram.event | Update id=90780914 is handled. Duration 94 ms by bot id=8508853940
2026-05-08 17:02:52,726 | INFO | aiogram.event | Update id=90780915 is handled. Duration 93 ms by bot id=8508853940
2026-05-08 17:02:53,391 | INFO | aiogram.event | Update id=90780916 is handled. Duration 108 ms by bot id=8508853940
2026-05-08 17:02:55,327 | INFO | aiogram.event | Update id=90780917 is handled. Duration 105 ms by bot id=8508853940
2026-05-08 17:02:56,199 | INFO | aiogram.event | Update id=90780918 is handled. Duration 123 ms by bot id=8508853940
2026-05-08 17:03:38,372 | INFO | aiogram.event | Update id=90780919 is handled. Duration 114 ms by bot id=8508853940
2026-05-08 17:03:47,672 | INFO | aiogram.event | Update id=90780920 is handled. Duration 96 ms by bot id=8508853940
2026-05-08 17:03:48,959 | INFO | aiogram.event | Update id=90780921 is handled. Duration 126 ms by bot id=8508853940
2026-05-08 17:04:35,583 | INFO | aiogram.event | Update id=90780922 is handled. Duration 98 ms by bot id=8508853940
2026-05-08 17:04:36,426 | INFO | aiogram.event | Update id=90780923 is handled. Duration 127 ms by bot id=8508853940
2026-05-08 17:04:38,428 | INFO | aiogram.event | Update id=90780924 is handled. Duration 116 ms by bot id=8508853940
2026-05-08 17:04:41,977 | INFO | aiogram.event | Update id=90780925 is handled. Duration 104 ms by bot id=8508853940
2026-05-08 17:04:47,501 | INFO | aiogram.event | Update id=90780926 is handled. Duration 120 ms by bot id=8508853940
2026-05-08 17:04:53,188 | INFO | aiogram.event | Update id=90780927 is handled. Duration 387 ms by bot id=8508853940
2026-05-08 17:04:55,101 | INFO | aiogram.event | Update id=90780928 is handled. Duration 111 ms by bot id=8508853940
2026-05-08 17:05:43,687 | INFO | aiogram.event | Update id=90780929 is handled. Duration 196 ms by bot id=8508853940
2026-05-08 17:06:06,411 | INFO | aiogram.event | Update id=90780930 is handled. Duration 109 ms by bot id=8508853940
2026-05-08 17:15:53,251 | INFO | aiogram.dispatcher | Polling stopped
2026-05-08 17:15:53,252 | ERROR | aiogram.dispatcher | Failed to fetch updates - TelegramNetworkError: HTTP Client says - ServerDisconnectedError: Server disconnected
2026-05-08 17:15:53,252 | WARNING | aiogram.dispatcher | Sleep for 1.000000 seconds and try again... (tryings = 0, bot id = 8508853940)
2026-05-08 17:15:53,515 | INFO | aiogram.dispatcher | Polling stopped for bot @WaifuHaremChatBot id=8508853940 - '𝑾𝒂𝒊𝒇𝒖 𝑯𝒂𝒓𝒆𝒎 𝑩𝒐𝒕'
2026-05-08 17:16:09,486 | INFO | __main__ | Bot is starting...
2026-05-08 17:16:10,137 | INFO | aiogram.dispatcher | Start polling
2026-05-08 17:16:10,176 | INFO | aiogram.dispatcher | Run polling for bot @WaifuHaremChatBot id=8508853940 - '𝑾𝒂𝒊𝒇𝒖 𝑯𝒂𝒓𝒆𝒎 𝑩𝒐𝒕'
2026-05-08 17:16:19,080 | INFO | aiogram.event | Update id=90780931 is handled. Duration 813 ms by bot id=8508853940
2026-05-08 17:16:47,641 | INFO | aiogram.event | Update id=90780932 is not handled. Duration 2 ms by bot id=8508853940
2026-05-08 17:16:56,620 | INFO | aiogram.event | Update id=90780933 is not handled. Duration 2 ms by bot id=8508853940
2026-05-08 17:17:12,510 | INFO | aiogram.event | Update id=90780934 is not handled. Duration 2 ms by bot id=8508853940
2026-05-08 17:17:15,083 | INFO | aiogram.event | Update id=90780935 is handled. Duration 113 ms by bot id=8508853940
2026-05-08 17:17:16,494 | INFO | aiogram.event | Update id=90780936 is not handled. Duration 2 ms by bot id=8508853940
2026-05-08 17:17:17,565 | INFO | aiogram.event | Update id=90780937 is not handled. Duration 2 ms by bot id=8508853940
2026-05-08 17:17:27,608 | INFO | aiogram.event | Update id=90780938 is handled. Duration 120 ms by bot id=8508853940
2026-05-08 17:17:41,361 | INFO | aiogram.event | Update id=90780939 is handled. Duration 174 ms by bot id=8508853940
2026-05-08 17:17:53,393 | INFO | aiogram.event | Update id=90780940 is handled. Duration 802 ms by bot id=8508853940
2026-05-08 17:17:57,323 | INFO | aiogram.event | Update id=90780941 is handled. Duration 274 ms by bot id=8508853940
2026-05-08 17:18:06,833 | INFO | aiogram.event | Update id=90780942 is not handled. Duration 2 ms by bot id=8508853940
2026-05-08 17:18:13,791 | INFO | aiogram.event | Update id=90780943 is handled. Duration 182 ms by bot id=8508853940
2026-05-08 17:18:32,539 | INFO | aiogram.event | Update id=90780944 is handled. Duration 72 ms by bot id=8508853940
2026-05-08 17:18:33,617 | INFO | aiogram.event | Update id=90780945 is handled. Duration 108 ms by bot id=8508853940
2026-05-08 17:18:37,822 | INFO | aiogram.event | Update id=90780946 is handled. Duration 1674 ms by bot id=8508853940
2026-05-08 17:20:45,592 | INFO | aiogram.event | Update id=90780947 is not handled. Duration 2 ms by bot id=8508853940
2026-05-08 17:20:52,763 | INFO | aiogram.event | Update id=90780948 is handled. Duration 270 ms by bot id=8508853940
2026-05-08 17:21:22,108 | INFO | aiogram.event | Update id=90780949 is handled. Duration 623 ms by bot id=8508853940
2026-05-08 17:21:57,463 | INFO | aiogram.event | Update id=90780950 is handled. Duration 170 ms by bot id=8508853940
2026-05-08 17:22:01,504 | INFO | aiogram.event | Update id=90780951 is handled. Duration 178 ms by bot id=8508853940
2026-05-08 17:25:11,559 | INFO | aiogram.event | Update id=90780952 is handled. Duration 3 ms by bot id=8508853940
2026-05-08 17:31:38,169 | INFO | aiogram.dispatcher | Polling stopped
2026-05-08 17:31:38,170 | ERROR | aiogram.dispatcher | Failed to fetch updates - TelegramNetworkError: HTTP Client says - ServerDisconnectedError: Server disconnected
2026-05-08 17:31:38,170 | WARNING | aiogram.dispatcher | Sleep for 1.000000 seconds and try again... (tryings = 0, bot id = 8508853940)
2026-05-08 17:31:38,432 | INFO | aiogram.dispatcher | Polling stopped for bot @WaifuHaremChatBot id=8508853940 - '𝑾𝒂𝒊𝒇𝒖 𝑯𝒂𝒓𝒆𝒎 𝑩𝒐𝒕'
2026-05-08 17:31:49,635 | INFO | __main__ | Bot is starting...
2026-05-08 17:31:50,260 | INFO | aiogram.dispatcher | Start polling
2026-05-08 17:31:50,295 | INFO | aiogram.dispatcher | Run polling for bot @WaifuHaremChatBot id=8508853940 - '𝑾𝒂𝒊𝒇𝒖 𝑯𝒂𝒓𝒆𝒎 𝑩𝒐𝒕'
2026-05-08 17:32:00,503 | INFO | aiogram.event | Update id=90780953 is handled. Duration 824 ms by bot id=8508853940
2026-05-08 17:32:42,829 | INFO | aiogram.event | Update id=90780954 is handled. Duration 177 ms by bot id=8508853940
2026-05-08 17:32:46,370 | INFO | aiogram.event | Update id=90780955 is handled. Duration 177 ms by bot id=8508853940
2026-05-08 17:33:03,197 | INFO | aiogram.event | Update id=90780956 is handled. Duration 185 ms by bot id=8508853940
2026-05-08 17:33:06,151 | INFO | aiogram.event | Update id=90780957 is handled. Duration 279 ms by bot id=8508853940
2026-05-08 17:33:08,076 | INFO | aiogram.event | Update id=90780958 is handled. Duration 292 ms by bot id=8508853940
2026-05-08 17:33:09,700 | INFO | aiogram.event | Update id=90780959 is handled. Duration 200 ms by bot id=8508853940
2026-05-08 17:33:18,518 | INFO | aiogram.event | Update id=90780960 is handled. Duration 122 ms by bot id=8508853940
2026-05-08 17:33:19,775 | INFO | aiogram.event | Update id=90780961 is handled. Duration 108 ms by bot id=8508853940
2026-05-08 17:33:20,947 | INFO | aiogram.event | Update id=90780962 is handled. Duration 207 ms by bot id=8508853940
2026-05-08 17:33:37,536 | INFO | aiogram.event | Update id=90780963 is handled. Duration 606 ms by bot id=8508853940
2026-05-08 17:33:49,958 | INFO | aiogram.event | Update id=90780964 is handled. Duration 520 ms by bot id=8508853940
2026-05-08 17:33:59,726 | INFO | aiogram.event | Update id=90780965 is handled. Duration 141 ms by bot id=8508853940
2026-05-08 17:34:02,071 | INFO | aiogram.event | Update id=90780966 is handled. Duration 110 ms by bot id=8508853940
2026-05-08 17:34:03,471 | INFO | aiogram.event | Update id=90780967 is handled. Duration 275 ms by bot id=8508853940
2026-05-08 17:34:14,632 | INFO | aiogram.event | Update id=90780968 is handled. Duration 165 ms by bot id=8508853940
2026-05-08 17:34:21,696 | INFO | aiogram.event | Update id=90780969 is handled. Duration 706 ms by bot id=8508853940
2026-05-08 17:35:15,214 | INFO | aiogram.event | Update id=90780970 is handled. Duration 117 ms by bot id=8508853940
2026-05-08 17:35:17,059 | INFO | aiogram.event | Update id=90780971 is handled. Duration 196 ms by bot id=8508853940
2026-05-08 17:35:21,779 | INFO | aiogram.event | Update id=90780972 is handled. Duration 179 ms by bot id=8508853940
2026-05-08 17:35:26,571 | INFO | aiogram.event | Update id=90780973 is handled. Duration 122 ms by bot id=8508853940
2026-05-08 17:35:31,191 | INFO | aiogram.event | Update id=90780974 is handled. Duration 103 ms by bot id=8508853940
2026-05-08 17:35:33,211 | INFO | aiogram.event | Update id=90780975 is handled. Duration 286 ms by bot id=8508853940
2026-05-08 17:35:36,425 | INFO | aiogram.event | Update id=90780976 is handled. Duration 229 ms by bot id=8508853940
2026-05-08 17:35:57,479 | INFO | aiogram.event | Update id=90780977 is handled. Duration 184 ms by bot id=8508853940
2026-05-08 17:36:10,719 | INFO | aiogram.event | Update id=90780978 is handled. Duration 640 ms by bot id=8508853940
2026-05-08 17:36:57,266 | INFO | aiogram.event | Update id=90780979 is handled. Duration 1032 ms by bot id=8508853940
2026-05-08 17:47:35,936 | INFO | aiogram.event | Update id=90780980 is handled. Duration 251 ms by bot id=8508853940
2026-05-08 17:47:48,685 | INFO | aiogram.event | Update id=90780981 is handled. Duration 175 ms by bot id=8508853940
2026-05-08 17:48:09,683 | INFO | aiogram.event | Update id=90780983 is not handled. Duration 0 ms by bot id=8508853940
2026-05-08 17:48:09,837 | INFO | aiogram.event | Update id=90780982 is handled. Duration 236 ms by bot id=8508853940
2026-05-08 17:48:42,240 | INFO | aiogram.event | Update id=90780984 is handled. Duration 4 ms by bot id=8508853940
2026-05-08 17:55:43,455 | INFO | aiogram.dispatcher | Polling stopped
2026-05-08 17:55:43,456 | ERROR | aiogram.dispatcher | Failed to fetch updates - TelegramNetworkError: HTTP Client says - ServerDisconnectedError: Server disconnected
2026-05-08 17:55:43,456 | WARNING | aiogram.dispatcher | Sleep for 1.000000 seconds and try again... (tryings = 0, bot id = 8508853940)
2026-05-08 17:55:43,718 | INFO | aiogram.dispatcher | Polling stopped for bot @WaifuHaremChatBot id=8508853940 - '𝑾𝒂𝒊𝒇𝒖 𝑯𝒂𝒓𝒆𝒎 𝑩𝒐𝒕'
2026-05-08 17:55:55,090 | INFO | __main__ | Bot is starting...
2026-05-08 17:55:55,728 | INFO | aiogram.dispatcher | Start polling
2026-05-08 17:55:55,764 | INFO | aiogram.dispatcher | Run polling for bot @WaifuHaremChatBot id=8508853940 - '𝑾𝒂𝒊𝒇𝒖 𝑯𝒂𝒓𝒆𝒎 𝑩𝒐𝒕'
2026-05-08 17:56:04,048 | INFO | aiogram.event | Update id=90780985 is handled. Duration 1817 ms by bot id=8508853940
2026-05-08 17:56:19,258 | INFO | aiogram.event | Update id=90780986 is handled. Duration 177 ms by bot id=8508853940
2026-05-08 17:56:23,024 | INFO | aiogram.event | Update id=90780987 is handled. Duration 206 ms by bot id=8508853940
2026-05-08 17:56:35,905 | INFO | aiogram.event | Update id=90780988 is handled. Duration 151 ms by bot id=8508853940
2026-05-08 17:56:44,271 | INFO | aiogram.event | Update id=90780989 is handled. Duration 205 ms by bot id=8508853940
2026-05-08 17:56:50,626 | ERROR | app.middlewares.error_handler | Unhandled error while processing Update
Traceback (most recent call last):
  File "C:\Users\borod\OneDrive\Desktop\waifu_bot\app\middlewares\error_handler.py", line 21, in __call__
    return await handler(event, data)
           ^^^^^^^^^^^^^^^^^^^^^^^^^^
  File "C:\Users\borod\OneDrive\Desktop\waifu_bot\.venv\Lib\site-packages\aiogram\dispatcher\event\handler.py", line 71, in call
    return await wrapped()
           ^^^^^^^^^^^^^^^
  File "C:\Users\borod\OneDrive\Desktop\waifu_bot\.venv\Lib\site-packages\aiogram\dispatcher\dispatcher.py", line 283, in _listen_update
    return await self.propagate_event(update_type=update_type, event=event, **kwargs)
           ^^^^^^^^^^^^^^^^^^^^^^^^^^^^^^^^^^^^^^^^^^^^^^^^^^^^^^^^^^^^^^^^^^^^^^^^^^
  File "C:\Users\borod\OneDrive\Desktop\waifu_bot\.venv\Lib\site-packages\aiogram\dispatcher\router.py", line 161, in propagate_event
    return await observer.wrap_outer_middleware(_wrapped, event=event, data=kwargs)
           ^^^^^^^^^^^^^^^^^^^^^^^^^^^^^^^^^^^^^^^^^^^^^^^^^^^^^^^^^^^^^^^^^^^^^^^^
  File "C:\Users\borod\OneDrive\Desktop\waifu_bot\.venv\Lib\site-packages\aiogram\dispatcher\router.py", line 153, in _wrapped
    return await self._propagate_event(
           ^^^^^^^^^^^^^^^^^^^^^^^^^^^^
    ...<4 lines>...
    )
    ^
  File "C:\Users\borod\OneDrive\Desktop\waifu_bot\.venv\Lib\site-packages\aiogram\dispatcher\router.py", line 189, in _propagate_event
    response = await router.propagate_event(update_type=update_type, event=event, **kwargs)
               ^^^^^^^^^^^^^^^^^^^^^^^^^^^^^^^^^^^^^^^^^^^^^^^^^^^^^^^^^^^^^^^^^^^^^^^^^^^^
  File "C:\Users\borod\OneDrive\Desktop\waifu_bot\.venv\Lib\site-packages\aiogram\dispatcher\router.py", line 161, in propagate_event
    return await observer.wrap_outer_middleware(_wrapped, event=event, data=kwargs)
           ^^^^^^^^^^^^^^^^^^^^^^^^^^^^^^^^^^^^^^^^^^^^^^^^^^^^^^^^^^^^^^^^^^^^^^^^
  File "C:\Users\borod\OneDrive\Desktop\waifu_bot\.venv\Lib\site-packages\aiogram\dispatcher\router.py", line 153, in _wrapped
    return await self._propagate_event(
           ^^^^^^^^^^^^^^^^^^^^^^^^^^^^
    ...<4 lines>...
    )
    ^
  File "C:\Users\borod\OneDrive\Desktop\waifu_bot\.venv\Lib\site-packages\aiogram\dispatcher\router.py", line 181, in _propagate_event
    response = await observer.trigger(event, **kwargs)
               ^^^^^^^^^^^^^^^^^^^^^^^^^^^^^^^^^^^^^^^
  File "C:\Users\borod\OneDrive\Desktop\waifu_bot\.venv\Lib\site-packages\aiogram\dispatcher\event\telegram.py", line 126, in trigger
    return await wrapped_inner(event, kwargs)
           ^^^^^^^^^^^^^^^^^^^^^^^^^^^^^^^^^^
  File "C:\Users\borod\OneDrive\Desktop\waifu_bot\.venv\Lib\site-packages\aiogram\dispatcher\event\handler.py", line 71, in call
    return await wrapped()
           ^^^^^^^^^^^^^^^
  File "C:\Users\borod\OneDrive\Desktop\waifu_bot\app\handlers\profile.py", line 271, in set_favorite_category
    f"{t(user_lang, 'collection_saved')} {name} — {percent}%"
       ~^^^^^^^^^^^^^^^^^^^^^^^^^^^^^^^
  File "C:\Users\borod\OneDrive\Desktop\waifu_bot\app\handlers\profile.py", line 51, in t
    return UI.get(lang, UI["ru"]).get(key, UI["ru"][key])
                                           ~~~~~~~~^^^^^
KeyError: 'collection_saved'
2026-05-08 17:56:50,630 | INFO | aiogram.event | Update id=90780990 is handled. Duration 8 ms by bot id=8508853940
2026-05-08 17:57:17,564 | INFO | aiogram.event | Update id=90780991 is handled. Duration 1797 ms by bot id=8508853940
2026-05-08 17:58:26,444 | INFO | aiogram.event | Update id=90780992 is handled. Duration 207 ms by bot id=8508853940
2026-05-08 17:58:52,696 | INFO | aiogram.event | Update id=90780993 is handled. Duration 129 ms by bot id=8508853940
2026-05-08 17:58:54,663 | INFO | aiogram.event | Update id=90780994 is handled. Duration 110 ms by bot id=8508853940
2026-05-08 17:59:26,824 | INFO | aiogram.event | Update id=90780995 is handled. Duration 1982 ms by bot id=8508853940
2026-05-08 17:59:34,212 | INFO | aiogram.event | Update id=90780996 is handled. Duration 135 ms by bot id=8508853940
2026-05-08 17:59:47,831 | INFO | aiogram.event | Update id=90780997 is not handled. Duration 0 ms by bot id=8508853940
2026-05-08 18:00:04,257 | INFO | aiogram.event | Update id=90780998 is handled. Duration 3 ms by bot id=8508853940
2026-05-08 18:00:33,984 | INFO | aiogram.event | Update id=90780999 is handled. Duration 2100 ms by bot id=8508853940
2026-05-08 18:01:27,556 | INFO | aiogram.event | Update id=90781000 is handled. Duration 2169 ms by bot id=8508853940
2026-05-08 18:01:29,899 | INFO | aiogram.event | Update id=90781001 is handled. Duration 267 ms by bot id=8508853940
2026-05-08 18:01:31,369 | INFO | aiogram.event | Update id=90781002 is handled. Duration 400 ms by bot id=8508853940
2026-05-08 18:01:35,890 | INFO | aiogram.event | Update id=90781003 is handled. Duration 201 ms by bot id=8508853940
2026-05-08 18:01:54,369 | INFO | aiogram.event | Update id=90781004 is handled. Duration 254 ms by bot id=8508853940
2026-05-08 18:01:57,124 | INFO | aiogram.event | Update id=90781005 is handled. Duration 125 ms by bot id=8508853940
2026-05-08 18:01:59,673 | INFO | aiogram.event | Update id=90781006 is handled. Duration 177 ms by bot id=8508853940
2026-05-08 18:06:32,726 | INFO | aiogram.dispatcher | Polling stopped
2026-05-08 18:06:32,727 | ERROR | aiogram.dispatcher | Failed to fetch updates - TelegramNetworkError: HTTP Client says - ServerDisconnectedError: Server disconnected
2026-05-08 18:06:32,728 | WARNING | aiogram.dispatcher | Sleep for 1.000000 seconds and try again... (tryings = 0, bot id = 8508853940)
2026-05-08 18:06:32,993 | INFO | aiogram.dispatcher | Polling stopped for bot @WaifuHaremChatBot id=8508853940 - '𝑾𝒂𝒊𝒇𝒖 𝑯𝒂𝒓𝒆𝒎 𝑩𝒐𝒕'
2026-05-08 18:06:47,361 | INFO | __main__ | Bot is starting...
2026-05-08 18:06:48,016 | INFO | aiogram.dispatcher | Start polling
2026-05-08 18:06:48,070 | INFO | aiogram.dispatcher | Run polling for bot @WaifuHaremChatBot id=8508853940 - '𝑾𝒂𝒊𝒇𝒖 𝑯𝒂𝒓𝒆𝒎 𝑩𝒐𝒕'
2026-05-08 18:07:10,433 | INFO | aiogram.event | Update id=90781007 is handled. Duration 904 ms by bot id=8508853940
2026-05-08 18:07:16,451 | INFO | aiogram.event | Update id=90781008 is handled. Duration 360 ms by bot id=8508853940
2026-05-08 18:07:22,310 | INFO | aiogram.event | Update id=90781009 is handled. Duration 199 ms by bot id=8508853940
2026-05-08 18:07:56,355 | INFO | aiogram.event | Update id=90781010 is handled. Duration 3 ms by bot id=8508853940
2026-05-08 18:09:05,548 | INFO | aiogram.event | Update id=90781011 is handled. Duration 0 ms by bot id=8508853940
2026-05-08 18:09:14,327 | INFO | aiogram.event | Update id=90781012 is handled. Duration 0 ms by bot id=8508853940
2026-05-08 18:09:22,384 | INFO | aiogram.event | Update id=90781013 is handled. Duration 0 ms by bot id=8508853940
2026-05-08 18:09:43,537 | INFO | aiogram.dispatcher | Polling stopped
2026-05-08 18:09:43,538 | ERROR | aiogram.dispatcher | Failed to fetch updates - TelegramNetworkError: HTTP Client says - ServerDisconnectedError: Server disconnected
2026-05-08 18:09:43,539 | WARNING | aiogram.dispatcher | Sleep for 1.000000 seconds and try again... (tryings = 0, bot id = 8508853940)
2026-05-08 18:09:43,789 | INFO | aiogram.dispatcher | Polling stopped for bot @WaifuHaremChatBot id=8508853940 - '𝑾𝒂𝒊𝒇𝒖 𝑯𝒂𝒓𝒆𝒎 𝑩𝒐𝒕'
2026-05-08 18:09:57,309 | INFO | __main__ | Bot is starting...
2026-05-08 18:09:57,941 | INFO | aiogram.dispatcher | Start polling
2026-05-08 18:09:57,976 | INFO | aiogram.dispatcher | Run polling for bot @WaifuHaremChatBot id=8508853940 - '𝑾𝒂𝒊𝒇𝒖 𝑯𝒂𝒓𝒆𝒎 𝑩𝒐𝒕'
2026-05-08 18:10:01,518 | INFO | aiogram.event | Update id=90781014 is handled. Duration 807 ms by bot id=8508853940
2026-05-08 18:10:04,019 | INFO | aiogram.event | Update id=90781015 is handled. Duration 111 ms by bot id=8508853940
2026-05-08 18:10:13,064 | INFO | aiogram.event | Update id=90781016 is handled. Duration 212 ms by bot id=8508853940
2026-05-08 18:10:17,923 | INFO | aiogram.event | Update id=90781017 is handled. Duration 252 ms by bot id=8508853940
2026-05-08 18:10:24,460 | INFO | aiogram.event | Update id=90781018 is handled. Duration 110 ms by bot id=8508853940
2026-05-08 18:10:30,574 | INFO | aiogram.event | Update id=90781019 is handled. Duration 836 ms by bot id=8508853940
2026-05-08 18:10:38,604 | INFO | aiogram.event | Update id=90781020 is handled. Duration 728 ms by bot id=8508853940
2026-05-08 18:11:03,286 | INFO | aiogram.event | Update id=90781021 is handled. Duration 88 ms by bot id=8508853940
2026-05-08 18:11:05,149 | INFO | aiogram.event | Update id=90781022 is handled. Duration 136 ms by bot id=8508853940
2026-05-08 18:11:23,229 | INFO | aiogram.event | Update id=90781023 is handled. Duration 160 ms by bot id=8508853940
2026-05-08 18:11:28,680 | INFO | aiogram.event | Update id=90781024 is handled. Duration 109 ms by bot id=8508853940
2026-05-08 18:11:36,020 | INFO | aiogram.event | Update id=90781025 is handled. Duration 246 ms by bot id=8508853940
2026-05-08 18:11:46,973 | INFO | aiogram.event | Update id=90781026 is handled. Duration 133 ms by bot id=8508853940
2026-05-08 18:11:55,501 | INFO | aiogram.event | Update id=90781027 is handled. Duration 161 ms by bot id=8508853940
2026-05-08 18:12:41,925 | INFO | aiogram.event | Update id=90781028 is handled. Duration 209 ms by bot id=8508853940
2026-05-08 18:12:54,534 | INFO | aiogram.event | Update id=90781029 is handled. Duration 170 ms by bot id=8508853940
2026-05-08 18:13:00,557 | INFO | aiogram.event | Update id=90781030 is handled. Duration 110 ms by bot id=8508853940
2026-05-08 18:13:04,700 | INFO | aiogram.event | Update id=90781031 is handled. Duration 158 ms by bot id=8508853940
2026-05-08 18:13:13,514 | INFO | aiogram.event | Update id=90781032 is handled. Duration 176 ms by bot id=8508853940
2026-05-08 18:13:20,875 | INFO | aiogram.event | Update id=90781033 is handled. Duration 686 ms by bot id=8508853940
2026-05-08 18:13:38,115 | INFO | aiogram.event | Update id=90781034 is handled. Duration 244 ms by bot id=8508853940
2026-05-08 18:14:10,323 | INFO | aiogram.event | Update id=90781035 is handled. Duration 554 ms by bot id=8508853940
2026-05-08 18:14:12,026 | INFO | aiogram.event | Update id=90781036 is not handled. Duration 0 ms by bot id=8508853940
2026-05-08 18:14:45,047 | INFO | aiogram.event | Update id=90781037 is handled. Duration 279 ms by bot id=8508853940
2026-05-08 18:14:58,184 | INFO | aiogram.event | Update id=90781038 is handled. Duration 2 ms by bot id=8508853940
2026-05-08 18:23:21,946 | INFO | aiogram.event | Update id=90781039 is handled. Duration 171 ms by bot id=8508853940
2026-05-08 18:23:24,137 | INFO | aiogram.event | Update id=90781040 is handled. Duration 858 ms by bot id=8508853940
2026-05-08 18:23:35,070 | INFO | aiogram.dispatcher | Polling stopped
2026-05-08 18:23:35,071 | ERROR | aiogram.dispatcher | Failed to fetch updates - TelegramNetworkError: HTTP Client says - ServerDisconnectedError: Server disconnected
2026-05-08 18:23:35,071 | WARNING | aiogram.dispatcher | Sleep for 1.000000 seconds and try again... (tryings = 0, bot id = 8508853940)
2026-05-08 18:23:35,336 | INFO | aiogram.dispatcher | Polling stopped for bot @WaifuHaremChatBot id=8508853940 - '𝑾𝒂𝒊𝒇𝒖 𝑯𝒂𝒓𝒆𝒎 𝑩𝒐𝒕'
2026-05-08 18:23:49,857 | INFO | __main__ | Bot is starting...
2026-05-08 18:23:50,503 | INFO | aiogram.dispatcher | Start polling
2026-05-08 18:23:50,541 | INFO | aiogram.dispatcher | Run polling for bot @WaifuHaremChatBot id=8508853940 - '𝑾𝒂𝒊𝒇𝒖 𝑯𝒂𝒓𝒆𝒎 𝑩𝒐𝒕'
2026-05-08 18:23:57,784 | INFO | aiogram.event | Update id=90781041 is handled. Duration 740 ms by bot id=8508853940
2026-05-08 18:24:03,930 | INFO | aiogram.event | Update id=90781042 is handled. Duration 165 ms by bot id=8508853940
2026-05-08 18:24:40,560 | INFO | aiogram.event | Update id=90781043 is handled. Duration 187 ms by bot id=8508853940
2026-05-08 18:25:28,665 | INFO | aiogram.dispatcher | Polling stopped
2026-05-08 18:25:28,665 | ERROR | aiogram.dispatcher | Failed to fetch updates - TelegramNetworkError: HTTP Client says - ServerDisconnectedError: Server disconnected
2026-05-08 18:25:28,666 | WARNING | aiogram.dispatcher | Sleep for 1.000000 seconds and try again... (tryings = 0, bot id = 8508853940)
2026-05-08 18:25:28,930 | INFO | aiogram.dispatcher | Polling stopped for bot @WaifuHaremChatBot id=8508853940 - '𝑾𝒂𝒊𝒇𝒖 𝑯𝒂𝒓𝒆𝒎 𝑩𝒐𝒕'
2026-05-08 18:25:39,063 | INFO | __main__ | Bot is starting...
2026-05-08 18:25:39,651 | INFO | aiogram.dispatcher | Start polling
2026-05-08 18:25:39,687 | INFO | aiogram.dispatcher | Run polling for bot @WaifuHaremChatBot id=8508853940 - '𝑾𝒂𝒊𝒇𝒖 𝑯𝒂𝒓𝒆𝒎 𝑩𝒐𝒕'
2026-05-08 18:25:41,716 | INFO | aiogram.event | Update id=90781044 is handled. Duration 843 ms by bot id=8508853940
2026-05-08 18:25:53,613 | INFO | aiogram.event | Update id=90781045 is handled. Duration 272 ms by bot id=8508853940
2026-05-08 18:25:59,002 | INFO | aiogram.event | Update id=90781046 is handled. Duration 467 ms by bot id=8508853940
2026-05-08 18:26:29,534 | INFO | aiogram.event | Update id=90781047 is handled. Duration 731 ms by bot id=8508853940
2026-05-08 18:26:35,254 | INFO | aiogram.event | Update id=90781048 is handled. Duration 226 ms by bot id=8508853940
2026-05-08 18:26:40,765 | INFO | aiogram.event | Update id=90781049 is handled. Duration 188 ms by bot id=8508853940
2026-05-08 18:26:57,593 | INFO | aiogram.event | Update id=90781050 is handled. Duration 170 ms by bot id=8508853940
2026-05-08 18:27:01,249 | INFO | aiogram.event | Update id=90781051 is handled. Duration 170 ms by bot id=8508853940
2026-05-08 18:27:28,800 | INFO | aiogram.event | Update id=90781052 is handled. Duration 165 ms by bot id=8508853940
2026-05-08 18:27:42,971 | INFO | aiogram.event | Update id=90781053 is handled. Duration 220 ms by bot id=8508853940
2026-05-08 18:27:46,963 | INFO | aiogram.event | Update id=90781054 is handled. Duration 285 ms by bot id=8508853940
2026-05-08 18:27:58,860 | INFO | aiogram.event | Update id=90781055 is not handled. Duration 0 ms by bot id=8508853940
2026-05-08 18:27:59,225 | INFO | aiogram.event | Update id=90781056 is handled. Duration 172 ms by bot id=8508853940
2026-05-08 18:28:06,608 | INFO | aiogram.event | Update id=90781057 is handled. Duration 185 ms by bot id=8508853940
2026-05-08 18:28:15,528 | INFO | aiogram.event | Update id=90781058 is handled. Duration 168 ms by bot id=8508853940
2026-05-08 18:28:58,500 | INFO | aiogram.event | Update id=90781059 is handled. Duration 174 ms by bot id=8508853940
2026-05-08 18:29:13,687 | INFO | aiogram.event | Update id=90781060 is handled. Duration 207 ms by bot id=8508853940
2026-05-08 18:29:17,750 | INFO | aiogram.event | Update id=90781061 is handled. Duration 154 ms by bot id=8508853940
2026-05-08 18:29:22,208 | INFO | aiogram.event | Update id=90781062 is handled. Duration 250 ms by bot id=8508853940
2026-05-08 18:29:26,964 | INFO | aiogram.event | Update id=90781063 is handled. Duration 178 ms by bot id=8508853940
2026-05-08 18:29:34,259 | INFO | aiogram.event | Update id=90781064 is handled. Duration 3 ms by bot id=8508853940
2026-05-08 18:34:06,679 | INFO | aiogram.dispatcher | Polling stopped
2026-05-08 18:34:06,680 | ERROR | aiogram.dispatcher | Failed to fetch updates - TelegramNetworkError: HTTP Client says - ServerDisconnectedError: Server disconnected
2026-05-08 18:34:06,682 | WARNING | aiogram.dispatcher | Sleep for 1.000000 seconds and try again... (tryings = 0, bot id = 8508853940)
2026-05-08 18:34:06,943 | INFO | aiogram.dispatcher | Polling stopped for bot @WaifuHaremChatBot id=8508853940 - '𝑾𝒂𝒊𝒇𝒖 𝑯𝒂𝒓𝒆𝒎 𝑩𝒐𝒕'
2026-05-08 18:34:18,674 | INFO | __main__ | Bot is starting...
2026-05-08 18:34:19,314 | INFO | aiogram.dispatcher | Start polling
2026-05-08 18:34:19,349 | INFO | aiogram.dispatcher | Run polling for bot @WaifuHaremChatBot id=8508853940 - '𝑾𝒂𝒊𝒇𝒖 𝑯𝒂𝒓𝒆𝒎 𝑩𝒐𝒕'
2026-05-08 18:34:23,004 | INFO | aiogram.event | Update id=90781065 is handled. Duration 150 ms by bot id=8508853940
2026-05-08 18:34:25,046 | INFO | aiogram.event | Update id=90781066 is handled. Duration 209 ms by bot id=8508853940
2026-05-08 18:34:27,201 | INFO | aiogram.event | Update id=90781067 is handled. Duration 798 ms by bot id=8508853940
2026-05-08 18:34:31,139 | INFO | aiogram.event | Update id=90781068 is handled. Duration 217 ms by bot id=8508853940
2026-05-08 18:34:36,940 | INFO | aiogram.event | Update id=90781069 is handled. Duration 158 ms by bot id=8508853940
2026-05-08 18:35:07,361 | INFO | aiogram.event | Update id=90781070 is handled. Duration 782 ms by bot id=8508853940
2026-05-08 18:35:08,680 | INFO | aiogram.event | Update id=90781071 is handled. Duration 166 ms by bot id=8508853940
2026-05-08 18:35:24,867 | INFO | aiogram.event | Update id=90781072 is handled. Duration 188 ms by bot id=8508853940
2026-05-08 18:35:37,019 | INFO | aiogram.event | Update id=90781073 is handled. Duration 916 ms by bot id=8508853940
2026-05-08 18:35:52,641 | INFO | aiogram.event | Update id=90781074 is not handled. Duration 0 ms by bot id=8508853940
2026-05-08 18:36:02,622 | INFO | aiogram.event | Update id=90781075 is handled. Duration 3 ms by bot id=8508853940
2026-05-08 18:37:54,145 | INFO | aiogram.dispatcher | Polling stopped
2026-05-08 18:37:54,146 | ERROR | aiogram.dispatcher | Failed to fetch updates - TelegramNetworkError: HTTP Client says - ServerDisconnectedError: Server disconnected
2026-05-08 18:37:54,146 | WARNING | aiogram.dispatcher | Sleep for 1.000000 seconds and try again... (tryings = 0, bot id = 8508853940)
2026-05-08 18:37:54,398 | INFO | aiogram.dispatcher | Polling stopped for bot @WaifuHaremChatBot id=8508853940 - '𝑾𝒂𝒊𝒇𝒖 𝑯𝒂𝒓𝒆𝒎 𝑩𝒐𝒕'
2026-05-08 18:38:37,720 | INFO | __main__ | Bot is starting...
2026-05-08 18:38:38,461 | INFO | aiogram.dispatcher | Start polling
2026-05-08 18:38:38,496 | INFO | aiogram.dispatcher | Run polling for bot @WaifuHaremChatBot id=8508853940 - '𝑾𝒂𝒊𝒇𝒖 𝑯𝒂𝒓𝒆𝒎 𝑩𝒐𝒕'
2026-05-08 18:38:45,404 | INFO | aiogram.event | Update id=90781076 is handled. Duration 1046 ms by bot id=8508853940
2026-05-08 18:38:47,151 | INFO | aiogram.event | Update id=90781077 is handled. Duration 175 ms by bot id=8508853940
2026-05-08 18:38:53,144 | INFO | aiogram.event | Update id=90781078 is handled. Duration 193 ms by bot id=8508853940
2026-05-08 18:38:58,491 | INFO | aiogram.event | Update id=90781079 is handled. Duration 172 ms by bot id=8508853940
2026-05-08 18:39:13,019 | INFO | aiogram.event | Update id=90781080 is handled. Duration 706 ms by bot id=8508853940
2026-05-08 18:39:22,160 | INFO | aiogram.event | Update id=90781081 is handled. Duration 187 ms by bot id=8508853940
2026-05-08 18:39:35,005 | INFO | aiogram.event | Update id=90781082 is handled. Duration 177 ms by bot id=8508853940
2026-05-08 18:39:39,107 | INFO | aiogram.event | Update id=90781083 is handled. Duration 186 ms by bot id=8508853940
2026-05-08 18:39:46,612 | INFO | aiogram.event | Update id=90781084 is handled. Duration 197 ms by bot id=8508853940
2026-05-08 18:39:54,373 | INFO | aiogram.event | Update id=90781085 is handled. Duration 973 ms by bot id=8508853940
2026-05-08 18:40:28,870 | INFO | aiogram.event | Update id=90781086 is handled. Duration 684 ms by bot id=8508853940
2026-05-08 18:40:30,595 | INFO | aiogram.event | Update id=90781087 is not handled. Duration 0 ms by bot id=8508853940
2026-05-08 18:40:52,806 | INFO | aiogram.event | Update id=90781088 is handled. Duration 3 ms by bot id=8508853940
2026-05-08 18:41:08,785 | INFO | aiogram.event | Update id=90781089 is handled. Duration 656 ms by bot id=8508853940
2026-05-08 18:41:13,501 | INFO | aiogram.event | Update id=90781090 is handled. Duration 113 ms by bot id=8508853940
2026-05-08 18:42:24,644 | INFO | aiogram.event | Update id=90781091 is not handled. Duration 1 ms by bot id=8508853940
2026-05-08 18:42:40,095 | INFO | aiogram.event | Update id=90781092 is handled. Duration 0 ms by bot id=8508853940
2026-05-08 18:49:12,652 | INFO | aiogram.event | Update id=90781093 is handled. Duration 75 ms by bot id=8508853940
2026-05-08 18:49:21,761 | INFO | aiogram.event | Update id=90781094 is handled. Duration 749 ms by bot id=8508853940
2026-05-08 18:49:40,186 | INFO | aiogram.event | Update id=90781095 is handled. Duration 101 ms by bot id=8508853940
2026-05-08 18:49:43,743 | INFO | aiogram.event | Update id=90781096 is handled. Duration 136 ms by bot id=8508853940
2026-05-08 18:49:52,090 | INFO | aiogram.event | Update id=90781097 is handled. Duration 843 ms by bot id=8508853940
2026-05-08 19:23:15,539 | INFO | aiogram.dispatcher | Polling stopped
2026-05-08 19:23:15,540 | ERROR | aiogram.dispatcher | Failed to fetch updates - TelegramNetworkError: HTTP Client says - ServerDisconnectedError: Server disconnected
2026-05-08 19:23:15,540 | WARNING | aiogram.dispatcher | Sleep for 1.000000 seconds and try again... (tryings = 0, bot id = 8508853940)
2026-05-08 19:23:15,806 | INFO | aiogram.dispatcher | Polling stopped for bot @WaifuHaremChatBot id=8508853940 - '𝑾𝒂𝒊𝒇𝒖 𝑯𝒂𝒓𝒆𝒎 𝑩𝒐𝒕'
2026-05-09 06:13:14,104 | INFO | __main__ | Bot is starting...
2026-05-09 06:13:14,826 | INFO | aiogram.dispatcher | Start polling
2026-05-09 06:13:14,861 | INFO | aiogram.dispatcher | Run polling for bot @WaifuHaremChatBot id=8508853940 - '𝑾𝒂𝒊𝒇𝒖 𝑯𝒂𝒓𝒆𝒎 𝑩𝒐𝒕'
2026-05-09 06:13:15,153 | ERROR | app.middlewares.error_handler | Unhandled error while processing Update
Traceback (most recent call last):
  File "C:\Users\borod\OneDrive\Desktop\waifu_bot\app\middlewares\error_handler.py", line 21, in __call__
    return await handler(event, data)
           ^^^^^^^^^^^^^^^^^^^^^^^^^^
  File "C:\Users\borod\OneDrive\Desktop\waifu_bot\.venv\Lib\site-packages\aiogram\dispatcher\event\handler.py", line 71, in call
    return await wrapped()
           ^^^^^^^^^^^^^^^
  File "C:\Users\borod\OneDrive\Desktop\waifu_bot\.venv\Lib\site-packages\aiogram\dispatcher\dispatcher.py", line 283, in _listen_update
    return await self.propagate_event(update_type=update_type, event=event, **kwargs)
           ^^^^^^^^^^^^^^^^^^^^^^^^^^^^^^^^^^^^^^^^^^^^^^^^^^^^^^^^^^^^^^^^^^^^^^^^^^
  File "C:\Users\borod\OneDrive\Desktop\waifu_bot\.venv\Lib\site-packages\aiogram\dispatcher\router.py", line 161, in propagate_event
    return await observer.wrap_outer_middleware(_wrapped, event=event, data=kwargs)
           ^^^^^^^^^^^^^^^^^^^^^^^^^^^^^^^^^^^^^^^^^^^^^^^^^^^^^^^^^^^^^^^^^^^^^^^^
  File "C:\Users\borod\OneDrive\Desktop\waifu_bot\.venv\Lib\site-packages\aiogram\dispatcher\router.py", line 153, in _wrapped
    return await self._propagate_event(
           ^^^^^^^^^^^^^^^^^^^^^^^^^^^^
    ...<4 lines>...
    )
    ^
  File "C:\Users\borod\OneDrive\Desktop\waifu_bot\.venv\Lib\site-packages\aiogram\dispatcher\router.py", line 189, in _propagate_event
    response = await router.propagate_event(update_type=update_type, event=event, **kwargs)
               ^^^^^^^^^^^^^^^^^^^^^^^^^^^^^^^^^^^^^^^^^^^^^^^^^^^^^^^^^^^^^^^^^^^^^^^^^^^^
  File "C:\Users\borod\OneDrive\Desktop\waifu_bot\.venv\Lib\site-packages\aiogram\dispatcher\router.py", line 161, in propagate_event
    return await observer.wrap_outer_middleware(_wrapped, event=event, data=kwargs)
           ^^^^^^^^^^^^^^^^^^^^^^^^^^^^^^^^^^^^^^^^^^^^^^^^^^^^^^^^^^^^^^^^^^^^^^^^
  File "C:\Users\borod\OneDrive\Desktop\waifu_bot\.venv\Lib\site-packages\aiogram\dispatcher\router.py", line 153, in _wrapped
    return await self._propagate_event(
           ^^^^^^^^^^^^^^^^^^^^^^^^^^^^
    ...<4 lines>...
    )
    ^
  File "C:\Users\borod\OneDrive\Desktop\waifu_bot\.venv\Lib\site-packages\aiogram\dispatcher\router.py", line 181, in _propagate_event
    response = await observer.trigger(event, **kwargs)
               ^^^^^^^^^^^^^^^^^^^^^^^^^^^^^^^^^^^^^^^
  File "C:\Users\borod\OneDrive\Desktop\waifu_bot\.venv\Lib\site-packages\aiogram\dispatcher\event\telegram.py", line 126, in trigger
    return await wrapped_inner(event, kwargs)
           ^^^^^^^^^^^^^^^^^^^^^^^^^^^^^^^^^^
  File "C:\Users\borod\OneDrive\Desktop\waifu_bot\.venv\Lib\site-packages\aiogram\dispatcher\event\handler.py", line 71, in call
    return await wrapped()
           ^^^^^^^^^^^^^^^
  File "C:\Users\borod\OneDrive\Desktop\waifu_bot\app\handlers\profile.py", line 144, in profile_view
    await call.answer()
  File "C:\Users\borod\OneDrive\Desktop\waifu_bot\.venv\Lib\site-packages\aiogram\methods\base.py", line 82, in emit
    return await bot(self)
           ^^^^^^^^^^^^^^^
  File "C:\Users\borod\OneDrive\Desktop\waifu_bot\.venv\Lib\site-packages\aiogram\client\bot.py", line 487, in __call__
    return await self.session(self, method, timeout=request_timeout)
           ^^^^^^^^^^^^^^^^^^^^^^^^^^^^^^^^^^^^^^^^^^^^^^^^^^^^^^^^^
  File "C:\Users\borod\OneDrive\Desktop\waifu_bot\.venv\Lib\site-packages\aiogram\client\session\base.py", line 259, in __call__
    return cast(TelegramType, await middleware(bot, method))
                              ^^^^^^^^^^^^^^^^^^^^^^^^^^^^^
  File "C:\Users\borod\OneDrive\Desktop\waifu_bot\.venv\Lib\site-packages\aiogram\client\session\aiohttp.py", line 177, in make_request
    response = self.check_response(
        bot=bot,
    ...<2 lines>...
        content=raw_result,
    )
  File "C:\Users\borod\OneDrive\Desktop\waifu_bot\.venv\Lib\site-packages\aiogram\client\session\base.py", line 121, in check_response
    raise TelegramBadRequest(method=method, message=description)
aiogram.exceptions.TelegramBadRequest: Telegram server says - Bad Request: query is too old and response timeout expired or query ID is invalid
2026-05-09 06:13:15,211 | INFO | aiogram.event | Update id=90781098 is handled. Duration 311 ms by bot id=8508853940
2026-05-09 06:13:59,237 | INFO | aiogram.event | Update id=90781099 is handled. Duration 152 ms by bot id=8508853940
2026-05-09 06:14:13,545 | INFO | aiogram.event | Update id=90781100 is handled. Duration 79 ms by bot id=8508853940
2026-05-09 06:20:16,827 | INFO | aiogram.event | Update id=90781101 is handled. Duration 132 ms by bot id=8508853940
2026-05-09 06:20:26,118 | INFO | aiogram.event | Update id=90781102 is handled. Duration 70 ms by bot id=8508853940
2026-05-09 06:20:28,454 | INFO | aiogram.event | Update id=90781103 is handled. Duration 770 ms by bot id=8508853940
2026-05-09 06:20:59,855 | INFO | aiogram.event | Update id=90781104 is handled. Duration 73 ms by bot id=8508853940
2026-05-09 06:21:01,877 | INFO | aiogram.event | Update id=90781105 is handled. Duration 803 ms by bot id=8508853940
2026-05-09 06:21:53,743 | INFO | aiogram.dispatcher | Polling stopped
2026-05-09 06:21:53,744 | ERROR | aiogram.dispatcher | Failed to fetch updates - TelegramNetworkError: HTTP Client says - ServerDisconnectedError: Server disconnected
2026-05-09 06:21:53,745 | WARNING | aiogram.dispatcher | Sleep for 1.000000 seconds and try again... (tryings = 0, bot id = 8508853940)
2026-05-09 06:21:54,000 | INFO | aiogram.dispatcher | Polling stopped for bot @WaifuHaremChatBot id=8508853940 - '𝑾𝒂𝒊𝒇𝒖 𝑯𝒂𝒓𝒆𝒎 𝑩𝒐𝒕'
2026-05-09 06:22:04,748 | INFO | __main__ | Bot is starting...
2026-05-09 06:22:05,380 | INFO | aiogram.dispatcher | Start polling
2026-05-09 06:22:05,420 | INFO | aiogram.dispatcher | Run polling for bot @WaifuHaremChatBot id=8508853940 - '𝑾𝒂𝒊𝒇𝒖 𝑯𝒂𝒓𝒆𝒎 𝑩𝒐𝒕'
2026-05-09 06:22:10,081 | INFO | aiogram.event | Update id=90781106 is handled. Duration 149 ms by bot id=8508853940
2026-05-09 06:22:14,341 | INFO | aiogram.event | Update id=90781107 is handled. Duration 97 ms by bot id=8508853940
2026-05-09 06:22:24,668 | INFO | aiogram.event | Update id=90781108 is handled. Duration 105 ms by bot id=8508853940
2026-05-09 06:22:26,115 | INFO | aiogram.event | Update id=90781109 is handled. Duration 363 ms by bot id=8508853940
2026-05-09 06:22:30,023 | INFO | aiogram.event | Update id=90781110 is handled. Duration 92 ms by bot id=8508853940
2026-05-09 06:22:30,906 | INFO | aiogram.event | Update id=90781111 is handled. Duration 104 ms by bot id=8508853940
2026-05-09 06:22:34,154 | INFO | aiogram.event | Update id=90781112 is handled. Duration 96 ms by bot id=8508853940
2026-05-09 06:22:35,005 | INFO | aiogram.event | Update id=90781113 is handled. Duration 105 ms by bot id=8508853940
2026-05-09 06:22:46,127 | INFO | aiogram.event | Update id=90781114 is handled. Duration 109 ms by bot id=8508853940
2026-05-09 06:22:47,059 | INFO | aiogram.event | Update id=90781115 is handled. Duration 96 ms by bot id=8508853940
2026-05-09 06:22:56,247 | INFO | aiogram.event | Update id=90781116 is handled. Duration 115 ms by bot id=8508853940
2026-05-09 06:22:56,971 | INFO | aiogram.event | Update id=90781117 is handled. Duration 113 ms by bot id=8508853940
2026-05-09 06:23:05,925 | INFO | aiogram.event | Update id=90781118 is handled. Duration 103 ms by bot id=8508853940
2026-05-09 06:23:07,363 | INFO | aiogram.event | Update id=90781119 is handled. Duration 99 ms by bot id=8508853940
2026-05-09 06:23:12,565 | INFO | aiogram.event | Update id=90781120 is handled. Duration 105 ms by bot id=8508853940
2026-05-09 06:23:18,785 | INFO | aiogram.event | Update id=90781121 is handled. Duration 92 ms by bot id=8508853940
2026-05-09 06:23:31,114 | INFO | aiogram.event | Update id=90781122 is handled. Duration 171 ms by bot id=8508853940
2026-05-09 06:23:38,861 | INFO | aiogram.event | Update id=90781123 is handled. Duration 85 ms by bot id=8508853940
2026-05-09 06:23:45,860 | INFO | aiogram.event | Update id=90781124 is handled. Duration 103 ms by bot id=8508853940
2026-05-09 06:23:56,137 | INFO | aiogram.event | Update id=90781125 is handled. Duration 72 ms by bot id=8508853940
2026-05-09 06:24:01,982 | INFO | aiogram.event | Update id=90781126 is handled. Duration 113 ms by bot id=8508853940
2026-05-09 06:24:03,674 | INFO | aiogram.event | Update id=90781127 is handled. Duration 140 ms by bot id=8508853940
2026-05-09 06:24:05,888 | INFO | aiogram.event | Update id=90781128 is handled. Duration 102 ms by bot id=8508853940
2026-05-09 06:24:06,849 | INFO | aiogram.event | Update id=90781129 is handled. Duration 131 ms by bot id=8508853940
2026-05-09 06:24:09,240 | INFO | aiogram.event | Update id=90781130 is handled. Duration 166 ms by bot id=8508853940
2026-05-09 06:24:22,826 | INFO | aiogram.event | Update id=90781131 is not handled. Duration 0 ms by bot id=8508853940
2026-05-09 06:24:48,471 | INFO | aiogram.event | Update id=90781132 is handled. Duration 97 ms by bot id=8508853940
2026-05-09 06:29:29,891 | INFO | aiogram.event | Update id=90781133 is handled. Duration 757 ms by bot id=8508853940
2026-05-09 06:29:32,492 | INFO | aiogram.event | Update id=90781134 is handled. Duration 191 ms by bot id=8508853940
2026-05-09 06:29:36,486 | INFO | aiogram.event | Update id=90781135 is handled. Duration 555 ms by bot id=8508853940
2026-05-09 06:29:45,015 | INFO | aiogram.event | Update id=90781136 is handled. Duration 164 ms by bot id=8508853940
2026-05-09 06:29:57,685 | INFO | aiogram.event | Update id=90781137 is handled. Duration 161 ms by bot id=8508853940
2026-05-09 06:34:13,836 | INFO | aiogram.event | Update id=90781138 is handled. Duration 0 ms by bot id=8508853940
2026-05-09 06:34:21,105 | INFO | aiogram.event | Update id=90781139 is handled. Duration 0 ms by bot id=8508853940
2026-05-09 06:34:35,069 | INFO | aiogram.dispatcher | Polling stopped
2026-05-09 06:34:35,070 | ERROR | aiogram.dispatcher | Failed to fetch updates - TelegramNetworkError: HTTP Client says - ServerDisconnectedError: Server disconnected
2026-05-09 06:34:35,071 | WARNING | aiogram.dispatcher | Sleep for 1.000000 seconds and try again... (tryings = 0, bot id = 8508853940)
2026-05-09 06:34:35,326 | INFO | aiogram.dispatcher | Polling stopped for bot @WaifuHaremChatBot id=8508853940 - '𝑾𝒂𝒊𝒇𝒖 𝑯𝒂𝒓𝒆𝒎 𝑩𝒐𝒕'
2026-05-09 06:34:46,378 | INFO | __main__ | Bot is starting...
2026-05-09 06:34:46,996 | INFO | aiogram.dispatcher | Start polling
2026-05-09 06:34:47,034 | INFO | aiogram.dispatcher | Run polling for bot @WaifuHaremChatBot id=8508853940 - '𝑾𝒂𝒊𝒇𝒖 𝑯𝒂𝒓𝒆𝒎 𝑩𝒐𝒕'
2026-05-09 06:34:50,469 | INFO | aiogram.event | Update id=90781140 is handled. Duration 749 ms by bot id=8508853940
2026-05-09 06:34:52,582 | INFO | aiogram.event | Update id=90781141 is handled. Duration 152 ms by bot id=8508853940
2026-05-09 06:34:59,989 | INFO | aiogram.event | Update id=90781142 is handled. Duration 147 ms by bot id=8508853940
2026-05-09 06:35:04,532 | INFO | aiogram.event | Update id=90781143 is handled. Duration 705 ms by bot id=8508853940
2026-05-09 06:36:51,508 | INFO | aiogram.event | Update id=90781144 is not handled. Duration 0 ms by bot id=8508853940
2026-05-09 06:37:03,373 | INFO | aiogram.event | Update id=90781145 is handled. Duration 3 ms by bot id=8508853940
2026-05-09 06:41:02,791 | INFO | aiogram.event | Update id=90781146 is not handled. Duration 0 ms by bot id=8508853940
2026-05-09 06:41:07,774 | INFO | aiogram.event | Update id=90781147 is not handled. Duration 0 ms by bot id=8508853940
2026-05-09 06:41:11,635 | INFO | aiogram.event | Update id=90781148 is not handled. Duration 0 ms by bot id=8508853940
2026-05-09 06:41:16,203 | INFO | aiogram.event | Update id=90781149 is not handled. Duration 0 ms by bot id=8508853940
2026-05-09 06:46:47,936 | INFO | aiogram.event | Update id=90781150 is handled. Duration 654 ms by bot id=8508853940
2026-05-09 07:00:18,295 | INFO | aiogram.dispatcher | Polling stopped
2026-05-09 07:00:18,296 | ERROR | aiogram.dispatcher | Failed to fetch updates - TelegramNetworkError: HTTP Client says - ServerDisconnectedError: Server disconnected
2026-05-09 07:00:18,296 | WARNING | aiogram.dispatcher | Sleep for 1.000000 seconds and try again... (tryings = 0, bot id = 8508853940)
2026-05-09 07:00:18,547 | INFO | aiogram.dispatcher | Polling stopped for bot @WaifuHaremChatBot id=8508853940 - '𝑾𝒂𝒊𝒇𝒖 𝑯𝒂𝒓𝒆𝒎 𝑩𝒐𝒕'
2026-05-09 07:00:30,195 | INFO | __main__ | Bot is starting...
2026-05-09 07:00:30,196 | INFO | app.services.runtime_lock | Runtime lock acquired: runtime\waifu_bot.lock
2026-05-09 07:00:30,808 | INFO | aiogram.dispatcher | Start polling
2026-05-09 07:00:30,843 | INFO | aiogram.dispatcher | Run polling for bot @WaifuHaremChatBot id=8508853940 - '𝑾𝒂𝒊𝒇𝒖 𝑯𝒂𝒓𝒆𝒎 𝑩𝒐𝒕'
